run,dataset,subject,model,uncertainty_score,coverage,target_coverage,score_cutoff,risk,accuracy,n_covered
smoke_deep_one_subject,BCI_IV_2a,1,v1_lda,max-prob,0.0520833333333333,0.05,0.8011724597865343,0.0,1.0,15
smoke_deep_one_subject,BCI_IV_2a,1,v1_lda,max-prob,0.1006944444444444,0.1,0.7577859510391143,0.0,1.0,29
smoke_deep_one_subject,BCI_IV_2a,1,v1_lda,max-prob,0.1527777777777778,0.15,0.7218746090136045,0.0,1.0,44
smoke_deep_one_subject,BCI_IV_2a,1,v1_lda,max-prob,0.2013888888888889,0.2,0.68719209929393,0.0172413793103448,0.9827586206896552,58
smoke_deep_one_subject,BCI_IV_2a,1,v1_lda,max-prob,0.25,0.25,0.6715117615777694,0.0416666666666666,0.9583333333333334,72
smoke_deep_one_subject,BCI_IV_2a,1,v1_lda,max-prob,0.3020833333333333,0.3,0.6543861531513149,0.0574712643678161,0.942528735632184,87
smoke_deep_one_subject,BCI_IV_2a,1,v1_lda,max-prob,0.3506944444444444,0.35,0.6289424649568864,0.0990099009900989,0.900990099009901,101
smoke_deep_one_subject,BCI_IV_2a,1,v1_lda,max-prob,0.4027777777777778,0.4,0.61150547949061,0.1379310344827586,0.8620689655172413,116
smoke_deep_one_subject,BCI_IV_2a,1,v1_lda,max-prob,0.4513888888888889,0.45,0.5957536190226939,0.1384615384615384,0.8615384615384616,130
smoke_deep_one_subject,BCI_IV_2a,1,v1_lda,max-prob,0.5,0.5,0.5674643954473968,0.1319444444444444,0.8680555555555556,144
smoke_deep_one_subject,BCI_IV_2a,1,v1_lda,max-prob,0.5520833333333334,0.55,0.5497576881767513,0.150943396226415,0.8490566037735849,159
smoke_deep_one_subject,BCI_IV_2a,1,v1_lda,max-prob,0.6006944444444444,0.6,0.5210926279241729,0.1560693641618497,0.8439306358381503,173
smoke_deep_one_subject,BCI_IV_2a,1,v1_lda,max-prob,0.6527777777777778,0.65,0.5034827527421201,0.1595744680851063,0.8404255319148937,188
smoke_deep_one_subject,BCI_IV_2a,1,v1_lda,max-prob,0.7013888888888888,0.7,0.4956762817970426,0.1732673267326733,0.8267326732673267,202
smoke_deep_one_subject,BCI_IV_2a,1,v1_lda,max-prob,0.75,0.75,0.4800086748936489,0.1805555555555555,0.8194444444444444,216
smoke_deep_one_subject,BCI_IV_2a,1,v1_lda,max-prob,0.8020833333333334,0.8,0.4632013624175634,0.1991341991341991,0.8008658008658008,231
smoke_deep_one_subject,BCI_IV_2a,1,v1_lda,max-prob,0.8506944444444444,0.85,0.4403406567312391,0.2204081632653061,0.7795918367346939,245
smoke_deep_one_subject,BCI_IV_2a,1,v1_lda,max-prob,0.9027777777777778,0.9,0.4160886334776907,0.2307692307692307,0.7692307692307693,260
smoke_deep_one_subject,BCI_IV_2a,1,v1_lda,max-prob,0.9513888888888888,0.95,0.3721090206577064,0.2445255474452554,0.7554744525547445,274
smoke_deep_one_subject,BCI_IV_2a,1,v1_lda,max-prob,1.0,1.0,0.2828625716985778,0.2743055555555556,0.7256944444444444,288
smoke_deep_one_subject,BCI_IV_2a,1,eegnet_uncalibrated,max-prob,0.0520833333333333,0.05,0.9223320160716212,0.3333333333333333,0.6666666666666666,15
smoke_deep_one_subject,BCI_IV_2a,1,eegnet_uncalibrated,max-prob,0.1006944444444444,0.1,0.8894110218105379,0.3793103448275862,0.6206896551724138,29
smoke_deep_one_subject,BCI_IV_2a,1,eegnet_uncalibrated,max-prob,0.1527777777777778,0.15,0.8179077607853987,0.3409090909090909,0.6590909090909091,44
smoke_deep_one_subject,BCI_IV_2a,1,eegnet_uncalibrated,max-prob,0.2013888888888889,0.2,0.7823892368416926,0.3275862068965517,0.6724137931034483,58
smoke_deep_one_subject,BCI_IV_2a,1,eegnet_uncalibrated,max-prob,0.25,0.25,0.66341733770827,0.3472222222222222,0.6527777777777778,72
smoke_deep_one_subject,BCI_IV_2a,1,eegnet_uncalibrated,max-prob,0.3020833333333333,0.3,0.6340484952584831,0.3448275862068966,0.6551724137931034,87
smoke_deep_one_subject,BCI_IV_2a,1,eegnet_uncalibrated,max-prob,0.3506944444444444,0.35,0.6057330538943232,0.3465346534653465,0.6534653465346535,101
smoke_deep_one_subject,BCI_IV_2a,1,eegnet_uncalibrated,max-prob,0.4027777777777778,0.4,0.5843652956428623,0.396551724137931,0.603448275862069,116
smoke_deep_one_subject,BCI_IV_2a,1,eegnet_uncalibrated,max-prob,0.4513888888888889,0.45,0.568428969361178,0.4076923076923077,0.5923076923076923,130
smoke_deep_one_subject,BCI_IV_2a,1,eegnet_uncalibrated,max-prob,0.5,0.5,0.5551804139642904,0.4305555555555556,0.5694444444444444,144
smoke_deep_one_subject,BCI_IV_2a,1,eegnet_uncalibrated,max-prob,0.5520833333333334,0.55,0.5426858282271743,0.4276729559748428,0.5723270440251572,159
smoke_deep_one_subject,BCI_IV_2a,1,eegnet_uncalibrated,max-prob,0.6006944444444444,0.6,0.5297987394575304,0.4277456647398844,0.5722543352601156,173
smoke_deep_one_subject,BCI_IV_2a,1,eegnet_uncalibrated,max-prob,0.6527777777777778,0.65,0.5183131526419924,0.4361702127659574,0.5638297872340425,188
smoke_deep_one_subject,BCI_IV_2a,1,eegnet_uncalibrated,max-prob,0.7013888888888888,0.7,0.5070849477323905,0.4306930693069307,0.5693069306930693,202
smoke_deep_one_subject,BCI_IV_2a,1,eegnet_uncalibrated,max-prob,0.75,0.75,0.4990835420269503,0.4259259259259259,0.5740740740740741,216
smoke_deep_one_subject,BCI_IV_2a,1,eegnet_uncalibrated,max-prob,0.8020833333333334,0.8,0.4930494873975336,0.4285714285714286,0.5714285714285714,231
smoke_deep_one_subject,BCI_IV_2a,1,eegnet_uncalibrated,max-prob,0.8506944444444444,0.85,0.4788993838359103,0.436734693877551,0.563265306122449,245
smoke_deep_one_subject,BCI_IV_2a,1,eegnet_uncalibrated,max-prob,0.9027777777777778,0.9,0.4314480545575787,0.4499999999999999,0.55,260
smoke_deep_one_subject,BCI_IV_2a,1,eegnet_uncalibrated,max-prob,0.9513888888888888,0.95,0.3995203821496581,0.4562043795620438,0.5437956204379562,274
smoke_deep_one_subject,BCI_IV_2a,1,eegnet_uncalibrated,max-prob,1.0,1.0,0.2856480055620435,0.4583333333333333,0.5416666666666666,288
smoke_deep_one_subject,BCI_IV_2a,1,eegnet_calibrated,max-prob,0.0520833333333333,0.05,0.927382562884416,0.3333333333333333,0.6666666666666666,15
smoke_deep_one_subject,BCI_IV_2a,1,eegnet_calibrated,max-prob,0.1006944444444444,0.1,0.8955928544680603,0.3793103448275862,0.6206896551724138,29
smoke_deep_one_subject,BCI_IV_2a,1,eegnet_calibrated,max-prob,0.1527777777777778,0.15,0.8244750007660133,0.3409090909090909,0.6590909090909091,44
smoke_deep_one_subject,BCI_IV_2a,1,eegnet_calibrated,max-prob,0.2013888888888889,0.2,0.7904894522682763,0.3448275862068966,0.6551724137931034,58
smoke_deep_one_subject,BCI_IV_2a,1,eegnet_calibrated,max-prob,0.25,0.25,0.6734002639979579,0.3472222222222222,0.6527777777777778,72
smoke_deep_one_subject,BCI_IV_2a,1,eegnet_calibrated,max-prob,0.3020833333333333,0.3,0.6408842470094877,0.3448275862068966,0.6551724137931034,87
smoke_deep_one_subject,BCI_IV_2a,1,eegnet_calibrated,max-prob,0.3506944444444444,0.35,0.6121202750298613,0.3564356435643564,0.6435643564356436,101
smoke_deep_one_subject,BCI_IV_2a,1,eegnet_calibrated,max-prob,0.4027777777777778,0.4,0.58959042641054,0.3879310344827587,0.6120689655172413,116
smoke_deep_one_subject,BCI_IV_2a,1,eegnet_calibrated,max-prob,0.4513888888888889,0.45,0.5742997051047612,0.4076923076923077,0.5923076923076923,130
smoke_deep_one_subject,BCI_IV_2a,1,eegnet_calibrated,max-prob,0.5,0.5,0.5591903487092942,0.4305555555555556,0.5694444444444444,144
smoke_deep_one_subject,BCI_IV_2a,1,eegnet_calibrated,max-prob,0.5520833333333334,0.55,0.5463506504367739,0.4339622641509434,0.5660377358490566,159
smoke_deep_one_subject,BCI_IV_2a,1,eegnet_calibrated,max-prob,0.6006944444444444,0.6,0.5344408807776432,0.4277456647398844,0.5722543352601156,173
smoke_deep_one_subject,BCI_IV_2a,1,eegnet_calibrated,max-prob,0.6527777777777778,0.65,0.52210337069397,0.4361702127659574,0.5638297872340425,188
smoke_deep_one_subject,BCI_IV_2a,1,eegnet_calibrated,max-prob,0.7013888888888888,0.7,0.510157824864917,0.4306930693069307,0.5693069306930693,202
smoke_deep_one_subject,BCI_IV_2a,1,eegnet_calibrated,max-prob,0.75,0.75,0.502959664238158,0.4305555555555556,0.5694444444444444,216
smoke_deep_one_subject,BCI_IV_2a,1,eegnet_calibrated,max-prob,0.8020833333333334,0.8,0.4965081856619711,0.4242424242424242,0.5757575757575758,231
smoke_deep_one_subject,BCI_IV_2a,1,eegnet_calibrated,max-prob,0.8506944444444444,0.85,0.4806758659619647,0.436734693877551,0.563265306122449,245
smoke_deep_one_subject,BCI_IV_2a,1,eegnet_calibrated,max-prob,0.9027777777777778,0.9,0.4369241509945945,0.4499999999999999,0.55,260
smoke_deep_one_subject,BCI_IV_2a,1,eegnet_calibrated,max-prob,0.9513888888888888,0.95,0.4037030208632702,0.4562043795620438,0.5437956204379562,274
smoke_deep_one_subject,BCI_IV_2a,1,eegnet_calibrated,max-prob,1.0,1.0,0.286641784282706,0.4583333333333333,0.5416666666666666,288
smoke_deep_one_subject,BCI_IV_2a,1,spatial_uncalibrated,max-prob,0.0520833333333333,0.05,0.978438223573206,0.0666666666666666,0.9333333333333332,15
smoke_deep_one_subject,BCI_IV_2a,1,spatial_uncalibrated,max-prob,0.1006944444444444,0.1,0.9558545947361488,0.0689655172413793,0.9310344827586208,29
smoke_deep_one_subject,BCI_IV_2a,1,spatial_uncalibrated,max-prob,0.1527777777777778,0.15,0.9229095809810928,0.0909090909090909,0.9090909090909092,44
smoke_deep_one_subject,BCI_IV_2a,1,spatial_uncalibrated,max-prob,0.2013888888888889,0.2,0.9004490482029812,0.086206896551724,0.913793103448276,58
smoke_deep_one_subject,BCI_IV_2a,1,spatial_uncalibrated,max-prob,0.25,0.25,0.8871571031035518,0.1111111111111111,0.8888888888888888,72
smoke_deep_one_subject,BCI_IV_2a,1,spatial_uncalibrated,max-prob,0.3020833333333333,0.3,0.8602614460906702,0.0919540229885057,0.9080459770114944,87
smoke_deep_one_subject,BCI_IV_2a,1,spatial_uncalibrated,max-prob,0.3506944444444444,0.35,0.8353369432895816,0.0990099009900989,0.900990099009901,101
smoke_deep_one_subject,BCI_IV_2a,1,spatial_uncalibrated,max-prob,0.4027777777777778,0.4,0.8090886910497767,0.1034482758620689,0.896551724137931,116
smoke_deep_one_subject,BCI_IV_2a,1,spatial_uncalibrated,max-prob,0.4513888888888889,0.45,0.789496333296322,0.0923076923076923,0.9076923076923076,130
smoke_deep_one_subject,BCI_IV_2a,1,spatial_uncalibrated,max-prob,0.5,0.5,0.7736825311067715,0.1041666666666666,0.8958333333333334,144
smoke_deep_one_subject,BCI_IV_2a,1,spatial_uncalibrated,max-prob,0.5520833333333334,0.55,0.7361951288793652,0.1069182389937106,0.8930817610062893,159
smoke_deep_one_subject,BCI_IV_2a,1,spatial_uncalibrated,max-prob,0.6006944444444444,0.6,0.7098645160321977,0.1329479768786127,0.8670520231213873,173
smoke_deep_one_subject,BCI_IV_2a,1,spatial_uncalibrated,max-prob,0.6527777777777778,0.65,0.681482389369338,0.1329787234042553,0.8670212765957447,188
smoke_deep_one_subject,BCI_IV_2a,1,spatial_uncalibrated,max-prob,0.7013888888888888,0.7,0.6602926588351051,0.1435643564356435,0.8564356435643564,202
smoke_deep_one_subject,BCI_IV_2a,1,spatial_uncalibrated,max-prob,0.75,0.75,0.6292683106193154,0.1527777777777778,0.8472222222222222,216
smoke_deep_one_subject,BCI_IV_2a,1,spatial_uncalibrated,max-prob,0.8020833333333334,0.8,0.5862088735874477,0.1645021645021644,0.8354978354978355,231
smoke_deep_one_subject,BCI_IV_2a,1,spatial_uncalibrated,max-prob,0.8506944444444444,0.85,0.5674340225361273,0.1795918367346939,0.8204081632653061,245
smoke_deep_one_subject,BCI_IV_2a,1,spatial_uncalibrated,max-prob,0.9027777777777778,0.9,0.5374663433487051,0.1923076923076923,0.8076923076923077,260
smoke_deep_one_subject,BCI_IV_2a,1,spatial_uncalibrated,max-prob,0.9513888888888888,0.95,0.5070850940112531,0.2153284671532846,0.7846715328467153,274
smoke_deep_one_subject,BCI_IV_2a,1,spatial_uncalibrated,max-prob,1.0,1.0,0.3727943944563171,0.2222222222222222,0.7777777777777778,288
smoke_deep_one_subject,BCI_IV_2a,1,spatial_calibrated,max-prob,0.0520833333333333,0.05,0.991154622634547,0.0666666666666666,0.9333333333333332,15
smoke_deep_one_subject,BCI_IV_2a,1,spatial_calibrated,max-prob,0.1006944444444444,0.1,0.9812234531944348,0.0689655172413793,0.9310344827586208,29
smoke_deep_one_subject,BCI_IV_2a,1,spatial_calibrated,max-prob,0.1527777777777778,0.15,0.9591956416353236,0.0909090909090909,0.9090909090909092,44
smoke_deep_one_subject,BCI_IV_2a,1,spatial_calibrated,max-prob,0.2013888888888889,0.2,0.9446228725488722,0.1034482758620689,0.896551724137931,58
smoke_deep_one_subject,BCI_IV_2a,1,spatial_calibrated,max-prob,0.25,0.25,0.93097334961075,0.1111111111111111,0.8888888888888888,72
smoke_deep_one_subject,BCI_IV_2a,1,spatial_calibrated,max-prob,0.3020833333333333,0.3,0.915028768638774,0.0919540229885057,0.9080459770114944,87
smoke_deep_one_subject,BCI_IV_2a,1,spatial_calibrated,max-prob,0.3506944444444444,0.35,0.8898942452818918,0.0990099009900989,0.900990099009901,101
smoke_deep_one_subject,BCI_IV_2a,1,spatial_calibrated,max-prob,0.4027777777777778,0.4,0.8703573785774744,0.1034482758620689,0.896551724137931,116
smoke_deep_one_subject,BCI_IV_2a,1,spatial_calibrated,max-prob,0.4513888888888889,0.45,0.8530193883803464,0.0923076923076923,0.9076923076923076,130
smoke_deep_one_subject,BCI_IV_2a,1,spatial_calibrated,max-prob,0.5,0.5,0.8291851237497425,0.0972222222222222,0.9027777777777778,144
smoke_deep_one_subject,BCI_IV_2a,1,spatial_calibrated,max-prob,0.5520833333333334,0.55,0.7912689386314397,0.1194968553459119,0.8805031446540881,159
smoke_deep_one_subject,BCI_IV_2a,1,spatial_calibrated,max-prob,0.6006944444444444,0.6,0.758220598313273,0.1271676300578035,0.8728323699421965,173
smoke_deep_one_subject,BCI_IV_2a,1,spatial_calibrated,max-prob,0.6527777777777778,0.65,0.7341627541370169,0.1329787234042553,0.8670212765957447,188
smoke_deep_one_subject,BCI_IV_2a,1,spatial_calibrated,max-prob,0.7013888888888888,0.7,0.7081585312825613,0.1485148514851485,0.8514851485148515,202
smoke_deep_one_subject,BCI_IV_2a,1,spatial_calibrated,max-prob,0.75,0.75,0.6613205727576418,0.1527777777777778,0.8472222222222222,216
smoke_deep_one_subject,BCI_IV_2a,1,spatial_calibrated,max-prob,0.8020833333333334,0.8,0.6318818594038426,0.1688311688311687,0.8311688311688312,231
smoke_deep_one_subject,BCI_IV_2a,1,spatial_calibrated,max-prob,0.8506944444444444,0.85,0.5919928814996813,0.1755102040816326,0.8244897959183674,245
smoke_deep_one_subject,BCI_IV_2a,1,spatial_calibrated,max-prob,0.9027777777777778,0.9,0.5557065535121704,0.1884615384615384,0.8115384615384615,260
smoke_deep_one_subject,BCI_IV_2a,1,spatial_calibrated,max-prob,0.9513888888888888,0.95,0.5183677077158377,0.2116788321167882,0.7883211678832117,274
smoke_deep_one_subject,BCI_IV_2a,1,spatial_calibrated,max-prob,1.0,1.0,0.3871845815952835,0.2222222222222222,0.7777777777777778,288
smoke_deep_one_subject,BCI_IV_2a,1,deep_ensemble_validation_weighted,max-prob,0.0520833333333333,0.05,0.9804898890812964,0.1333333333333333,0.8666666666666667,15
smoke_deep_one_subject,BCI_IV_2a,1,deep_ensemble_validation_weighted,max-prob,0.1006944444444444,0.1,0.9427796338728958,0.1724137931034483,0.8275862068965517,29
smoke_deep_one_subject,BCI_IV_2a,1,deep_ensemble_validation_weighted,max-prob,0.1527777777777778,0.15,0.884750602057349,0.159090909090909,0.8409090909090909,44
smoke_deep_one_subject,BCI_IV_2a,1,deep_ensemble_validation_weighted,max-prob,0.2013888888888889,0.2,0.8583464705077913,0.1379310344827586,0.8620689655172413,58
smoke_deep_one_subject,BCI_IV_2a,1,deep_ensemble_validation_weighted,max-prob,0.25,0.25,0.8381211784668003,0.1388888888888888,0.8611111111111112,72
smoke_deep_one_subject,BCI_IV_2a,1,deep_ensemble_validation_weighted,max-prob,0.3020833333333333,0.3,0.8142242342338818,0.1379310344827586,0.8620689655172413,87
smoke_deep_one_subject,BCI_IV_2a,1,deep_ensemble_validation_weighted,max-prob,0.3506944444444444,0.35,0.7955049338042117,0.1584158415841584,0.8415841584158416,101
smoke_deep_one_subject,BCI_IV_2a,1,deep_ensemble_validation_weighted,max-prob,0.4027777777777778,0.4,0.7702791114943718,0.1551724137931034,0.8448275862068966,116
smoke_deep_one_subject,BCI_IV_2a,1,deep_ensemble_validation_weighted,max-prob,0.4513888888888889,0.45,0.7594053387583399,0.1461538461538462,0.8538461538461538,130
smoke_deep_one_subject,BCI_IV_2a,1,deep_ensemble_validation_weighted,max-prob,0.5,0.5,0.7465154467369332,0.1527777777777778,0.8472222222222222,144
smoke_deep_one_subject,BCI_IV_2a,1,deep_ensemble_validation_weighted,max-prob,0.5520833333333334,0.55,0.7189482364724294,0.150943396226415,0.8490566037735849,159
smoke_deep_one_subject,BCI_IV_2a,1,deep_ensemble_validation_weighted,max-prob,0.6006944444444444,0.6,0.7001366009919897,0.1676300578034681,0.8323699421965318,173
smoke_deep_one_subject,BCI_IV_2a,1,deep_ensemble_validation_weighted,max-prob,0.6527777777777778,0.65,0.6824323390857331,0.1595744680851063,0.8404255319148937,188
smoke_deep_one_subject,BCI_IV_2a,1,deep_ensemble_validation_weighted,max-prob,0.7013888888888888,0.7,0.6561629406057399,0.1732673267326733,0.8267326732673267,202
smoke_deep_one_subject,BCI_IV_2a,1,deep_ensemble_validation_weighted,max-prob,0.75,0.75,0.6245436551560027,0.1759259259259259,0.8240740740740741,216
smoke_deep_one_subject,BCI_IV_2a,1,deep_ensemble_validation_weighted,max-prob,0.8020833333333334,0.8,0.594200306097331,0.1818181818181817,0.8181818181818182,231
smoke_deep_one_subject,BCI_IV_2a,1,deep_ensemble_validation_weighted,max-prob,0.8506944444444444,0.85,0.5775163142818608,0.2040816326530612,0.7959183673469388,245
smoke_deep_one_subject,BCI_IV_2a,1,deep_ensemble_validation_weighted,max-prob,0.9027777777777778,0.9,0.5455545034975791,0.2153846153846154,0.7846153846153846,260
smoke_deep_one_subject,BCI_IV_2a,1,deep_ensemble_validation_weighted,max-prob,0.9513888888888888,0.95,0.5034085198032143,0.2408759124087591,0.7591240875912408,274
smoke_deep_one_subject,BCI_IV_2a,1,deep_ensemble_validation_weighted,max-prob,1.0,1.0,0.3593818273522562,0.2534722222222222,0.7465277777777778,288
headline_bci_iv_2a/classical_lda,BCI_IV_2a,1,v1_lda,max-prob,0.0520833333333333,0.05,0.8011724597865343,0.0,1.0,15
headline_bci_iv_2a/classical_lda,BCI_IV_2a,1,v1_lda,max-prob,0.1006944444444444,0.1,0.7577859510391143,0.0,1.0,29
headline_bci_iv_2a/classical_lda,BCI_IV_2a,1,v1_lda,max-prob,0.1527777777777778,0.15,0.7218746090136045,0.0,1.0,44
headline_bci_iv_2a/classical_lda,BCI_IV_2a,1,v1_lda,max-prob,0.2013888888888889,0.2,0.68719209929393,0.0172413793103448,0.9827586206896552,58
headline_bci_iv_2a/classical_lda,BCI_IV_2a,1,v1_lda,max-prob,0.25,0.25,0.6715117615777694,0.0416666666666666,0.9583333333333334,72
headline_bci_iv_2a/classical_lda,BCI_IV_2a,1,v1_lda,max-prob,0.3020833333333333,0.3,0.6543861531513149,0.0574712643678161,0.942528735632184,87
headline_bci_iv_2a/classical_lda,BCI_IV_2a,1,v1_lda,max-prob,0.3506944444444444,0.35,0.6289424649568864,0.0990099009900989,0.900990099009901,101
headline_bci_iv_2a/classical_lda,BCI_IV_2a,1,v1_lda,max-prob,0.4027777777777778,0.4,0.61150547949061,0.1379310344827586,0.8620689655172413,116
headline_bci_iv_2a/classical_lda,BCI_IV_2a,1,v1_lda,max-prob,0.4513888888888889,0.45,0.5957536190226939,0.1384615384615384,0.8615384615384616,130
headline_bci_iv_2a/classical_lda,BCI_IV_2a,1,v1_lda,max-prob,0.5,0.5,0.5674643954473968,0.1319444444444444,0.8680555555555556,144
headline_bci_iv_2a/classical_lda,BCI_IV_2a,1,v1_lda,max-prob,0.5520833333333334,0.55,0.5497576881767513,0.150943396226415,0.8490566037735849,159
headline_bci_iv_2a/classical_lda,BCI_IV_2a,1,v1_lda,max-prob,0.6006944444444444,0.6,0.5210926279241729,0.1560693641618497,0.8439306358381503,173
headline_bci_iv_2a/classical_lda,BCI_IV_2a,1,v1_lda,max-prob,0.6527777777777778,0.65,0.5034827527421201,0.1595744680851063,0.8404255319148937,188
headline_bci_iv_2a/classical_lda,BCI_IV_2a,1,v1_lda,max-prob,0.7013888888888888,0.7,0.4956762817970426,0.1732673267326733,0.8267326732673267,202
headline_bci_iv_2a/classical_lda,BCI_IV_2a,1,v1_lda,max-prob,0.75,0.75,0.4800086748936489,0.1805555555555555,0.8194444444444444,216
headline_bci_iv_2a/classical_lda,BCI_IV_2a,1,v1_lda,max-prob,0.8020833333333334,0.8,0.4632013624175634,0.1991341991341991,0.8008658008658008,231
headline_bci_iv_2a/classical_lda,BCI_IV_2a,1,v1_lda,max-prob,0.8506944444444444,0.85,0.4403406567312391,0.2204081632653061,0.7795918367346939,245
headline_bci_iv_2a/classical_lda,BCI_IV_2a,1,v1_lda,max-prob,0.9027777777777778,0.9,0.4160886334776907,0.2307692307692307,0.7692307692307693,260
headline_bci_iv_2a/classical_lda,BCI_IV_2a,1,v1_lda,max-prob,0.9513888888888888,0.95,0.3721090206577064,0.2445255474452554,0.7554744525547445,274
headline_bci_iv_2a/classical_lda,BCI_IV_2a,1,v1_lda,max-prob,1.0,1.0,0.2828625716985778,0.2743055555555556,0.7256944444444444,288
headline_bci_iv_2a/classical_lda,BCI_IV_2a,2,v1_lda,max-prob,0.0520833333333333,0.05,0.5979482080318134,0.1333333333333333,0.8666666666666667,15
headline_bci_iv_2a/classical_lda,BCI_IV_2a,2,v1_lda,max-prob,0.1006944444444444,0.1,0.587565428113125,0.3103448275862068,0.6896551724137931,29
headline_bci_iv_2a/classical_lda,BCI_IV_2a,2,v1_lda,max-prob,0.1527777777777778,0.15,0.5809307383012791,0.4545454545454546,0.5454545454545454,44
headline_bci_iv_2a/classical_lda,BCI_IV_2a,2,v1_lda,max-prob,0.2013888888888889,0.2,0.5758916475346149,0.396551724137931,0.603448275862069,58
headline_bci_iv_2a/classical_lda,BCI_IV_2a,2,v1_lda,max-prob,0.25,0.25,0.5726259686170114,0.4444444444444444,0.5555555555555556,72
headline_bci_iv_2a/classical_lda,BCI_IV_2a,2,v1_lda,max-prob,0.3020833333333333,0.3,0.5658169304068137,0.4712643678160919,0.5287356321839081,87
headline_bci_iv_2a/classical_lda,BCI_IV_2a,2,v1_lda,max-prob,0.3506944444444444,0.35,0.5617330336931697,0.4851485148514851,0.5148514851485149,101
headline_bci_iv_2a/classical_lda,BCI_IV_2a,2,v1_lda,max-prob,0.4027777777777778,0.4,0.5561982782373482,0.5258620689655172,0.4741379310344827,116
headline_bci_iv_2a/classical_lda,BCI_IV_2a,2,v1_lda,max-prob,0.4513888888888889,0.45,0.55360477298683,0.5692307692307692,0.4307692307692308,130
headline_bci_iv_2a/classical_lda,BCI_IV_2a,2,v1_lda,max-prob,0.5,0.5,0.5494440718300048,0.5972222222222222,0.4027777777777778,144
headline_bci_iv_2a/classical_lda,BCI_IV_2a,2,v1_lda,max-prob,0.5520833333333334,0.55,0.5435488789731925,0.6352201257861636,0.3647798742138364,159
headline_bci_iv_2a/classical_lda,BCI_IV_2a,2,v1_lda,max-prob,0.6006944444444444,0.6,0.5382465206701723,0.653179190751445,0.3468208092485549,173
headline_bci_iv_2a/classical_lda,BCI_IV_2a,2,v1_lda,max-prob,0.6527777777777778,0.65,0.5333816213347449,0.6542553191489362,0.3457446808510638,188
headline_bci_iv_2a/classical_lda,BCI_IV_2a,2,v1_lda,max-prob,0.7013888888888888,0.7,0.5286157017606745,0.6633663366336633,0.3366336633663366,202
headline_bci_iv_2a/classical_lda,BCI_IV_2a,2,v1_lda,max-prob,0.75,0.75,0.5219079904760436,0.6805555555555556,0.3194444444444444,216
headline_bci_iv_2a/classical_lda,BCI_IV_2a,2,v1_lda,max-prob,0.8020833333333334,0.8,0.5135028504637553,0.6926406926406927,0.3073593073593073,231
headline_bci_iv_2a/classical_lda,BCI_IV_2a,2,v1_lda,max-prob,0.8506944444444444,0.85,0.506241465661684,0.7102040816326531,0.2897959183673469,245
headline_bci_iv_2a/classical_lda,BCI_IV_2a,2,v1_lda,max-prob,0.9027777777777778,0.9,0.4943984629338713,0.7230769230769231,0.2769230769230769,260
headline_bci_iv_2a/classical_lda,BCI_IV_2a,2,v1_lda,max-prob,0.9513888888888888,0.95,0.4815800554057117,0.7372262773722628,0.2627737226277372,274
headline_bci_iv_2a/classical_lda,BCI_IV_2a,2,v1_lda,max-prob,1.0,1.0,0.4464539092550613,0.75,0.25,288
headline_bci_iv_2a/classical_lda,BCI_IV_2a,3,v1_lda,max-prob,0.0520833333333333,0.05,0.8256026273583176,0.0,1.0,15
headline_bci_iv_2a/classical_lda,BCI_IV_2a,3,v1_lda,max-prob,0.1006944444444444,0.1,0.7849570220754803,0.0,1.0,29
headline_bci_iv_2a/classical_lda,BCI_IV_2a,3,v1_lda,max-prob,0.1527777777777778,0.15,0.766205829081951,0.0227272727272727,0.9772727272727272,44
headline_bci_iv_2a/classical_lda,BCI_IV_2a,3,v1_lda,max-prob,0.2013888888888889,0.2,0.7441401981851041,0.0172413793103448,0.9827586206896552,58
headline_bci_iv_2a/classical_lda,BCI_IV_2a,3,v1_lda,max-prob,0.25,0.25,0.7166663997698088,0.0277777777777777,0.9722222222222222,72
headline_bci_iv_2a/classical_lda,BCI_IV_2a,3,v1_lda,max-prob,0.3020833333333333,0.3,0.685512562415306,0.0344827586206896,0.9655172413793104,87
headline_bci_iv_2a/classical_lda,BCI_IV_2a,3,v1_lda,max-prob,0.3506944444444444,0.35,0.6713519583180786,0.0495049504950495,0.9504950495049505,101
headline_bci_iv_2a/classical_lda,BCI_IV_2a,3,v1_lda,max-prob,0.4027777777777778,0.4,0.6537994318953156,0.0517241379310344,0.9482758620689656,116
headline_bci_iv_2a/classical_lda,BCI_IV_2a,3,v1_lda,max-prob,0.4513888888888889,0.45,0.6296685761741602,0.0769230769230768,0.9230769230769232,130
headline_bci_iv_2a/classical_lda,BCI_IV_2a,3,v1_lda,max-prob,0.5,0.5,0.6055594082275817,0.0833333333333333,0.9166666666666666,144
headline_bci_iv_2a/classical_lda,BCI_IV_2a,3,v1_lda,max-prob,0.5520833333333334,0.55,0.5791486111818481,0.0943396226415094,0.9056603773584906,159
headline_bci_iv_2a/classical_lda,BCI_IV_2a,3,v1_lda,max-prob,0.6006944444444444,0.6,0.5615467936432907,0.1098265895953757,0.8901734104046243,173
headline_bci_iv_2a/classical_lda,BCI_IV_2a,3,v1_lda,max-prob,0.6527777777777778,0.65,0.5380721951426608,0.127659574468085,0.8723404255319149,188
headline_bci_iv_2a/classical_lda,BCI_IV_2a,3,v1_lda,max-prob,0.7013888888888888,0.7,0.5191889329352708,0.1584158415841584,0.8415841584158416,202
headline_bci_iv_2a/classical_lda,BCI_IV_2a,3,v1_lda,max-prob,0.75,0.75,0.4984352933504986,0.1712962962962962,0.8287037037037037,216
headline_bci_iv_2a/classical_lda,BCI_IV_2a,3,v1_lda,max-prob,0.8020833333333334,0.8,0.4792332809033641,0.1774891774891774,0.8225108225108225,231
headline_bci_iv_2a/classical_lda,BCI_IV_2a,3,v1_lda,max-prob,0.8506944444444444,0.85,0.4544798596687974,0.1755102040816326,0.8244897959183674,245
headline_bci_iv_2a/classical_lda,BCI_IV_2a,3,v1_lda,max-prob,0.9027777777777778,0.9,0.4282055793907582,0.2038461538461539,0.7961538461538461,260
headline_bci_iv_2a/classical_lda,BCI_IV_2a,3,v1_lda,max-prob,0.9513888888888888,0.95,0.3992524511297079,0.22992700729927,0.7700729927007299,274
headline_bci_iv_2a/classical_lda,BCI_IV_2a,3,v1_lda,max-prob,1.0,1.0,0.2984318768006686,0.2361111111111111,0.7638888888888888,288
headline_bci_iv_2a/classical_lda,BCI_IV_2a,4,v1_lda,max-prob,0.0520833333333333,0.05,0.3987908265475812,0.4666666666666667,0.5333333333333333,15
headline_bci_iv_2a/classical_lda,BCI_IV_2a,4,v1_lda,max-prob,0.1006944444444444,0.1,0.3825458844995844,0.6206896551724138,0.3793103448275862,29
headline_bci_iv_2a/classical_lda,BCI_IV_2a,4,v1_lda,max-prob,0.1527777777777778,0.15,0.3735999748848975,0.5909090909090908,0.4090909090909091,44
headline_bci_iv_2a/classical_lda,BCI_IV_2a,4,v1_lda,max-prob,0.2013888888888889,0.2,0.3654950589863228,0.603448275862069,0.396551724137931,58
headline_bci_iv_2a/classical_lda,BCI_IV_2a,4,v1_lda,max-prob,0.25,0.25,0.3600389976046519,0.5833333333333333,0.4166666666666667,72
headline_bci_iv_2a/classical_lda,BCI_IV_2a,4,v1_lda,max-prob,0.3020833333333333,0.3,0.3567762046430208,0.5977011494252873,0.4022988505747126,87
headline_bci_iv_2a/classical_lda,BCI_IV_2a,4,v1_lda,max-prob,0.3506944444444444,0.35,0.3543343954370539,0.6138613861386139,0.3861386138613861,101
headline_bci_iv_2a/classical_lda,BCI_IV_2a,4,v1_lda,max-prob,0.4027777777777778,0.4,0.3514676555859229,0.6293103448275862,0.3706896551724138,116
headline_bci_iv_2a/classical_lda,BCI_IV_2a,4,v1_lda,max-prob,0.4513888888888889,0.45,0.3498462269794253,0.6307692307692307,0.3692307692307692,130
headline_bci_iv_2a/classical_lda,BCI_IV_2a,4,v1_lda,max-prob,0.5,0.5,0.3479071086084286,0.6527777777777778,0.3472222222222222,144
headline_bci_iv_2a/classical_lda,BCI_IV_2a,4,v1_lda,max-prob,0.5520833333333334,0.55,0.3456713979630974,0.679245283018868,0.320754716981132,159
headline_bci_iv_2a/classical_lda,BCI_IV_2a,4,v1_lda,max-prob,0.6006944444444444,0.6,0.3431574607888604,0.676300578034682,0.3236994219653179,173
headline_bci_iv_2a/classical_lda,BCI_IV_2a,4,v1_lda,max-prob,0.6527777777777778,0.65,0.3417209461564733,0.6861702127659575,0.3138297872340425,188
headline_bci_iv_2a/classical_lda,BCI_IV_2a,4,v1_lda,max-prob,0.7013888888888888,0.7,0.3406100996900341,0.698019801980198,0.3019801980198019,202
headline_bci_iv_2a/classical_lda,BCI_IV_2a,4,v1_lda,max-prob,0.75,0.75,0.3396957615762737,0.7083333333333333,0.2916666666666667,216
headline_bci_iv_2a/classical_lda,BCI_IV_2a,4,v1_lda,max-prob,0.8020833333333334,0.8,0.3380257261514243,0.7142857142857143,0.2857142857142857,231
headline_bci_iv_2a/classical_lda,BCI_IV_2a,4,v1_lda,max-prob,0.8506944444444444,0.85,0.3366916095464399,0.726530612244898,0.273469387755102,245
headline_bci_iv_2a/classical_lda,BCI_IV_2a,4,v1_lda,max-prob,0.9027777777777778,0.9,0.3356816462496878,0.7307692307692308,0.2692307692307692,260
headline_bci_iv_2a/classical_lda,BCI_IV_2a,4,v1_lda,max-prob,0.9513888888888888,0.95,0.334342063551236,0.7408759124087592,0.2591240875912409,274
headline_bci_iv_2a/classical_lda,BCI_IV_2a,4,v1_lda,max-prob,1.0,1.0,0.3323557514193176,0.75,0.25,288
headline_bci_iv_2a/classical_lda,BCI_IV_2a,5,v1_lda,max-prob,0.0520833333333333,0.05,0.4623767888852491,0.7333333333333334,0.2666666666666666,15
headline_bci_iv_2a/classical_lda,BCI_IV_2a,5,v1_lda,max-prob,0.1006944444444444,0.1,0.4562232121418396,0.6896551724137931,0.3103448275862069,29
headline_bci_iv_2a/classical_lda,BCI_IV_2a,5,v1_lda,max-prob,0.1527777777777778,0.15,0.4520426999665072,0.6818181818181819,0.3181818181818182,44
headline_bci_iv_2a/classical_lda,BCI_IV_2a,5,v1_lda,max-prob,0.2013888888888889,0.2,0.4479850440791853,0.6206896551724138,0.3793103448275862,58
headline_bci_iv_2a/classical_lda,BCI_IV_2a,5,v1_lda,max-prob,0.25,0.25,0.4458130050713327,0.6527777777777778,0.3472222222222222,72
headline_bci_iv_2a/classical_lda,BCI_IV_2a,5,v1_lda,max-prob,0.3020833333333333,0.3,0.4433879574550904,0.6436781609195402,0.3563218390804598,87
headline_bci_iv_2a/classical_lda,BCI_IV_2a,5,v1_lda,max-prob,0.3506944444444444,0.35,0.4414587889619793,0.6435643564356436,0.3564356435643564,101
headline_bci_iv_2a/classical_lda,BCI_IV_2a,5,v1_lda,max-prob,0.4027777777777778,0.4,0.4397382954156462,0.6551724137931034,0.3448275862068966,116
headline_bci_iv_2a/classical_lda,BCI_IV_2a,5,v1_lda,max-prob,0.4513888888888889,0.45,0.4373943961440468,0.6692307692307693,0.3307692307692307,130
headline_bci_iv_2a/classical_lda,BCI_IV_2a,5,v1_lda,max-prob,0.5,0.5,0.4357874062144,0.7013888888888888,0.2986111111111111,144
headline_bci_iv_2a/classical_lda,BCI_IV_2a,5,v1_lda,max-prob,0.5520833333333334,0.55,0.4338055577245749,0.7044025157232705,0.2955974842767295,159
headline_bci_iv_2a/classical_lda,BCI_IV_2a,5,v1_lda,max-prob,0.6006944444444444,0.6,0.432667704011234,0.6878612716763006,0.3121387283236994,173
headline_bci_iv_2a/classical_lda,BCI_IV_2a,5,v1_lda,max-prob,0.6527777777777778,0.65,0.4309311645864335,0.6968085106382979,0.3031914893617021,188
headline_bci_iv_2a/classical_lda,BCI_IV_2a,5,v1_lda,max-prob,0.7013888888888888,0.7,0.4294160158397107,0.7029702970297029,0.297029702970297,202
headline_bci_iv_2a/classical_lda,BCI_IV_2a,5,v1_lda,max-prob,0.75,0.75,0.4283179861460152,0.6944444444444444,0.3055555555555556,216
headline_bci_iv_2a/classical_lda,BCI_IV_2a,5,v1_lda,max-prob,0.8020833333333334,0.8,0.4260366703448168,0.7012987012987013,0.2987012987012987,231
headline_bci_iv_2a/classical_lda,BCI_IV_2a,5,v1_lda,max-prob,0.8506944444444444,0.85,0.4241250588994694,0.7020408163265306,0.2979591836734694,245
headline_bci_iv_2a/classical_lda,BCI_IV_2a,5,v1_lda,max-prob,0.9027777777777778,0.9,0.4210641837979214,0.7,0.3,260
headline_bci_iv_2a/classical_lda,BCI_IV_2a,5,v1_lda,max-prob,0.9513888888888888,0.95,0.418278166669044,0.6934306569343065,0.3065693430656934,274
headline_bci_iv_2a/classical_lda,BCI_IV_2a,5,v1_lda,max-prob,1.0,1.0,0.3990797563062235,0.6944444444444444,0.3055555555555556,288
headline_bci_iv_2a/classical_lda,BCI_IV_2a,6,v1_lda,max-prob,0.0520833333333333,0.05,0.6013778425987218,0.6666666666666667,0.3333333333333333,15
headline_bci_iv_2a/classical_lda,BCI_IV_2a,6,v1_lda,max-prob,0.1006944444444444,0.1,0.5903937143539143,0.5862068965517242,0.4137931034482758,29
headline_bci_iv_2a/classical_lda,BCI_IV_2a,6,v1_lda,max-prob,0.1527777777777778,0.15,0.5781053199297771,0.5227272727272727,0.4772727272727273,44
headline_bci_iv_2a/classical_lda,BCI_IV_2a,6,v1_lda,max-prob,0.2013888888888889,0.2,0.572202587016544,0.5344827586206897,0.4655172413793103,58
headline_bci_iv_2a/classical_lda,BCI_IV_2a,6,v1_lda,max-prob,0.25,0.25,0.5684445856731489,0.5416666666666667,0.4583333333333333,72
headline_bci_iv_2a/classical_lda,BCI_IV_2a,6,v1_lda,max-prob,0.3020833333333333,0.3,0.560739405282813,0.5632183908045977,0.4367816091954023,87
headline_bci_iv_2a/classical_lda,BCI_IV_2a,6,v1_lda,max-prob,0.3506944444444444,0.35,0.5554496827132545,0.6039603960396039,0.396039603960396,101
headline_bci_iv_2a/classical_lda,BCI_IV_2a,6,v1_lda,max-prob,0.4027777777777778,0.4,0.5513657381852063,0.6379310344827587,0.3620689655172414,116
headline_bci_iv_2a/classical_lda,BCI_IV_2a,6,v1_lda,max-prob,0.4513888888888889,0.45,0.5443145508439627,0.6538461538461539,0.3461538461538461,130
headline_bci_iv_2a/classical_lda,BCI_IV_2a,6,v1_lda,max-prob,0.5,0.5,0.5396564108008491,0.6736111111111112,0.3263888888888889,144
headline_bci_iv_2a/classical_lda,BCI_IV_2a,6,v1_lda,max-prob,0.5520833333333334,0.55,0.5357688729041772,0.6666666666666667,0.3333333333333333,159
headline_bci_iv_2a/classical_lda,BCI_IV_2a,6,v1_lda,max-prob,0.6006944444444444,0.6,0.5319333922711972,0.676300578034682,0.3236994219653179,173
headline_bci_iv_2a/classical_lda,BCI_IV_2a,6,v1_lda,max-prob,0.6527777777777778,0.65,0.5271438191538612,0.6808510638297872,0.3191489361702128,188
headline_bci_iv_2a/classical_lda,BCI_IV_2a,6,v1_lda,max-prob,0.7013888888888888,0.7,0.5227233345519108,0.693069306930693,0.3069306930693069,202
headline_bci_iv_2a/classical_lda,BCI_IV_2a,6,v1_lda,max-prob,0.75,0.75,0.5173467900826447,0.7037037037037037,0.2962962962962963,216
headline_bci_iv_2a/classical_lda,BCI_IV_2a,6,v1_lda,max-prob,0.8020833333333334,0.8,0.5128326484825559,0.7099567099567099,0.29004329004329,231
headline_bci_iv_2a/classical_lda,BCI_IV_2a,6,v1_lda,max-prob,0.8506944444444444,0.85,0.5047026012104405,0.7102040816326531,0.2897959183673469,245
headline_bci_iv_2a/classical_lda,BCI_IV_2a,6,v1_lda,max-prob,0.9027777777777778,0.9,0.4970653971185322,0.726923076923077,0.273076923076923,260
headline_bci_iv_2a/classical_lda,BCI_IV_2a,6,v1_lda,max-prob,0.9513888888888888,0.95,0.4890586100034395,0.7408759124087592,0.2591240875912409,274
headline_bci_iv_2a/classical_lda,BCI_IV_2a,6,v1_lda,max-prob,1.0,1.0,0.4290957091797762,0.75,0.25,288
headline_bci_iv_2a/classical_lda,BCI_IV_2a,7,v1_lda,max-prob,0.0520833333333333,0.05,0.5254747190271807,0.0,1.0,15
headline_bci_iv_2a/classical_lda,BCI_IV_2a,7,v1_lda,max-prob,0.1006944444444444,0.1,0.5021066888318914,0.0344827586206896,0.9655172413793104,29
headline_bci_iv_2a/classical_lda,BCI_IV_2a,7,v1_lda,max-prob,0.1527777777777778,0.15,0.4838897188456104,0.0909090909090909,0.9090909090909092,44
headline_bci_iv_2a/classical_lda,BCI_IV_2a,7,v1_lda,max-prob,0.2013888888888889,0.2,0.4585855072907583,0.1724137931034483,0.8275862068965517,58
headline_bci_iv_2a/classical_lda,BCI_IV_2a,7,v1_lda,max-prob,0.25,0.25,0.4473392963103171,0.2361111111111111,0.7638888888888888,72
headline_bci_iv_2a/classical_lda,BCI_IV_2a,7,v1_lda,max-prob,0.3020833333333333,0.3,0.4346764599362467,0.3103448275862068,0.6896551724137931,87
headline_bci_iv_2a/classical_lda,BCI_IV_2a,7,v1_lda,max-prob,0.3506944444444444,0.35,0.4257180905897668,0.3366336633663366,0.6633663366336634,101
headline_bci_iv_2a/classical_lda,BCI_IV_2a,7,v1_lda,max-prob,0.4027777777777778,0.4,0.4152344472852049,0.3706896551724138,0.6293103448275862,116
headline_bci_iv_2a/classical_lda,BCI_IV_2a,7,v1_lda,max-prob,0.4513888888888889,0.45,0.4031612949999544,0.3923076923076923,0.6076923076923076,130
headline_bci_iv_2a/classical_lda,BCI_IV_2a,7,v1_lda,max-prob,0.5,0.5,0.3975043529231801,0.4375,0.5625,144
headline_bci_iv_2a/classical_lda,BCI_IV_2a,7,v1_lda,max-prob,0.5520833333333334,0.55,0.3926308964091121,0.4591194968553459,0.5408805031446541,159
headline_bci_iv_2a/classical_lda,BCI_IV_2a,7,v1_lda,max-prob,0.6006944444444444,0.6,0.386702828934135,0.4855491329479768,0.5144508670520231,173
headline_bci_iv_2a/classical_lda,BCI_IV_2a,7,v1_lda,max-prob,0.6527777777777778,0.65,0.3818295397219954,0.5106382978723405,0.4893617021276595,188
headline_bci_iv_2a/classical_lda,BCI_IV_2a,7,v1_lda,max-prob,0.7013888888888888,0.7,0.3771563990142882,0.5297029702970297,0.4702970297029702,202
headline_bci_iv_2a/classical_lda,BCI_IV_2a,7,v1_lda,max-prob,0.75,0.75,0.3733216266454428,0.5462962962962963,0.4537037037037037,216
headline_bci_iv_2a/classical_lda,BCI_IV_2a,7,v1_lda,max-prob,0.8020833333333334,0.8,0.36829728265363,0.5627705627705628,0.4372294372294372,231
headline_bci_iv_2a/classical_lda,BCI_IV_2a,7,v1_lda,max-prob,0.8506944444444444,0.85,0.3617064849660665,0.5836734693877551,0.4163265306122449,245
headline_bci_iv_2a/classical_lda,BCI_IV_2a,7,v1_lda,max-prob,0.9027777777777778,0.9,0.3567943896729106,0.6076923076923078,0.3923076923076923,260
headline_bci_iv_2a/classical_lda,BCI_IV_2a,7,v1_lda,max-prob,0.9513888888888888,0.95,0.3496708732553237,0.6131386861313868,0.3868613138686131,274
headline_bci_iv_2a/classical_lda,BCI_IV_2a,7,v1_lda,max-prob,1.0,1.0,0.3404554362272757,0.6284722222222222,0.3715277777777778,288
headline_bci_iv_2a/classical_lda,BCI_IV_2a,8,v1_lda,max-prob,0.0520833333333333,0.05,0.5918594125513276,0.1333333333333333,0.8666666666666667,15
headline_bci_iv_2a/classical_lda,BCI_IV_2a,8,v1_lda,max-prob,0.1006944444444444,0.1,0.5353977543130694,0.1724137931034483,0.8275862068965517,29
headline_bci_iv_2a/classical_lda,BCI_IV_2a,8,v1_lda,max-prob,0.1527777777777778,0.15,0.4772652143914754,0.25,0.75,44
headline_bci_iv_2a/classical_lda,BCI_IV_2a,8,v1_lda,max-prob,0.2013888888888889,0.2,0.4657297097451298,0.2586206896551724,0.7413793103448276,58
headline_bci_iv_2a/classical_lda,BCI_IV_2a,8,v1_lda,max-prob,0.25,0.25,0.4562366080064626,0.2777777777777778,0.7222222222222222,72
headline_bci_iv_2a/classical_lda,BCI_IV_2a,8,v1_lda,max-prob,0.3020833333333333,0.3,0.4456680496737155,0.2528735632183908,0.7471264367816092,87
headline_bci_iv_2a/classical_lda,BCI_IV_2a,8,v1_lda,max-prob,0.3506944444444444,0.35,0.430530150403555,0.2376237623762376,0.7623762376237624,101
headline_bci_iv_2a/classical_lda,BCI_IV_2a,8,v1_lda,max-prob,0.4027777777777778,0.4,0.4227871359962227,0.2327586206896551,0.7672413793103449,116
headline_bci_iv_2a/classical_lda,BCI_IV_2a,8,v1_lda,max-prob,0.4513888888888889,0.45,0.4165109827596943,0.2384615384615385,0.7615384615384615,130
headline_bci_iv_2a/classical_lda,BCI_IV_2a,8,v1_lda,max-prob,0.5,0.5,0.4078835633225594,0.2708333333333333,0.7291666666666666,144
headline_bci_iv_2a/classical_lda,BCI_IV_2a,8,v1_lda,max-prob,0.5520833333333334,0.55,0.4010312649517693,0.289308176100629,0.710691823899371,159
headline_bci_iv_2a/classical_lda,BCI_IV_2a,8,v1_lda,max-prob,0.6006944444444444,0.6,0.3921936341382556,0.2890173410404624,0.7109826589595376,173
headline_bci_iv_2a/classical_lda,BCI_IV_2a,8,v1_lda,max-prob,0.6527777777777778,0.65,0.385849837339929,0.3085106382978723,0.6914893617021277,188
headline_bci_iv_2a/classical_lda,BCI_IV_2a,8,v1_lda,max-prob,0.7013888888888888,0.7,0.3770362762025009,0.3168316831683168,0.6831683168316832,202
headline_bci_iv_2a/classical_lda,BCI_IV_2a,8,v1_lda,max-prob,0.75,0.75,0.3658685380497064,0.3194444444444444,0.6805555555555556,216
headline_bci_iv_2a/classical_lda,BCI_IV_2a,8,v1_lda,max-prob,0.8020833333333334,0.8,0.3580032950871368,0.3203463203463204,0.6796536796536796,231
headline_bci_iv_2a/classical_lda,BCI_IV_2a,8,v1_lda,max-prob,0.8506944444444444,0.85,0.3410379276486142,0.3387755102040816,0.6612244897959184,245
headline_bci_iv_2a/classical_lda,BCI_IV_2a,8,v1_lda,max-prob,0.9027777777777778,0.9,0.3288372055940941,0.35,0.65,260
headline_bci_iv_2a/classical_lda,BCI_IV_2a,8,v1_lda,max-prob,0.9513888888888888,0.95,0.3081976934378228,0.3686131386861314,0.6313868613138686,274
headline_bci_iv_2a/classical_lda,BCI_IV_2a,8,v1_lda,max-prob,1.0,1.0,0.2761071846279777,0.3854166666666666,0.6145833333333334,288
headline_bci_iv_2a/classical_lda,BCI_IV_2a,9,v1_lda,max-prob,0.053030303030303,0.05,0.4358141286993833,0.4285714285714286,0.5714285714285714,14
headline_bci_iv_2a/classical_lda,BCI_IV_2a,9,v1_lda,max-prob,0.1022727272727272,0.1,0.415783154871661,0.4814814814814815,0.5185185185185185,27
headline_bci_iv_2a/classical_lda,BCI_IV_2a,9,v1_lda,max-prob,0.1515151515151515,0.15,0.4067521458648348,0.375,0.625,40
headline_bci_iv_2a/classical_lda,BCI_IV_2a,9,v1_lda,max-prob,0.2007575757575757,0.2,0.3989624431156041,0.4528301886792453,0.5471698113207547,53
headline_bci_iv_2a/classical_lda,BCI_IV_2a,9,v1_lda,max-prob,0.25,0.25,0.391771714188744,0.4545454545454546,0.5454545454545454,66
headline_bci_iv_2a/classical_lda,BCI_IV_2a,9,v1_lda,max-prob,0.303030303030303,0.3,0.3860234001471604,0.4875,0.5125,80
headline_bci_iv_2a/classical_lda,BCI_IV_2a,9,v1_lda,max-prob,0.3522727272727273,0.35,0.3825849623375026,0.5268817204301075,0.4731182795698925,93
headline_bci_iv_2a/classical_lda,BCI_IV_2a,9,v1_lda,max-prob,0.4015151515151515,0.4,0.3767164475254669,0.5471698113207547,0.4528301886792453,106
headline_bci_iv_2a/classical_lda,BCI_IV_2a,9,v1_lda,max-prob,0.4507575757575757,0.45,0.3700873200893051,0.5378151260504201,0.4621848739495798,119
headline_bci_iv_2a/classical_lda,BCI_IV_2a,9,v1_lda,max-prob,0.5,0.5,0.3648260240273263,0.5227272727272727,0.4772727272727273,132
headline_bci_iv_2a/classical_lda,BCI_IV_2a,9,v1_lda,max-prob,0.553030303030303,0.55,0.3598057917671907,0.5410958904109588,0.4589041095890411,146
headline_bci_iv_2a/classical_lda,BCI_IV_2a,9,v1_lda,max-prob,0.6022727272727273,0.6,0.3560661025498158,0.5471698113207547,0.4528301886792453,159
headline_bci_iv_2a/classical_lda,BCI_IV_2a,9,v1_lda,max-prob,0.6515151515151515,0.65,0.350077379133609,0.563953488372093,0.436046511627907,172
headline_bci_iv_2a/classical_lda,BCI_IV_2a,9,v1_lda,max-prob,0.7007575757575758,0.7,0.344919553290435,0.5783783783783784,0.4216216216216216,185
headline_bci_iv_2a/classical_lda,BCI_IV_2a,9,v1_lda,max-prob,0.75,0.75,0.339806440776548,0.5808080808080809,0.4191919191919191,198
headline_bci_iv_2a/classical_lda,BCI_IV_2a,9,v1_lda,max-prob,0.803030303030303,0.8,0.3357471326901859,0.5801886792452831,0.419811320754717,212
headline_bci_iv_2a/classical_lda,BCI_IV_2a,9,v1_lda,max-prob,0.8522727272727273,0.85,0.3298700794560882,0.5955555555555556,0.4044444444444444,225
headline_bci_iv_2a/classical_lda,BCI_IV_2a,9,v1_lda,max-prob,0.9015151515151516,0.9,0.3248817142031654,0.6050420168067228,0.3949579831932773,238
headline_bci_iv_2a/classical_lda,BCI_IV_2a,9,v1_lda,max-prob,0.9507575757575758,0.95,0.3176048220029525,0.6095617529880478,0.3904382470119522,251
headline_bci_iv_2a/classical_lda,BCI_IV_2a,9,v1_lda,max-prob,1.0,1.0,0.3011786673612099,0.6174242424242424,0.3825757575757575,264
smoke_lda_one_subject,BCI_IV_2a,1,v1_lda,max-prob,0.0520833333333333,0.05,0.8011724597892723,0.0,1.0,15
smoke_lda_one_subject,BCI_IV_2a,1,v1_lda,max-prob,0.1006944444444444,0.1,0.7577859532135622,0.0,1.0,29
smoke_lda_one_subject,BCI_IV_2a,1,v1_lda,max-prob,0.1527777777777778,0.15,0.721874611208103,0.0,1.0,44
smoke_lda_one_subject,BCI_IV_2a,1,v1_lda,max-prob,0.2013888888888889,0.2,0.6871921054216277,0.0172413793103448,0.9827586206896552,58
smoke_lda_one_subject,BCI_IV_2a,1,v1_lda,max-prob,0.25,0.25,0.671511757102034,0.0416666666666666,0.9583333333333334,72
smoke_lda_one_subject,BCI_IV_2a,1,v1_lda,max-prob,0.3020833333333333,0.3,0.6543861507168381,0.0574712643678161,0.942528735632184,87
smoke_lda_one_subject,BCI_IV_2a,1,v1_lda,max-prob,0.3506944444444444,0.35,0.6289424608012316,0.0990099009900989,0.900990099009901,101
smoke_lda_one_subject,BCI_IV_2a,1,v1_lda,max-prob,0.4027777777777778,0.4,0.6115054851370199,0.1379310344827586,0.8620689655172413,116
smoke_lda_one_subject,BCI_IV_2a,1,v1_lda,max-prob,0.4513888888888889,0.45,0.5957536161343504,0.1384615384615384,0.8615384615384616,130
smoke_lda_one_subject,BCI_IV_2a,1,v1_lda,max-prob,0.5,0.5,0.5674643872790243,0.1319444444444444,0.8680555555555556,144
smoke_lda_one_subject,BCI_IV_2a,1,v1_lda,max-prob,0.5520833333333334,0.55,0.5497576949091904,0.150943396226415,0.8490566037735849,159
smoke_lda_one_subject,BCI_IV_2a,1,v1_lda,max-prob,0.6006944444444444,0.6,0.5210926359441823,0.1560693641618497,0.8439306358381503,173
smoke_lda_one_subject,BCI_IV_2a,1,v1_lda,max-prob,0.6527777777777778,0.65,0.503482757348264,0.1595744680851063,0.8404255319148937,188
smoke_lda_one_subject,BCI_IV_2a,1,v1_lda,max-prob,0.7013888888888888,0.7,0.4956762862076762,0.1732673267326733,0.8267326732673267,202
smoke_lda_one_subject,BCI_IV_2a,1,v1_lda,max-prob,0.75,0.75,0.4800086783861479,0.1805555555555555,0.8194444444444444,216
smoke_lda_one_subject,BCI_IV_2a,1,v1_lda,max-prob,0.8020833333333334,0.8,0.4632013800394881,0.1991341991341991,0.8008658008658008,231
smoke_lda_one_subject,BCI_IV_2a,1,v1_lda,max-prob,0.8506944444444444,0.85,0.440340650969616,0.2204081632653061,0.7795918367346939,245
smoke_lda_one_subject,BCI_IV_2a,1,v1_lda,max-prob,0.9027777777777778,0.9,0.4160886315981008,0.2307692307692307,0.7692307692307693,260
smoke_lda_one_subject,BCI_IV_2a,1,v1_lda,max-prob,0.9513888888888888,0.95,0.3721090162249319,0.2445255474452554,0.7554744525547445,274
smoke_lda_one_subject,BCI_IV_2a,1,v1_lda,max-prob,1.0,1.0,0.2828625676731469,0.2743055555555556,0.7256944444444444,288
smoke_lda,BCI_IV_2a,1,v1_lda,max-prob,0.0520833333333333,0.05,0.8011724597892723,0.0,1.0,15
smoke_lda,BCI_IV_2a,1,v1_lda,max-prob,0.1006944444444444,0.1,0.7577859532135622,0.0,1.0,29
smoke_lda,BCI_IV_2a,1,v1_lda,max-prob,0.1527777777777778,0.15,0.721874611208103,0.0,1.0,44
smoke_lda,BCI_IV_2a,1,v1_lda,max-prob,0.2013888888888889,0.2,0.6871921054216277,0.0172413793103448,0.9827586206896552,58
smoke_lda,BCI_IV_2a,1,v1_lda,max-prob,0.25,0.25,0.671511757102034,0.0416666666666666,0.9583333333333334,72
smoke_lda,BCI_IV_2a,1,v1_lda,max-prob,0.3020833333333333,0.3,0.6543861507168381,0.0574712643678161,0.942528735632184,87
smoke_lda,BCI_IV_2a,1,v1_lda,max-prob,0.3506944444444444,0.35,0.6289424608012316,0.0990099009900989,0.900990099009901,101
smoke_lda,BCI_IV_2a,1,v1_lda,max-prob,0.4027777777777778,0.4,0.6115054851370199,0.1379310344827586,0.8620689655172413,116
smoke_lda,BCI_IV_2a,1,v1_lda,max-prob,0.4513888888888889,0.45,0.5957536161343504,0.1384615384615384,0.8615384615384616,130
smoke_lda,BCI_IV_2a,1,v1_lda,max-prob,0.5,0.5,0.5674643872790243,0.1319444444444444,0.8680555555555556,144
smoke_lda,BCI_IV_2a,1,v1_lda,max-prob,0.5520833333333334,0.55,0.5497576949091904,0.150943396226415,0.8490566037735849,159
smoke_lda,BCI_IV_2a,1,v1_lda,max-prob,0.6006944444444444,0.6,0.5210926359441823,0.1560693641618497,0.8439306358381503,173
smoke_lda,BCI_IV_2a,1,v1_lda,max-prob,0.6527777777777778,0.65,0.503482757348264,0.1595744680851063,0.8404255319148937,188
smoke_lda,BCI_IV_2a,1,v1_lda,max-prob,0.7013888888888888,0.7,0.4956762862076762,0.1732673267326733,0.8267326732673267,202
smoke_lda,BCI_IV_2a,1,v1_lda,max-prob,0.75,0.75,0.4800086783861479,0.1805555555555555,0.8194444444444444,216
smoke_lda,BCI_IV_2a,1,v1_lda,max-prob,0.8020833333333334,0.8,0.4632013800394881,0.1991341991341991,0.8008658008658008,231
smoke_lda,BCI_IV_2a,1,v1_lda,max-prob,0.8506944444444444,0.85,0.440340650969616,0.2204081632653061,0.7795918367346939,245
smoke_lda,BCI_IV_2a,1,v1_lda,max-prob,0.9027777777777778,0.9,0.4160886315981008,0.2307692307692307,0.7692307692307693,260
smoke_lda,BCI_IV_2a,1,v1_lda,max-prob,0.9513888888888888,0.95,0.3721090162249319,0.2445255474452554,0.7554744525547445,274
smoke_lda,BCI_IV_2a,1,v1_lda,max-prob,1.0,1.0,0.2828625676731469,0.2743055555555556,0.7256944444444444,288
smoke_lda,BCI_IV_2a,2,v1_lda,max-prob,0.0520833333333333,0.05,0.5980331876372637,0.1333333333333333,0.8666666666666667,15
smoke_lda,BCI_IV_2a,2,v1_lda,max-prob,0.1006944444444444,0.1,0.5876272899074868,0.3103448275862068,0.6896551724137931,29
smoke_lda,BCI_IV_2a,2,v1_lda,max-prob,0.1527777777777778,0.15,0.5810848606210667,0.4545454545454546,0.5454545454545454,44
smoke_lda,BCI_IV_2a,2,v1_lda,max-prob,0.2013888888888889,0.2,0.5760380219569335,0.396551724137931,0.603448275862069,58
smoke_lda,BCI_IV_2a,2,v1_lda,max-prob,0.25,0.25,0.5727519507645569,0.4444444444444444,0.5555555555555556,72
smoke_lda,BCI_IV_2a,2,v1_lda,max-prob,0.3020833333333333,0.3,0.5659209673269942,0.4712643678160919,0.5287356321839081,87
smoke_lda,BCI_IV_2a,2,v1_lda,max-prob,0.3506944444444444,0.35,0.5618577500943905,0.4851485148514851,0.5148514851485149,101
smoke_lda,BCI_IV_2a,2,v1_lda,max-prob,0.4027777777777778,0.4,0.5563305953738215,0.5258620689655172,0.4741379310344827,116
smoke_lda,BCI_IV_2a,2,v1_lda,max-prob,0.4513888888888889,0.45,0.5537083731977239,0.5692307692307692,0.4307692307692308,130
smoke_lda,BCI_IV_2a,2,v1_lda,max-prob,0.5,0.5,0.5495862589746021,0.5972222222222222,0.4027777777777778,144
smoke_lda,BCI_IV_2a,2,v1_lda,max-prob,0.5520833333333334,0.55,0.5437045517741088,0.6352201257861636,0.3647798742138364,159
smoke_lda,BCI_IV_2a,2,v1_lda,max-prob,0.6006944444444444,0.6,0.5384421341504679,0.653179190751445,0.3468208092485549,173
smoke_lda,BCI_IV_2a,2,v1_lda,max-prob,0.6527777777777778,0.65,0.5335056699725763,0.6542553191489362,0.3457446808510638,188
smoke_lda,BCI_IV_2a,2,v1_lda,max-prob,0.7013888888888888,0.7,0.5288197433699675,0.6633663366336633,0.3366336633663366,202
smoke_lda,BCI_IV_2a,2,v1_lda,max-prob,0.75,0.75,0.5220891082151187,0.6805555555555556,0.3194444444444444,216
smoke_lda,BCI_IV_2a,2,v1_lda,max-prob,0.8020833333333334,0.8,0.5136545545131977,0.6926406926406927,0.3073593073593073,231
smoke_lda,BCI_IV_2a,2,v1_lda,max-prob,0.8506944444444444,0.85,0.5063995959180524,0.7102040816326531,0.2897959183673469,245
smoke_lda,BCI_IV_2a,2,v1_lda,max-prob,0.9027777777777778,0.9,0.4945668868791406,0.7230769230769231,0.2769230769230769,260
smoke_lda,BCI_IV_2a,2,v1_lda,max-prob,0.9513888888888888,0.95,0.4817394508599792,0.7372262773722628,0.2627737226277372,274
smoke_lda,BCI_IV_2a,2,v1_lda,max-prob,1.0,1.0,0.4466662721267816,0.75,0.25,288
smoke_lda,BCI_IV_2a,3,v1_lda,max-prob,0.0520833333333333,0.05,0.8256026253891373,0.0,1.0,15
smoke_lda,BCI_IV_2a,3,v1_lda,max-prob,0.1006944444444444,0.1,0.7849570237955671,0.0,1.0,29
smoke_lda,BCI_IV_2a,3,v1_lda,max-prob,0.1527777777777778,0.15,0.7662058328876215,0.0227272727272727,0.9772727272727272,44
smoke_lda,BCI_IV_2a,3,v1_lda,max-prob,0.2013888888888889,0.2,0.7441402067953465,0.0172413793103448,0.9827586206896552,58
smoke_lda,BCI_IV_2a,3,v1_lda,max-prob,0.25,0.25,0.7166664095267846,0.0277777777777777,0.9722222222222222,72
smoke_lda,BCI_IV_2a,3,v1_lda,max-prob,0.3020833333333333,0.3,0.6855125737299718,0.0344827586206896,0.9655172413793104,87
smoke_lda,BCI_IV_2a,3,v1_lda,max-prob,0.3506944444444444,0.35,0.6713519636775495,0.0495049504950495,0.9504950495049505,101
smoke_lda,BCI_IV_2a,3,v1_lda,max-prob,0.4027777777777778,0.4,0.6537994288376746,0.0517241379310344,0.9482758620689656,116
smoke_lda,BCI_IV_2a,3,v1_lda,max-prob,0.4513888888888889,0.45,0.6296685717812908,0.0769230769230768,0.9230769230769232,130
smoke_lda,BCI_IV_2a,3,v1_lda,max-prob,0.5,0.5,0.6055594116147597,0.0833333333333333,0.9166666666666666,144
smoke_lda,BCI_IV_2a,3,v1_lda,max-prob,0.5520833333333334,0.55,0.5791486264721493,0.0943396226415094,0.9056603773584906,159
smoke_lda,BCI_IV_2a,3,v1_lda,max-prob,0.6006944444444444,0.6,0.561546792123562,0.1098265895953757,0.8901734104046243,173
smoke_lda,BCI_IV_2a,3,v1_lda,max-prob,0.6527777777777778,0.65,0.538072196781192,0.127659574468085,0.8723404255319149,188
smoke_lda,BCI_IV_2a,3,v1_lda,max-prob,0.7013888888888888,0.7,0.5191888973998027,0.1584158415841584,0.8415841584158416,202
smoke_lda,BCI_IV_2a,3,v1_lda,max-prob,0.75,0.75,0.4984352959011296,0.1712962962962962,0.8287037037037037,216
smoke_lda,BCI_IV_2a,3,v1_lda,max-prob,0.8020833333333334,0.8,0.4792332980054388,0.1774891774891774,0.8225108225108225,231
smoke_lda,BCI_IV_2a,3,v1_lda,max-prob,0.8506944444444444,0.85,0.4544798569983082,0.1755102040816326,0.8244897959183674,245
smoke_lda,BCI_IV_2a,3,v1_lda,max-prob,0.9027777777777778,0.9,0.42820557889808,0.2038461538461539,0.7961538461538461,260
smoke_lda,BCI_IV_2a,3,v1_lda,max-prob,0.9513888888888888,0.95,0.3992524450190814,0.22992700729927,0.7700729927007299,274
smoke_lda,BCI_IV_2a,3,v1_lda,max-prob,1.0,1.0,0.2984318420779279,0.2361111111111111,0.7638888888888888,288
smoke_lda,BCI_IV_2a,4,v1_lda,max-prob,0.0520833333333333,0.05,0.3987817710587396,0.4666666666666667,0.5333333333333333,15
smoke_lda,BCI_IV_2a,4,v1_lda,max-prob,0.1006944444444444,0.1,0.3825574515775341,0.6206896551724138,0.3793103448275862,29
smoke_lda,BCI_IV_2a,4,v1_lda,max-prob,0.1527777777777778,0.15,0.3736035561789592,0.5909090909090908,0.4090909090909091,44
smoke_lda,BCI_IV_2a,4,v1_lda,max-prob,0.2013888888888889,0.2,0.3655039084064855,0.603448275862069,0.396551724137931,58
smoke_lda,BCI_IV_2a,4,v1_lda,max-prob,0.25,0.25,0.3600437678958149,0.5833333333333333,0.4166666666666667,72
smoke_lda,BCI_IV_2a,4,v1_lda,max-prob,0.3020833333333333,0.3,0.356781378138002,0.5977011494252873,0.4022988505747126,87
smoke_lda,BCI_IV_2a,4,v1_lda,max-prob,0.3506944444444444,0.35,0.3543405914699245,0.6138613861386139,0.3861386138613861,101
smoke_lda,BCI_IV_2a,4,v1_lda,max-prob,0.4027777777777778,0.4,0.3514718842877798,0.6293103448275862,0.3706896551724138,116
smoke_lda,BCI_IV_2a,4,v1_lda,max-prob,0.4513888888888889,0.45,0.3498522900724722,0.6307692307692307,0.3692307692307692,130
smoke_lda,BCI_IV_2a,4,v1_lda,max-prob,0.5,0.5,0.3479086973807401,0.6527777777777778,0.3472222222222222,144
smoke_lda,BCI_IV_2a,4,v1_lda,max-prob,0.5520833333333334,0.55,0.3456766549414045,0.679245283018868,0.320754716981132,159
smoke_lda,BCI_IV_2a,4,v1_lda,max-prob,0.6006944444444444,0.6,0.3431588691591489,0.676300578034682,0.3236994219653179,173
smoke_lda,BCI_IV_2a,4,v1_lda,max-prob,0.6527777777777778,0.65,0.3417225427288552,0.6861702127659575,0.3138297872340425,188
smoke_lda,BCI_IV_2a,4,v1_lda,max-prob,0.7013888888888888,0.7,0.3406132608838707,0.698019801980198,0.3019801980198019,202
smoke_lda,BCI_IV_2a,4,v1_lda,max-prob,0.75,0.75,0.3396974513301032,0.7083333333333333,0.2916666666666667,216
smoke_lda,BCI_IV_2a,4,v1_lda,max-prob,0.8020833333333334,0.8,0.338029339397958,0.7142857142857143,0.2857142857142857,231
smoke_lda,BCI_IV_2a,4,v1_lda,max-prob,0.8506944444444444,0.85,0.3366935734232593,0.726530612244898,0.273469387755102,245
smoke_lda,BCI_IV_2a,4,v1_lda,max-prob,0.9027777777777778,0.9,0.335684083720791,0.7307692307692308,0.2692307692307692,260
smoke_lda,BCI_IV_2a,4,v1_lda,max-prob,0.9513888888888888,0.95,0.3343431266047769,0.7408759124087592,0.2591240875912409,274
smoke_lda,BCI_IV_2a,4,v1_lda,max-prob,1.0,1.0,0.3323567369927771,0.75,0.25,288
smoke_lda,BCI_IV_2a,5,v1_lda,max-prob,0.0520833333333333,0.05,0.4624780289621474,0.7333333333333334,0.2666666666666666,15
smoke_lda,BCI_IV_2a,5,v1_lda,max-prob,0.1006944444444444,0.1,0.4563008636896133,0.6896551724137931,0.3103448275862069,29
smoke_lda,BCI_IV_2a,5,v1_lda,max-prob,0.1527777777777778,0.15,0.4518810420265191,0.6818181818181819,0.3181818181818182,44
smoke_lda,BCI_IV_2a,5,v1_lda,max-prob,0.2013888888888889,0.2,0.448074229927431,0.6206896551724138,0.3793103448275862,58
smoke_lda,BCI_IV_2a,5,v1_lda,max-prob,0.25,0.25,0.4459027999300513,0.6527777777777778,0.3472222222222222,72
smoke_lda,BCI_IV_2a,5,v1_lda,max-prob,0.3020833333333333,0.3,0.4434616700187351,0.6436781609195402,0.3563218390804598,87
smoke_lda,BCI_IV_2a,5,v1_lda,max-prob,0.3506944444444444,0.35,0.4415736950593297,0.6435643564356436,0.3564356435643564,101
smoke_lda,BCI_IV_2a,5,v1_lda,max-prob,0.4027777777777778,0.4,0.4395669877192443,0.6551724137931034,0.3448275862068966,116
smoke_lda,BCI_IV_2a,5,v1_lda,max-prob,0.4513888888888889,0.45,0.4372215764874445,0.6692307692307693,0.3307692307692307,130
smoke_lda,BCI_IV_2a,5,v1_lda,max-prob,0.5,0.5,0.4357878994409046,0.7013888888888888,0.2986111111111111,144
smoke_lda,BCI_IV_2a,5,v1_lda,max-prob,0.5520833333333334,0.55,0.4337375142320814,0.7044025157232705,0.2955974842767295,159
smoke_lda,BCI_IV_2a,5,v1_lda,max-prob,0.6006944444444444,0.6,0.432595368114175,0.6936416184971098,0.3063583815028902,173
smoke_lda,BCI_IV_2a,5,v1_lda,max-prob,0.6527777777777778,0.65,0.4308280322906317,0.6968085106382979,0.3031914893617021,188
smoke_lda,BCI_IV_2a,5,v1_lda,max-prob,0.7013888888888888,0.7,0.4294329619160217,0.7029702970297029,0.297029702970297,202
smoke_lda,BCI_IV_2a,5,v1_lda,max-prob,0.75,0.75,0.4282466394481429,0.6944444444444444,0.3055555555555556,216
smoke_lda,BCI_IV_2a,5,v1_lda,max-prob,0.8020833333333334,0.8,0.4260133457246174,0.7056277056277056,0.2943722943722944,231
smoke_lda,BCI_IV_2a,5,v1_lda,max-prob,0.8506944444444444,0.85,0.4240349367570368,0.7020408163265306,0.2979591836734694,245
smoke_lda,BCI_IV_2a,5,v1_lda,max-prob,0.9027777777777778,0.9,0.4210884960689755,0.6961538461538461,0.3038461538461538,260
smoke_lda,BCI_IV_2a,5,v1_lda,max-prob,0.9513888888888888,0.95,0.4183665120293494,0.6934306569343065,0.3065693430656934,274
smoke_lda,BCI_IV_2a,5,v1_lda,max-prob,1.0,1.0,0.3988798158711989,0.6944444444444444,0.3055555555555556,288
smoke_lda,BCI_IV_2a,6,v1_lda,max-prob,0.0520833333333333,0.05,0.601388925069526,0.6666666666666667,0.3333333333333333,15
smoke_lda,BCI_IV_2a,6,v1_lda,max-prob,0.1006944444444444,0.1,0.5904091065807621,0.5862068965517242,0.4137931034482758,29
smoke_lda,BCI_IV_2a,6,v1_lda,max-prob,0.1527777777777778,0.15,0.5781194116049412,0.5227272727272727,0.4772727272727273,44
smoke_lda,BCI_IV_2a,6,v1_lda,max-prob,0.2013888888888889,0.2,0.572225122984525,0.5344827586206897,0.4655172413793103,58
smoke_lda,BCI_IV_2a,6,v1_lda,max-prob,0.25,0.25,0.5684586944426194,0.5416666666666667,0.4583333333333333,72
smoke_lda,BCI_IV_2a,6,v1_lda,max-prob,0.3020833333333333,0.3,0.560765715890693,0.5632183908045977,0.4367816091954023,87
smoke_lda,BCI_IV_2a,6,v1_lda,max-prob,0.3506944444444444,0.35,0.5554693640117554,0.6039603960396039,0.396039603960396,101
smoke_lda,BCI_IV_2a,6,v1_lda,max-prob,0.4027777777777778,0.4,0.5513872127880214,0.6379310344827587,0.3620689655172414,116
smoke_lda,BCI_IV_2a,6,v1_lda,max-prob,0.4513888888888889,0.45,0.5443309766591518,0.6538461538461539,0.3461538461538461,130
smoke_lda,BCI_IV_2a,6,v1_lda,max-prob,0.5,0.5,0.5396720742234076,0.6736111111111112,0.3263888888888889,144
smoke_lda,BCI_IV_2a,6,v1_lda,max-prob,0.5520833333333334,0.55,0.5357812566307898,0.6666666666666667,0.3333333333333333,159
smoke_lda,BCI_IV_2a,6,v1_lda,max-prob,0.6006944444444444,0.6,0.5319579924554659,0.676300578034682,0.3236994219653179,173
smoke_lda,BCI_IV_2a,6,v1_lda,max-prob,0.6527777777777778,0.65,0.5271576204587715,0.6808510638297872,0.3191489361702128,188
smoke_lda,BCI_IV_2a,6,v1_lda,max-prob,0.7013888888888888,0.7,0.5227400938288362,0.693069306930693,0.3069306930693069,202
smoke_lda,BCI_IV_2a,6,v1_lda,max-prob,0.75,0.75,0.5173620147472158,0.7037037037037037,0.2962962962962963,216
smoke_lda,BCI_IV_2a,6,v1_lda,max-prob,0.8020833333333334,0.8,0.5128472832573202,0.7099567099567099,0.29004329004329,231
smoke_lda,BCI_IV_2a,6,v1_lda,max-prob,0.8506944444444444,0.85,0.5047133609880514,0.7102040816326531,0.2897959183673469,245
smoke_lda,BCI_IV_2a,6,v1_lda,max-prob,0.9027777777777778,0.9,0.4970803877243899,0.726923076923077,0.273076923076923,260
smoke_lda,BCI_IV_2a,6,v1_lda,max-prob,0.9513888888888888,0.95,0.4890861974271908,0.7408759124087592,0.2591240875912409,274
smoke_lda,BCI_IV_2a,6,v1_lda,max-prob,1.0,1.0,0.4291337575306338,0.75,0.25,288
smoke_lda,BCI_IV_2a,7,v1_lda,max-prob,0.0520833333333333,0.05,0.5254528026645378,0.0,1.0,15
smoke_lda,BCI_IV_2a,7,v1_lda,max-prob,0.1006944444444444,0.1,0.5020882741268134,0.0344827586206896,0.9655172413793104,29
smoke_lda,BCI_IV_2a,7,v1_lda,max-prob,0.1527777777777778,0.15,0.4838719762321584,0.0909090909090909,0.9090909090909092,44
smoke_lda,BCI_IV_2a,7,v1_lda,max-prob,0.2013888888888889,0.2,0.4585740033699912,0.1724137931034483,0.8275862068965517,58
smoke_lda,BCI_IV_2a,7,v1_lda,max-prob,0.25,0.25,0.4473426600825136,0.2361111111111111,0.7638888888888888,72
smoke_lda,BCI_IV_2a,7,v1_lda,max-prob,0.3020833333333333,0.3,0.434685482318727,0.3103448275862068,0.6896551724137931,87
smoke_lda,BCI_IV_2a,7,v1_lda,max-prob,0.3506944444444444,0.35,0.4256983043656158,0.3366336633663366,0.6633663366336634,101
smoke_lda,BCI_IV_2a,7,v1_lda,max-prob,0.4027777777777778,0.4,0.4152417117851616,0.3706896551724138,0.6293103448275862,116
smoke_lda,BCI_IV_2a,7,v1_lda,max-prob,0.4513888888888889,0.45,0.4031440430953044,0.3923076923076923,0.6076923076923076,130
smoke_lda,BCI_IV_2a,7,v1_lda,max-prob,0.5,0.5,0.3974990729699509,0.4375,0.5625,144
smoke_lda,BCI_IV_2a,7,v1_lda,max-prob,0.5520833333333334,0.55,0.3926459083974481,0.4591194968553459,0.5408805031446541,159
smoke_lda,BCI_IV_2a,7,v1_lda,max-prob,0.6006944444444444,0.6,0.3867032795702469,0.4855491329479768,0.5144508670520231,173
smoke_lda,BCI_IV_2a,7,v1_lda,max-prob,0.6527777777777778,0.65,0.3818272337916348,0.5106382978723405,0.4893617021276595,188
smoke_lda,BCI_IV_2a,7,v1_lda,max-prob,0.7013888888888888,0.7,0.3771566674959345,0.5297029702970297,0.4702970297029702,202
smoke_lda,BCI_IV_2a,7,v1_lda,max-prob,0.75,0.75,0.3733273024845289,0.5416666666666667,0.4583333333333333,216
smoke_lda,BCI_IV_2a,7,v1_lda,max-prob,0.8020833333333334,0.8,0.3682734530145199,0.5627705627705628,0.4372294372294372,231
smoke_lda,BCI_IV_2a,7,v1_lda,max-prob,0.8506944444444444,0.85,0.3617061824070819,0.5836734693877551,0.4163265306122449,245
smoke_lda,BCI_IV_2a,7,v1_lda,max-prob,0.9027777777777778,0.9,0.3567908851372451,0.6076923076923078,0.3923076923076923,260
smoke_lda,BCI_IV_2a,7,v1_lda,max-prob,0.9513888888888888,0.95,0.3496704101351837,0.6131386861313868,0.3868613138686131,274
smoke_lda,BCI_IV_2a,7,v1_lda,max-prob,1.0,1.0,0.340460812307495,0.6284722222222222,0.3715277777777778,288
smoke_lda,BCI_IV_2a,8,v1_lda,max-prob,0.0520833333333333,0.05,0.5916802506217842,0.1333333333333333,0.8666666666666667,15
smoke_lda,BCI_IV_2a,8,v1_lda,max-prob,0.1006944444444444,0.1,0.5351536740584132,0.1724137931034483,0.8275862068965517,29
smoke_lda,BCI_IV_2a,8,v1_lda,max-prob,0.1527777777777778,0.15,0.4771135990446962,0.25,0.75,44
smoke_lda,BCI_IV_2a,8,v1_lda,max-prob,0.2013888888888889,0.2,0.4656897581512749,0.2586206896551724,0.7413793103448276,58
smoke_lda,BCI_IV_2a,8,v1_lda,max-prob,0.25,0.25,0.4561550279851651,0.2777777777777778,0.7222222222222222,72
smoke_lda,BCI_IV_2a,8,v1_lda,max-prob,0.3020833333333333,0.3,0.445661479809684,0.2528735632183908,0.7471264367816092,87
smoke_lda,BCI_IV_2a,8,v1_lda,max-prob,0.3506944444444444,0.35,0.4304894824589573,0.2376237623762376,0.7623762376237624,101
smoke_lda,BCI_IV_2a,8,v1_lda,max-prob,0.4027777777777778,0.4,0.4227878760122182,0.2327586206896551,0.7672413793103449,116
smoke_lda,BCI_IV_2a,8,v1_lda,max-prob,0.4513888888888889,0.45,0.4164646641669887,0.2384615384615385,0.7615384615384615,130
smoke_lda,BCI_IV_2a,8,v1_lda,max-prob,0.5,0.5,0.4078837148463504,0.2708333333333333,0.7291666666666666,144
smoke_lda,BCI_IV_2a,8,v1_lda,max-prob,0.5520833333333334,0.55,0.401015610019987,0.289308176100629,0.710691823899371,159
smoke_lda,BCI_IV_2a,8,v1_lda,max-prob,0.6006944444444444,0.6,0.3922461392974185,0.2890173410404624,0.7109826589595376,173
smoke_lda,BCI_IV_2a,8,v1_lda,max-prob,0.6527777777777778,0.65,0.385837517038597,0.3085106382978723,0.6914893617021277,188
smoke_lda,BCI_IV_2a,8,v1_lda,max-prob,0.7013888888888888,0.7,0.3770390344626741,0.3168316831683168,0.6831683168316832,202
smoke_lda,BCI_IV_2a,8,v1_lda,max-prob,0.75,0.75,0.3658418665697806,0.3194444444444444,0.6805555555555556,216
smoke_lda,BCI_IV_2a,8,v1_lda,max-prob,0.8020833333333334,0.8,0.35796587380451,0.3203463203463204,0.6796536796536796,231
smoke_lda,BCI_IV_2a,8,v1_lda,max-prob,0.8506944444444444,0.85,0.3409760735375478,0.3387755102040816,0.6612244897959184,245
smoke_lda,BCI_IV_2a,8,v1_lda,max-prob,0.9027777777777778,0.9,0.3288468878026045,0.35,0.65,260
smoke_lda,BCI_IV_2a,8,v1_lda,max-prob,0.9513888888888888,0.95,0.3081620771831106,0.3686131386861314,0.6313868613138686,274
smoke_lda,BCI_IV_2a,8,v1_lda,max-prob,1.0,1.0,0.2761143854321864,0.3854166666666666,0.6145833333333334,288
smoke_lda,BCI_IV_2a,9,v1_lda,max-prob,0.053030303030303,0.05,0.435783939093395,0.4285714285714286,0.5714285714285714,14
smoke_lda,BCI_IV_2a,9,v1_lda,max-prob,0.1022727272727272,0.1,0.4157546944504264,0.4814814814814815,0.5185185185185185,27
smoke_lda,BCI_IV_2a,9,v1_lda,max-prob,0.1515151515151515,0.15,0.4067099015787306,0.375,0.625,40
smoke_lda,BCI_IV_2a,9,v1_lda,max-prob,0.2007575757575757,0.2,0.3989330448480089,0.4528301886792453,0.5471698113207547,53
smoke_lda,BCI_IV_2a,9,v1_lda,max-prob,0.25,0.25,0.3917424105321725,0.4545454545454546,0.5454545454545454,66
smoke_lda,BCI_IV_2a,9,v1_lda,max-prob,0.303030303030303,0.3,0.385983296499754,0.4875,0.5125,80
smoke_lda,BCI_IV_2a,9,v1_lda,max-prob,0.3522727272727273,0.35,0.3825644166593455,0.5268817204301075,0.4731182795698925,93
smoke_lda,BCI_IV_2a,9,v1_lda,max-prob,0.4015151515151515,0.4,0.3766893329846871,0.5471698113207547,0.4528301886792453,106
smoke_lda,BCI_IV_2a,9,v1_lda,max-prob,0.4507575757575757,0.45,0.3700627622312967,0.5378151260504201,0.4621848739495798,119
smoke_lda,BCI_IV_2a,9,v1_lda,max-prob,0.5,0.5,0.3647990487918642,0.5227272727272727,0.4772727272727273,132
smoke_lda,BCI_IV_2a,9,v1_lda,max-prob,0.553030303030303,0.55,0.3597799812518445,0.5410958904109588,0.4589041095890411,146
smoke_lda,BCI_IV_2a,9,v1_lda,max-prob,0.6022727272727273,0.6,0.3560445501612575,0.5471698113207547,0.4528301886792453,159
smoke_lda,BCI_IV_2a,9,v1_lda,max-prob,0.6515151515151515,0.65,0.3500338812374626,0.563953488372093,0.436046511627907,172
smoke_lda,BCI_IV_2a,9,v1_lda,max-prob,0.7007575757575758,0.7,0.3448920203407181,0.5783783783783784,0.4216216216216216,185
smoke_lda,BCI_IV_2a,9,v1_lda,max-prob,0.75,0.75,0.3397757992912966,0.5757575757575757,0.4242424242424242,198
smoke_lda,BCI_IV_2a,9,v1_lda,max-prob,0.803030303030303,0.8,0.3357135227594,0.5801886792452831,0.419811320754717,212
smoke_lda,BCI_IV_2a,9,v1_lda,max-prob,0.8522727272727273,0.85,0.3298322412795144,0.5955555555555556,0.4044444444444444,225
smoke_lda,BCI_IV_2a,9,v1_lda,max-prob,0.9015151515151516,0.9,0.3248312161603379,0.6050420168067228,0.3949579831932773,238
smoke_lda,BCI_IV_2a,9,v1_lda,max-prob,0.9507575757575758,0.95,0.317653371552539,0.6095617529880478,0.3904382470119522,251
smoke_lda,BCI_IV_2a,9,v1_lda,max-prob,1.0,1.0,0.3011377640754762,0.6174242424242424,0.3825757575757575,264
smoke_lda_one_subject_2,BCI_IV_2a,1,v1_lda,max-prob,0.0520833333333333,0.05,0.8011724597892723,0.0,1.0,15
smoke_lda_one_subject_2,BCI_IV_2a,1,v1_lda,max-prob,0.1006944444444444,0.1,0.7577859532135622,0.0,1.0,29
smoke_lda_one_subject_2,BCI_IV_2a,1,v1_lda,max-prob,0.1527777777777778,0.15,0.721874611208103,0.0,1.0,44
smoke_lda_one_subject_2,BCI_IV_2a,1,v1_lda,max-prob,0.2013888888888889,0.2,0.6871921054216277,0.0172413793103448,0.9827586206896552,58
smoke_lda_one_subject_2,BCI_IV_2a,1,v1_lda,max-prob,0.25,0.25,0.671511757102034,0.0416666666666666,0.9583333333333334,72
smoke_lda_one_subject_2,BCI_IV_2a,1,v1_lda,max-prob,0.3020833333333333,0.3,0.6543861507168381,0.0574712643678161,0.942528735632184,87
smoke_lda_one_subject_2,BCI_IV_2a,1,v1_lda,max-prob,0.3506944444444444,0.35,0.6289424608012316,0.0990099009900989,0.900990099009901,101
smoke_lda_one_subject_2,BCI_IV_2a,1,v1_lda,max-prob,0.4027777777777778,0.4,0.6115054851370199,0.1379310344827586,0.8620689655172413,116
smoke_lda_one_subject_2,BCI_IV_2a,1,v1_lda,max-prob,0.4513888888888889,0.45,0.5957536161343504,0.1384615384615384,0.8615384615384616,130
smoke_lda_one_subject_2,BCI_IV_2a,1,v1_lda,max-prob,0.5,0.5,0.5674643872790243,0.1319444444444444,0.8680555555555556,144
smoke_lda_one_subject_2,BCI_IV_2a,1,v1_lda,max-prob,0.5520833333333334,0.55,0.5497576949091904,0.150943396226415,0.8490566037735849,159
smoke_lda_one_subject_2,BCI_IV_2a,1,v1_lda,max-prob,0.6006944444444444,0.6,0.5210926359441823,0.1560693641618497,0.8439306358381503,173
smoke_lda_one_subject_2,BCI_IV_2a,1,v1_lda,max-prob,0.6527777777777778,0.65,0.503482757348264,0.1595744680851063,0.8404255319148937,188
smoke_lda_one_subject_2,BCI_IV_2a,1,v1_lda,max-prob,0.7013888888888888,0.7,0.4956762862076762,0.1732673267326733,0.8267326732673267,202
smoke_lda_one_subject_2,BCI_IV_2a,1,v1_lda,max-prob,0.75,0.75,0.4800086783861479,0.1805555555555555,0.8194444444444444,216
smoke_lda_one_subject_2,BCI_IV_2a,1,v1_lda,max-prob,0.8020833333333334,0.8,0.4632013800394881,0.1991341991341991,0.8008658008658008,231
smoke_lda_one_subject_2,BCI_IV_2a,1,v1_lda,max-prob,0.8506944444444444,0.85,0.440340650969616,0.2204081632653061,0.7795918367346939,245
smoke_lda_one_subject_2,BCI_IV_2a,1,v1_lda,max-prob,0.9027777777777778,0.9,0.4160886315981008,0.2307692307692307,0.7692307692307693,260
smoke_lda_one_subject_2,BCI_IV_2a,1,v1_lda,max-prob,0.9513888888888888,0.95,0.3721090162249319,0.2445255474452554,0.7554744525547445,274
smoke_lda_one_subject_2,BCI_IV_2a,1,v1_lda,max-prob,1.0,1.0,0.2828625676731469,0.2743055555555556,0.7256944444444444,288
full_deep_bci_iv_2a_validation_postcal,BCI_IV_2a,1,v1_lda,max-prob,0.0520833333333333,0.05,0.8011724597865343,0.0,1.0,15
full_deep_bci_iv_2a_validation_postcal,BCI_IV_2a,1,v1_lda,max-prob,0.1006944444444444,0.1,0.7577859510391143,0.0,1.0,29
full_deep_bci_iv_2a_validation_postcal,BCI_IV_2a,1,v1_lda,max-prob,0.1527777777777778,0.15,0.7218746090136045,0.0,1.0,44
full_deep_bci_iv_2a_validation_postcal,BCI_IV_2a,1,v1_lda,max-prob,0.2013888888888889,0.2,0.68719209929393,0.0172413793103448,0.9827586206896552,58
full_deep_bci_iv_2a_validation_postcal,BCI_IV_2a,1,v1_lda,max-prob,0.25,0.25,0.6715117615777694,0.0416666666666666,0.9583333333333334,72
full_deep_bci_iv_2a_validation_postcal,BCI_IV_2a,1,v1_lda,max-prob,0.3020833333333333,0.3,0.6543861531513149,0.0574712643678161,0.942528735632184,87
full_deep_bci_iv_2a_validation_postcal,BCI_IV_2a,1,v1_lda,max-prob,0.3506944444444444,0.35,0.6289424649568864,0.0990099009900989,0.900990099009901,101
full_deep_bci_iv_2a_validation_postcal,BCI_IV_2a,1,v1_lda,max-prob,0.4027777777777778,0.4,0.61150547949061,0.1379310344827586,0.8620689655172413,116
full_deep_bci_iv_2a_validation_postcal,BCI_IV_2a,1,v1_lda,max-prob,0.4513888888888889,0.45,0.5957536190226939,0.1384615384615384,0.8615384615384616,130
full_deep_bci_iv_2a_validation_postcal,BCI_IV_2a,1,v1_lda,max-prob,0.5,0.5,0.5674643954473968,0.1319444444444444,0.8680555555555556,144
full_deep_bci_iv_2a_validation_postcal,BCI_IV_2a,1,v1_lda,max-prob,0.5520833333333334,0.55,0.5497576881767513,0.150943396226415,0.8490566037735849,159
full_deep_bci_iv_2a_validation_postcal,BCI_IV_2a,1,v1_lda,max-prob,0.6006944444444444,0.6,0.5210926279241729,0.1560693641618497,0.8439306358381503,173
full_deep_bci_iv_2a_validation_postcal,BCI_IV_2a,1,v1_lda,max-prob,0.6527777777777778,0.65,0.5034827527421201,0.1595744680851063,0.8404255319148937,188
full_deep_bci_iv_2a_validation_postcal,BCI_IV_2a,1,v1_lda,max-prob,0.7013888888888888,0.7,0.4956762817970426,0.1732673267326733,0.8267326732673267,202
full_deep_bci_iv_2a_validation_postcal,BCI_IV_2a,1,v1_lda,max-prob,0.75,0.75,0.4800086748936489,0.1805555555555555,0.8194444444444444,216
full_deep_bci_iv_2a_validation_postcal,BCI_IV_2a,1,v1_lda,max-prob,0.8020833333333334,0.8,0.4632013624175634,0.1991341991341991,0.8008658008658008,231
full_deep_bci_iv_2a_validation_postcal,BCI_IV_2a,1,v1_lda,max-prob,0.8506944444444444,0.85,0.4403406567312391,0.2204081632653061,0.7795918367346939,245
full_deep_bci_iv_2a_validation_postcal,BCI_IV_2a,1,v1_lda,max-prob,0.9027777777777778,0.9,0.4160886334776907,0.2307692307692307,0.7692307692307693,260
full_deep_bci_iv_2a_validation_postcal,BCI_IV_2a,1,v1_lda,max-prob,0.9513888888888888,0.95,0.3721090206577064,0.2445255474452554,0.7554744525547445,274
full_deep_bci_iv_2a_validation_postcal,BCI_IV_2a,1,v1_lda,max-prob,1.0,1.0,0.2828625716985778,0.2743055555555556,0.7256944444444444,288
full_deep_bci_iv_2a_validation_postcal,BCI_IV_2a,1,eegnet_uncalibrated,max-prob,0.0520833333333333,0.05,0.9678058798369358,0.1999999999999999,0.8,15
full_deep_bci_iv_2a_validation_postcal,BCI_IV_2a,1,eegnet_uncalibrated,max-prob,0.1006944444444444,0.1,0.9406388040858628,0.1379310344827586,0.8620689655172413,29
full_deep_bci_iv_2a_validation_postcal,BCI_IV_2a,1,eegnet_uncalibrated,max-prob,0.1527777777777778,0.15,0.916153359971102,0.1136363636363636,0.8863636363636364,44
full_deep_bci_iv_2a_validation_postcal,BCI_IV_2a,1,eegnet_uncalibrated,max-prob,0.2013888888888889,0.2,0.8810810619409459,0.1379310344827586,0.8620689655172413,58
full_deep_bci_iv_2a_validation_postcal,BCI_IV_2a,1,eegnet_uncalibrated,max-prob,0.25,0.25,0.8577522462691904,0.1527777777777778,0.8472222222222222,72
full_deep_bci_iv_2a_validation_postcal,BCI_IV_2a,1,eegnet_uncalibrated,max-prob,0.3020833333333333,0.3,0.8372792057939864,0.160919540229885,0.8390804597701149,87
full_deep_bci_iv_2a_validation_postcal,BCI_IV_2a,1,eegnet_uncalibrated,max-prob,0.3506944444444444,0.35,0.8140140660352547,0.1386138613861386,0.8613861386138614,101
full_deep_bci_iv_2a_validation_postcal,BCI_IV_2a,1,eegnet_uncalibrated,max-prob,0.4027777777777778,0.4,0.783468919424229,0.1293103448275862,0.8706896551724138,116
full_deep_bci_iv_2a_validation_postcal,BCI_IV_2a,1,eegnet_uncalibrated,max-prob,0.4513888888888889,0.45,0.7679819893959314,0.123076923076923,0.8769230769230769,130
full_deep_bci_iv_2a_validation_postcal,BCI_IV_2a,1,eegnet_uncalibrated,max-prob,0.5,0.5,0.7360160127456098,0.1319444444444444,0.8680555555555556,144
full_deep_bci_iv_2a_validation_postcal,BCI_IV_2a,1,eegnet_uncalibrated,max-prob,0.5520833333333334,0.55,0.7038306069256913,0.1383647798742138,0.8616352201257862,159
full_deep_bci_iv_2a_validation_postcal,BCI_IV_2a,1,eegnet_uncalibrated,max-prob,0.6006944444444444,0.6,0.6677939653216111,0.1271676300578035,0.8728323699421965,173
full_deep_bci_iv_2a_validation_postcal,BCI_IV_2a,1,eegnet_uncalibrated,max-prob,0.6527777777777778,0.65,0.644627419553294,0.1489361702127659,0.851063829787234,188
full_deep_bci_iv_2a_validation_postcal,BCI_IV_2a,1,eegnet_uncalibrated,max-prob,0.7013888888888888,0.7,0.6278821814490803,0.1633663366336634,0.8366336633663366,202
full_deep_bci_iv_2a_validation_postcal,BCI_IV_2a,1,eegnet_uncalibrated,max-prob,0.75,0.75,0.5975496452237257,0.1805555555555555,0.8194444444444444,216
full_deep_bci_iv_2a_validation_postcal,BCI_IV_2a,1,eegnet_uncalibrated,max-prob,0.8020833333333334,0.8,0.5756930168354233,0.1904761904761904,0.8095238095238095,231
full_deep_bci_iv_2a_validation_postcal,BCI_IV_2a,1,eegnet_uncalibrated,max-prob,0.8506944444444444,0.85,0.5506201958177276,0.1999999999999999,0.8,245
full_deep_bci_iv_2a_validation_postcal,BCI_IV_2a,1,eegnet_uncalibrated,max-prob,0.9027777777777778,0.9,0.5255288258735317,0.2115384615384615,0.7884615384615384,260
full_deep_bci_iv_2a_validation_postcal,BCI_IV_2a,1,eegnet_uncalibrated,max-prob,0.9513888888888888,0.95,0.5013633807405702,0.2116788321167882,0.7883211678832117,274
full_deep_bci_iv_2a_validation_postcal,BCI_IV_2a,1,eegnet_uncalibrated,max-prob,1.0,1.0,0.3426966692833504,0.2152777777777778,0.7847222222222222,288
full_deep_bci_iv_2a_validation_postcal,BCI_IV_2a,1,eegnet_calibrated,max-prob,0.0520833333333333,0.05,0.9803163756497522,0.1999999999999999,0.8,15
full_deep_bci_iv_2a_validation_postcal,BCI_IV_2a,1,eegnet_calibrated,max-prob,0.1006944444444444,0.1,0.960658453706324,0.1379310344827586,0.8620689655172413,29
full_deep_bci_iv_2a_validation_postcal,BCI_IV_2a,1,eegnet_calibrated,max-prob,0.1527777777777778,0.15,0.9416733128335638,0.1363636363636363,0.8636363636363636,44
full_deep_bci_iv_2a_validation_postcal,BCI_IV_2a,1,eegnet_calibrated,max-prob,0.2013888888888889,0.2,0.9147585342683248,0.1379310344827586,0.8620689655172413,58
full_deep_bci_iv_2a_validation_postcal,BCI_IV_2a,1,eegnet_calibrated,max-prob,0.25,0.25,0.8915189985657017,0.1527777777777778,0.8472222222222222,72
full_deep_bci_iv_2a_validation_postcal,BCI_IV_2a,1,eegnet_calibrated,max-prob,0.3020833333333333,0.3,0.8682009959079109,0.160919540229885,0.8390804597701149,87
full_deep_bci_iv_2a_validation_postcal,BCI_IV_2a,1,eegnet_calibrated,max-prob,0.3506944444444444,0.35,0.8480541345670706,0.1386138613861386,0.8613861386138614,101
full_deep_bci_iv_2a_validation_postcal,BCI_IV_2a,1,eegnet_calibrated,max-prob,0.4027777777777778,0.4,0.8220209908739408,0.1293103448275862,0.8706896551724138,116
full_deep_bci_iv_2a_validation_postcal,BCI_IV_2a,1,eegnet_calibrated,max-prob,0.4513888888888889,0.45,0.8021847833966051,0.123076923076923,0.8769230769230769,130
full_deep_bci_iv_2a_validation_postcal,BCI_IV_2a,1,eegnet_calibrated,max-prob,0.5,0.5,0.7718838010349746,0.1319444444444444,0.8680555555555556,144
full_deep_bci_iv_2a_validation_postcal,BCI_IV_2a,1,eegnet_calibrated,max-prob,0.5520833333333334,0.55,0.7356655602690912,0.1383647798742138,0.8616352201257862,159
full_deep_bci_iv_2a_validation_postcal,BCI_IV_2a,1,eegnet_calibrated,max-prob,0.6006944444444444,0.6,0.6992124772834527,0.1329479768786127,0.8670520231213873,173
full_deep_bci_iv_2a_validation_postcal,BCI_IV_2a,1,eegnet_calibrated,max-prob,0.6527777777777778,0.65,0.6745601629842128,0.1489361702127659,0.851063829787234,188
full_deep_bci_iv_2a_validation_postcal,BCI_IV_2a,1,eegnet_calibrated,max-prob,0.7013888888888888,0.7,0.6555904454422963,0.1683168316831683,0.8316831683168316,202
full_deep_bci_iv_2a_validation_postcal,BCI_IV_2a,1,eegnet_calibrated,max-prob,0.75,0.75,0.6297749804929608,0.1759259259259259,0.8240740740740741,216
full_deep_bci_iv_2a_validation_postcal,BCI_IV_2a,1,eegnet_calibrated,max-prob,0.8020833333333334,0.8,0.5958000022691576,0.1904761904761904,0.8095238095238095,231
full_deep_bci_iv_2a_validation_postcal,BCI_IV_2a,1,eegnet_calibrated,max-prob,0.8506944444444444,0.85,0.5673443914099935,0.2040816326530612,0.7959183673469388,245
full_deep_bci_iv_2a_validation_postcal,BCI_IV_2a,1,eegnet_calibrated,max-prob,0.9027777777777778,0.9,0.5373342826931772,0.2115384615384615,0.7884615384615384,260
full_deep_bci_iv_2a_validation_postcal,BCI_IV_2a,1,eegnet_calibrated,max-prob,0.9513888888888888,0.95,0.5152411525236222,0.2116788321167882,0.7883211678832117,274
full_deep_bci_iv_2a_validation_postcal,BCI_IV_2a,1,eegnet_calibrated,max-prob,1.0,1.0,0.3448482635151393,0.2152777777777778,0.7847222222222222,288
full_deep_bci_iv_2a_validation_postcal,BCI_IV_2a,1,spatial_uncalibrated,max-prob,0.0520833333333333,0.05,0.999708029781912,0.0666666666666666,0.9333333333333332,15
full_deep_bci_iv_2a_validation_postcal,BCI_IV_2a,1,spatial_uncalibrated,max-prob,0.1006944444444444,0.1,0.9989311483825624,0.0689655172413793,0.9310344827586208,29
full_deep_bci_iv_2a_validation_postcal,BCI_IV_2a,1,spatial_uncalibrated,max-prob,0.1527777777777778,0.15,0.9970839409602088,0.0454545454545454,0.9545454545454546,44
full_deep_bci_iv_2a_validation_postcal,BCI_IV_2a,1,spatial_uncalibrated,max-prob,0.2013888888888889,0.2,0.9954948520952798,0.0344827586206896,0.9655172413793104,58
full_deep_bci_iv_2a_validation_postcal,BCI_IV_2a,1,spatial_uncalibrated,max-prob,0.25,0.25,0.9909130473107064,0.0277777777777777,0.9722222222222222,72
full_deep_bci_iv_2a_validation_postcal,BCI_IV_2a,1,spatial_uncalibrated,max-prob,0.3020833333333333,0.3,0.985304360659001,0.0344827586206896,0.9655172413793104,87
full_deep_bci_iv_2a_validation_postcal,BCI_IV_2a,1,spatial_uncalibrated,max-prob,0.3506944444444444,0.35,0.9805657094109546,0.0297029702970297,0.9702970297029704,101
full_deep_bci_iv_2a_validation_postcal,BCI_IV_2a,1,spatial_uncalibrated,max-prob,0.4027777777777778,0.4,0.9757911287643536,0.0344827586206896,0.9655172413793104,116
full_deep_bci_iv_2a_validation_postcal,BCI_IV_2a,1,spatial_uncalibrated,max-prob,0.4513888888888889,0.45,0.9648401168888866,0.0538461538461538,0.946153846153846,130
full_deep_bci_iv_2a_validation_postcal,BCI_IV_2a,1,spatial_uncalibrated,max-prob,0.5,0.5,0.952224730291411,0.0555555555555555,0.9444444444444444,144
full_deep_bci_iv_2a_validation_postcal,BCI_IV_2a,1,spatial_uncalibrated,max-prob,0.5520833333333334,0.55,0.9381170027219466,0.0628930817610062,0.9371069182389936,159
full_deep_bci_iv_2a_validation_postcal,BCI_IV_2a,1,spatial_uncalibrated,max-prob,0.6006944444444444,0.6,0.912386377610157,0.0635838150289017,0.9364161849710982,173
full_deep_bci_iv_2a_validation_postcal,BCI_IV_2a,1,spatial_uncalibrated,max-prob,0.6527777777777778,0.65,0.8821841677682236,0.0585106382978722,0.9414893617021276,188
full_deep_bci_iv_2a_validation_postcal,BCI_IV_2a,1,spatial_uncalibrated,max-prob,0.7013888888888888,0.7,0.8459331852648372,0.0693069306930692,0.9306930693069309,202
full_deep_bci_iv_2a_validation_postcal,BCI_IV_2a,1,spatial_uncalibrated,max-prob,0.75,0.75,0.7964510536240731,0.074074074074074,0.925925925925926,216
full_deep_bci_iv_2a_validation_postcal,BCI_IV_2a,1,spatial_uncalibrated,max-prob,0.8020833333333334,0.8,0.7523759183964208,0.0995670995670995,0.9004329004329005,231
full_deep_bci_iv_2a_validation_postcal,BCI_IV_2a,1,spatial_uncalibrated,max-prob,0.8506944444444444,0.85,0.6995245350808034,0.110204081632653,0.889795918367347,245
full_deep_bci_iv_2a_validation_postcal,BCI_IV_2a,1,spatial_uncalibrated,max-prob,0.9027777777777778,0.9,0.6254946244068318,0.123076923076923,0.8769230769230769,260
full_deep_bci_iv_2a_validation_postcal,BCI_IV_2a,1,spatial_uncalibrated,max-prob,0.9513888888888888,0.95,0.5423360457298922,0.145985401459854,0.8540145985401459,274
full_deep_bci_iv_2a_validation_postcal,BCI_IV_2a,1,spatial_uncalibrated,max-prob,1.0,1.0,0.4956812718298715,0.1666666666666666,0.8333333333333334,288
full_deep_bci_iv_2a_validation_postcal,BCI_IV_2a,1,spatial_calibrated,max-prob,0.0520833333333333,0.05,0.999566036778614,0.0666666666666666,0.9333333333333332,15
full_deep_bci_iv_2a_validation_postcal,BCI_IV_2a,1,spatial_calibrated,max-prob,0.1006944444444444,0.1,0.9985014243230168,0.0689655172413793,0.9310344827586208,29
full_deep_bci_iv_2a_validation_postcal,BCI_IV_2a,1,spatial_calibrated,max-prob,0.1527777777777778,0.15,0.996101188221826,0.0454545454545454,0.9545454545454546,44
full_deep_bci_iv_2a_validation_postcal,BCI_IV_2a,1,spatial_calibrated,max-prob,0.2013888888888889,0.2,0.9939022267382076,0.0344827586206896,0.9655172413793104,58
full_deep_bci_iv_2a_validation_postcal,BCI_IV_2a,1,spatial_calibrated,max-prob,0.25,0.25,0.9885088983844657,0.0277777777777777,0.9722222222222222,72
full_deep_bci_iv_2a_validation_postcal,BCI_IV_2a,1,spatial_calibrated,max-prob,0.3020833333333333,0.3,0.9817256730489068,0.0229885057471264,0.9770114942528736,87
full_deep_bci_iv_2a_validation_postcal,BCI_IV_2a,1,spatial_calibrated,max-prob,0.3506944444444444,0.35,0.9763518890532982,0.0297029702970297,0.9702970297029704,101
full_deep_bci_iv_2a_validation_postcal,BCI_IV_2a,1,spatial_calibrated,max-prob,0.4027777777777778,0.4,0.9700971496237056,0.0344827586206896,0.9655172413793104,116
full_deep_bci_iv_2a_validation_postcal,BCI_IV_2a,1,spatial_calibrated,max-prob,0.4513888888888889,0.45,0.95814282467716,0.0538461538461538,0.946153846153846,130
full_deep_bci_iv_2a_validation_postcal,BCI_IV_2a,1,spatial_calibrated,max-prob,0.5,0.5,0.943942237932792,0.0555555555555555,0.9444444444444444,144
full_deep_bci_iv_2a_validation_postcal,BCI_IV_2a,1,spatial_calibrated,max-prob,0.5520833333333334,0.55,0.9276880277896504,0.0628930817610062,0.9371069182389936,159
full_deep_bci_iv_2a_validation_postcal,BCI_IV_2a,1,spatial_calibrated,max-prob,0.6006944444444444,0.6,0.900755895401784,0.0635838150289017,0.9364161849710982,173
full_deep_bci_iv_2a_validation_postcal,BCI_IV_2a,1,spatial_calibrated,max-prob,0.6527777777777778,0.65,0.8706871432344281,0.0585106382978722,0.9414893617021276,188
full_deep_bci_iv_2a_validation_postcal,BCI_IV_2a,1,spatial_calibrated,max-prob,0.7013888888888888,0.7,0.833794543968155,0.0693069306930692,0.9306930693069309,202
full_deep_bci_iv_2a_validation_postcal,BCI_IV_2a,1,spatial_calibrated,max-prob,0.75,0.75,0.7851724917422096,0.074074074074074,0.925925925925926,216
full_deep_bci_iv_2a_validation_postcal,BCI_IV_2a,1,spatial_calibrated,max-prob,0.8020833333333334,0.8,0.7394773349705719,0.0995670995670995,0.9004329004329005,231
full_deep_bci_iv_2a_validation_postcal,BCI_IV_2a,1,spatial_calibrated,max-prob,0.8506944444444444,0.85,0.6906676857059465,0.110204081632653,0.889795918367347,245
full_deep_bci_iv_2a_validation_postcal,BCI_IV_2a,1,spatial_calibrated,max-prob,0.9027777777777778,0.9,0.6188190328946503,0.123076923076923,0.8769230769230769,260
full_deep_bci_iv_2a_validation_postcal,BCI_IV_2a,1,spatial_calibrated,max-prob,0.9513888888888888,0.95,0.5385548148333776,0.145985401459854,0.8540145985401459,274
full_deep_bci_iv_2a_validation_postcal,BCI_IV_2a,1,spatial_calibrated,max-prob,1.0,1.0,0.4939501008748542,0.1666666666666666,0.8333333333333334,288
full_deep_bci_iv_2a_validation_postcal,BCI_IV_2a,1,deep_ensemble_validation_weighted,max-prob,0.0520833333333333,0.05,0.9992245320076436,0.0,1.0,15
full_deep_bci_iv_2a_validation_postcal,BCI_IV_2a,1,deep_ensemble_validation_weighted,max-prob,0.1006944444444444,0.1,0.9968233919462806,0.0344827586206896,0.9655172413793104,29
full_deep_bci_iv_2a_validation_postcal,BCI_IV_2a,1,deep_ensemble_validation_weighted,max-prob,0.1527777777777778,0.15,0.9920806097395746,0.0454545454545454,0.9545454545454546,44
full_deep_bci_iv_2a_validation_postcal,BCI_IV_2a,1,deep_ensemble_validation_weighted,max-prob,0.2013888888888889,0.2,0.9885720659240416,0.0344827586206896,0.9655172413793104,58
full_deep_bci_iv_2a_validation_postcal,BCI_IV_2a,1,deep_ensemble_validation_weighted,max-prob,0.25,0.25,0.9839048455507444,0.0416666666666666,0.9583333333333334,72
full_deep_bci_iv_2a_validation_postcal,BCI_IV_2a,1,deep_ensemble_validation_weighted,max-prob,0.3020833333333333,0.3,0.9737528579436168,0.0344827586206896,0.9655172413793104,87
full_deep_bci_iv_2a_validation_postcal,BCI_IV_2a,1,deep_ensemble_validation_weighted,max-prob,0.3506944444444444,0.35,0.9637882787873124,0.0396039603960396,0.9603960396039604,101
full_deep_bci_iv_2a_validation_postcal,BCI_IV_2a,1,deep_ensemble_validation_weighted,max-prob,0.4027777777777778,0.4,0.954132336748292,0.0431034482758621,0.956896551724138,116
full_deep_bci_iv_2a_validation_postcal,BCI_IV_2a,1,deep_ensemble_validation_weighted,max-prob,0.4513888888888889,0.45,0.9404655903813104,0.0384615384615384,0.9615384615384616,130
full_deep_bci_iv_2a_validation_postcal,BCI_IV_2a,1,deep_ensemble_validation_weighted,max-prob,0.5,0.5,0.9228325795552303,0.0347222222222222,0.9652777777777778,144
full_deep_bci_iv_2a_validation_postcal,BCI_IV_2a,1,deep_ensemble_validation_weighted,max-prob,0.5520833333333334,0.55,0.8899741028715674,0.050314465408805,0.949685534591195,159
full_deep_bci_iv_2a_validation_postcal,BCI_IV_2a,1,deep_ensemble_validation_weighted,max-prob,0.6006944444444444,0.6,0.8698711704156661,0.0520231213872832,0.9479768786127168,173
full_deep_bci_iv_2a_validation_postcal,BCI_IV_2a,1,deep_ensemble_validation_weighted,max-prob,0.6527777777777778,0.65,0.8400549292147619,0.0638297872340425,0.9361702127659576,188
full_deep_bci_iv_2a_validation_postcal,BCI_IV_2a,1,deep_ensemble_validation_weighted,max-prob,0.7013888888888888,0.7,0.799288550650604,0.0643564356435643,0.9356435643564356,202
full_deep_bci_iv_2a_validation_postcal,BCI_IV_2a,1,deep_ensemble_validation_weighted,max-prob,0.75,0.75,0.7367448330541396,0.074074074074074,0.925925925925926,216
full_deep_bci_iv_2a_validation_postcal,BCI_IV_2a,1,deep_ensemble_validation_weighted,max-prob,0.8020833333333334,0.8,0.6792479237490004,0.0995670995670995,0.9004329004329005,231
full_deep_bci_iv_2a_validation_postcal,BCI_IV_2a,1,deep_ensemble_validation_weighted,max-prob,0.8506944444444444,0.85,0.635985302342269,0.1183673469387754,0.8816326530612245,245
full_deep_bci_iv_2a_validation_postcal,BCI_IV_2a,1,deep_ensemble_validation_weighted,max-prob,0.9027777777777778,0.9,0.5851944254515514,0.123076923076923,0.8769230769230769,260
full_deep_bci_iv_2a_validation_postcal,BCI_IV_2a,1,deep_ensemble_validation_weighted,max-prob,0.9513888888888888,0.95,0.5381735998758458,0.1313868613138685,0.8686131386861314,274
full_deep_bci_iv_2a_validation_postcal,BCI_IV_2a,1,deep_ensemble_validation_weighted,max-prob,1.0,1.0,0.3465852694873734,0.1527777777777778,0.8472222222222222,288
full_deep_bci_iv_2a_validation_postcal,BCI_IV_2a,2,v1_lda,max-prob,0.0520833333333333,0.05,0.5979482080318134,0.1333333333333333,0.8666666666666667,15
full_deep_bci_iv_2a_validation_postcal,BCI_IV_2a,2,v1_lda,max-prob,0.1006944444444444,0.1,0.587565428113125,0.3103448275862068,0.6896551724137931,29
full_deep_bci_iv_2a_validation_postcal,BCI_IV_2a,2,v1_lda,max-prob,0.1527777777777778,0.15,0.5809307383012791,0.4545454545454546,0.5454545454545454,44
full_deep_bci_iv_2a_validation_postcal,BCI_IV_2a,2,v1_lda,max-prob,0.2013888888888889,0.2,0.5758916475346149,0.396551724137931,0.603448275862069,58
full_deep_bci_iv_2a_validation_postcal,BCI_IV_2a,2,v1_lda,max-prob,0.25,0.25,0.5726259686170114,0.4444444444444444,0.5555555555555556,72
full_deep_bci_iv_2a_validation_postcal,BCI_IV_2a,2,v1_lda,max-prob,0.3020833333333333,0.3,0.5658169304068137,0.4712643678160919,0.5287356321839081,87
full_deep_bci_iv_2a_validation_postcal,BCI_IV_2a,2,v1_lda,max-prob,0.3506944444444444,0.35,0.5617330336931697,0.4851485148514851,0.5148514851485149,101
full_deep_bci_iv_2a_validation_postcal,BCI_IV_2a,2,v1_lda,max-prob,0.4027777777777778,0.4,0.5561982782373482,0.5258620689655172,0.4741379310344827,116
full_deep_bci_iv_2a_validation_postcal,BCI_IV_2a,2,v1_lda,max-prob,0.4513888888888889,0.45,0.55360477298683,0.5692307692307692,0.4307692307692308,130
full_deep_bci_iv_2a_validation_postcal,BCI_IV_2a,2,v1_lda,max-prob,0.5,0.5,0.5494440718300048,0.5972222222222222,0.4027777777777778,144
full_deep_bci_iv_2a_validation_postcal,BCI_IV_2a,2,v1_lda,max-prob,0.5520833333333334,0.55,0.5435488789731925,0.6352201257861636,0.3647798742138364,159
full_deep_bci_iv_2a_validation_postcal,BCI_IV_2a,2,v1_lda,max-prob,0.6006944444444444,0.6,0.5382465206701723,0.653179190751445,0.3468208092485549,173
full_deep_bci_iv_2a_validation_postcal,BCI_IV_2a,2,v1_lda,max-prob,0.6527777777777778,0.65,0.5333816213347449,0.6542553191489362,0.3457446808510638,188
full_deep_bci_iv_2a_validation_postcal,BCI_IV_2a,2,v1_lda,max-prob,0.7013888888888888,0.7,0.5286157017606745,0.6633663366336633,0.3366336633663366,202
full_deep_bci_iv_2a_validation_postcal,BCI_IV_2a,2,v1_lda,max-prob,0.75,0.75,0.5219079904760436,0.6805555555555556,0.3194444444444444,216
full_deep_bci_iv_2a_validation_postcal,BCI_IV_2a,2,v1_lda,max-prob,0.8020833333333334,0.8,0.5135028504637553,0.6926406926406927,0.3073593073593073,231
full_deep_bci_iv_2a_validation_postcal,BCI_IV_2a,2,v1_lda,max-prob,0.8506944444444444,0.85,0.506241465661684,0.7102040816326531,0.2897959183673469,245
full_deep_bci_iv_2a_validation_postcal,BCI_IV_2a,2,v1_lda,max-prob,0.9027777777777778,0.9,0.4943984629338713,0.7230769230769231,0.2769230769230769,260
full_deep_bci_iv_2a_validation_postcal,BCI_IV_2a,2,v1_lda,max-prob,0.9513888888888888,0.95,0.4815800554057117,0.7372262773722628,0.2627737226277372,274
full_deep_bci_iv_2a_validation_postcal,BCI_IV_2a,2,v1_lda,max-prob,1.0,1.0,0.4464539092550613,0.75,0.25,288
full_deep_bci_iv_2a_validation_postcal,BCI_IV_2a,2,eegnet_uncalibrated,max-prob,0.0520833333333333,0.05,0.9835826570989006,0.0666666666666666,0.9333333333333332,15
full_deep_bci_iv_2a_validation_postcal,BCI_IV_2a,2,eegnet_uncalibrated,max-prob,0.1006944444444444,0.1,0.952256837321086,0.0689655172413793,0.9310344827586208,29
full_deep_bci_iv_2a_validation_postcal,BCI_IV_2a,2,eegnet_uncalibrated,max-prob,0.1527777777777778,0.15,0.8290156730236895,0.159090909090909,0.8409090909090909,44
full_deep_bci_iv_2a_validation_postcal,BCI_IV_2a,2,eegnet_uncalibrated,max-prob,0.2013888888888889,0.2,0.6983977427440449,0.1724137931034483,0.8275862068965517,58
full_deep_bci_iv_2a_validation_postcal,BCI_IV_2a,2,eegnet_uncalibrated,max-prob,0.25,0.25,0.6439202143213671,0.2222222222222222,0.7777777777777778,72
full_deep_bci_iv_2a_validation_postcal,BCI_IV_2a,2,eegnet_uncalibrated,max-prob,0.3020833333333333,0.3,0.5909317103469605,0.264367816091954,0.735632183908046,87
full_deep_bci_iv_2a_validation_postcal,BCI_IV_2a,2,eegnet_uncalibrated,max-prob,0.3506944444444444,0.35,0.5747745121757718,0.306930693069307,0.693069306930693,101
full_deep_bci_iv_2a_validation_postcal,BCI_IV_2a,2,eegnet_uncalibrated,max-prob,0.4027777777777778,0.4,0.5457843856208694,0.3706896551724138,0.6293103448275862,116
full_deep_bci_iv_2a_validation_postcal,BCI_IV_2a,2,eegnet_uncalibrated,max-prob,0.4513888888888889,0.45,0.5206879499950069,0.3923076923076923,0.6076923076923076,130
full_deep_bci_iv_2a_validation_postcal,BCI_IV_2a,2,eegnet_uncalibrated,max-prob,0.5,0.5,0.4999870174729411,0.3958333333333333,0.6041666666666666,144
full_deep_bci_iv_2a_validation_postcal,BCI_IV_2a,2,eegnet_uncalibrated,max-prob,0.5520833333333334,0.55,0.4820300502860435,0.4150943396226415,0.5849056603773585,159
full_deep_bci_iv_2a_validation_postcal,BCI_IV_2a,2,eegnet_uncalibrated,max-prob,0.6006944444444444,0.6,0.4670031361452058,0.4335260115606936,0.5664739884393064,173
full_deep_bci_iv_2a_validation_postcal,BCI_IV_2a,2,eegnet_uncalibrated,max-prob,0.6527777777777778,0.65,0.4579663423958684,0.4627659574468085,0.5372340425531915,188
full_deep_bci_iv_2a_validation_postcal,BCI_IV_2a,2,eegnet_uncalibrated,max-prob,0.7013888888888888,0.7,0.4483992734930536,0.4702970297029702,0.5297029702970297,202
full_deep_bci_iv_2a_validation_postcal,BCI_IV_2a,2,eegnet_uncalibrated,max-prob,0.75,0.75,0.4379907500493896,0.4861111111111111,0.5138888888888888,216
full_deep_bci_iv_2a_validation_postcal,BCI_IV_2a,2,eegnet_uncalibrated,max-prob,0.8020833333333334,0.8,0.4202023489077018,0.4978354978354978,0.5021645021645021,231
full_deep_bci_iv_2a_validation_postcal,BCI_IV_2a,2,eegnet_uncalibrated,max-prob,0.8506944444444444,0.85,0.4067629076842531,0.5142857142857142,0.4857142857142857,245
full_deep_bci_iv_2a_validation_postcal,BCI_IV_2a,2,eegnet_uncalibrated,max-prob,0.9027777777777778,0.9,0.3867331168498492,0.5153846153846153,0.4846153846153846,260
full_deep_bci_iv_2a_validation_postcal,BCI_IV_2a,2,eegnet_uncalibrated,max-prob,0.9513888888888888,0.95,0.3695548256585479,0.5182481751824817,0.4817518248175182,274
full_deep_bci_iv_2a_validation_postcal,BCI_IV_2a,2,eegnet_uncalibrated,max-prob,1.0,1.0,0.3011536338671248,0.5243055555555556,0.4756944444444444,288
full_deep_bci_iv_2a_validation_postcal,BCI_IV_2a,2,eegnet_calibrated,max-prob,0.0520833333333333,0.05,0.9436009005645858,0.0666666666666666,0.9333333333333332,15
full_deep_bci_iv_2a_validation_postcal,BCI_IV_2a,2,eegnet_calibrated,max-prob,0.1006944444444444,0.1,0.8809221367376501,0.0689655172413793,0.9310344827586208,29
full_deep_bci_iv_2a_validation_postcal,BCI_IV_2a,2,eegnet_calibrated,max-prob,0.1527777777777778,0.15,0.7227568739883288,0.1363636363636363,0.8636363636363636,44
full_deep_bci_iv_2a_validation_postcal,BCI_IV_2a,2,eegnet_calibrated,max-prob,0.2013888888888889,0.2,0.597352083827207,0.1724137931034483,0.8275862068965517,58
full_deep_bci_iv_2a_validation_postcal,BCI_IV_2a,2,eegnet_calibrated,max-prob,0.25,0.25,0.5589636706565847,0.2361111111111111,0.7638888888888888,72
full_deep_bci_iv_2a_validation_postcal,BCI_IV_2a,2,eegnet_calibrated,max-prob,0.3020833333333333,0.3,0.5209776205519253,0.2528735632183908,0.7471264367816092,87
full_deep_bci_iv_2a_validation_postcal,BCI_IV_2a,2,eegnet_calibrated,max-prob,0.3506944444444444,0.35,0.5083955181391617,0.3168316831683168,0.6831683168316832,101
full_deep_bci_iv_2a_validation_postcal,BCI_IV_2a,2,eegnet_calibrated,max-prob,0.4027777777777778,0.4,0.4883425718443638,0.3706896551724138,0.6293103448275862,116
full_deep_bci_iv_2a_validation_postcal,BCI_IV_2a,2,eegnet_calibrated,max-prob,0.4513888888888889,0.45,0.4701510648183807,0.4,0.6,130
full_deep_bci_iv_2a_validation_postcal,BCI_IV_2a,2,eegnet_calibrated,max-prob,0.5,0.5,0.4530652770764344,0.3958333333333333,0.6041666666666666,144
full_deep_bci_iv_2a_validation_postcal,BCI_IV_2a,2,eegnet_calibrated,max-prob,0.5520833333333334,0.55,0.4388727766070919,0.4150943396226415,0.5849056603773585,159
full_deep_bci_iv_2a_validation_postcal,BCI_IV_2a,2,eegnet_calibrated,max-prob,0.6006944444444444,0.6,0.4294013403185069,0.4277456647398844,0.5722543352601156,173
full_deep_bci_iv_2a_validation_postcal,BCI_IV_2a,2,eegnet_calibrated,max-prob,0.6527777777777778,0.65,0.4188732909165564,0.4574468085106383,0.5425531914893617,188
full_deep_bci_iv_2a_validation_postcal,BCI_IV_2a,2,eegnet_calibrated,max-prob,0.7013888888888888,0.7,0.4121729853548729,0.4752475247524752,0.5247524752475248,202
full_deep_bci_iv_2a_validation_postcal,BCI_IV_2a,2,eegnet_calibrated,max-prob,0.75,0.75,0.4037939838300502,0.4861111111111111,0.5138888888888888,216
full_deep_bci_iv_2a_validation_postcal,BCI_IV_2a,2,eegnet_calibrated,max-prob,0.8020833333333334,0.8,0.389849135755264,0.4978354978354978,0.5021645021645021,231
full_deep_bci_iv_2a_validation_postcal,BCI_IV_2a,2,eegnet_calibrated,max-prob,0.8506944444444444,0.85,0.3748769512191826,0.5142857142857142,0.4857142857142857,245
full_deep_bci_iv_2a_validation_postcal,BCI_IV_2a,2,eegnet_calibrated,max-prob,0.9027777777777778,0.9,0.362684697156971,0.5153846153846153,0.4846153846153846,260
full_deep_bci_iv_2a_validation_postcal,BCI_IV_2a,2,eegnet_calibrated,max-prob,0.9513888888888888,0.95,0.349152290554033,0.5145985401459854,0.4854014598540146,274
full_deep_bci_iv_2a_validation_postcal,BCI_IV_2a,2,eegnet_calibrated,max-prob,1.0,1.0,0.2881017468344006,0.5243055555555556,0.4756944444444444,288
full_deep_bci_iv_2a_validation_postcal,BCI_IV_2a,2,spatial_uncalibrated,max-prob,0.0520833333333333,0.05,0.998813728664396,0.0666666666666666,0.9333333333333332,15
full_deep_bci_iv_2a_validation_postcal,BCI_IV_2a,2,spatial_uncalibrated,max-prob,0.1006944444444444,0.1,0.9942404410847612,0.0344827586206896,0.9655172413793104,29
full_deep_bci_iv_2a_validation_postcal,BCI_IV_2a,2,spatial_uncalibrated,max-prob,0.1527777777777778,0.15,0.985872323152707,0.0454545454545454,0.9545454545454546,44
full_deep_bci_iv_2a_validation_postcal,BCI_IV_2a,2,spatial_uncalibrated,max-prob,0.2013888888888889,0.2,0.9713311587599146,0.0344827586206896,0.9655172413793104,58
full_deep_bci_iv_2a_validation_postcal,BCI_IV_2a,2,spatial_uncalibrated,max-prob,0.25,0.25,0.9341045327028622,0.0555555555555555,0.9444444444444444,72
full_deep_bci_iv_2a_validation_postcal,BCI_IV_2a,2,spatial_uncalibrated,max-prob,0.3020833333333333,0.3,0.8913660194310762,0.0919540229885057,0.9080459770114944,87
full_deep_bci_iv_2a_validation_postcal,BCI_IV_2a,2,spatial_uncalibrated,max-prob,0.3506944444444444,0.35,0.8638280169059207,0.1584158415841584,0.8415841584158416,101
full_deep_bci_iv_2a_validation_postcal,BCI_IV_2a,2,spatial_uncalibrated,max-prob,0.4027777777777778,0.4,0.8131999129311122,0.1810344827586206,0.8189655172413793,116
full_deep_bci_iv_2a_validation_postcal,BCI_IV_2a,2,spatial_uncalibrated,max-prob,0.4513888888888889,0.45,0.7828817577639102,0.2076923076923077,0.7923076923076923,130
full_deep_bci_iv_2a_validation_postcal,BCI_IV_2a,2,spatial_uncalibrated,max-prob,0.5,0.5,0.7496403989574659,0.2222222222222222,0.7777777777777778,144
full_deep_bci_iv_2a_validation_postcal,BCI_IV_2a,2,spatial_uncalibrated,max-prob,0.5520833333333334,0.55,0.7047258842729415,0.2578616352201258,0.7421383647798742,159
full_deep_bci_iv_2a_validation_postcal,BCI_IV_2a,2,spatial_uncalibrated,max-prob,0.6006944444444444,0.6,0.6606948459797098,0.2890173410404624,0.7109826589595376,173
full_deep_bci_iv_2a_validation_postcal,BCI_IV_2a,2,spatial_uncalibrated,max-prob,0.6527777777777778,0.65,0.6187321508697095,0.3138297872340425,0.6861702127659575,188
full_deep_bci_iv_2a_validation_postcal,BCI_IV_2a,2,spatial_uncalibrated,max-prob,0.7013888888888888,0.7,0.5867230435319196,0.3217821782178217,0.6782178217821783,202
full_deep_bci_iv_2a_validation_postcal,BCI_IV_2a,2,spatial_uncalibrated,max-prob,0.75,0.75,0.5461273748185033,0.3379629629629629,0.6620370370370371,216
full_deep_bci_iv_2a_validation_postcal,BCI_IV_2a,2,spatial_uncalibrated,max-prob,0.8020833333333334,0.8,0.5281677739906054,0.3506493506493506,0.6493506493506493,231
full_deep_bci_iv_2a_validation_postcal,BCI_IV_2a,2,spatial_uncalibrated,max-prob,0.8506944444444444,0.85,0.5034394472795234,0.363265306122449,0.636734693877551,245
full_deep_bci_iv_2a_validation_postcal,BCI_IV_2a,2,spatial_uncalibrated,max-prob,0.9027777777777778,0.9,0.4667501355199415,0.3692307692307692,0.6307692307692307,260
full_deep_bci_iv_2a_validation_postcal,BCI_IV_2a,2,spatial_uncalibrated,max-prob,0.9513888888888888,0.95,0.4207276941949938,0.3722627737226277,0.6277372262773723,274
full_deep_bci_iv_2a_validation_postcal,BCI_IV_2a,2,spatial_uncalibrated,max-prob,1.0,1.0,0.3396554024130063,0.3784722222222222,0.6215277777777778,288
full_deep_bci_iv_2a_validation_postcal,BCI_IV_2a,2,spatial_calibrated,max-prob,0.0520833333333333,0.05,0.989983400917284,0.0666666666666666,0.9333333333333332,15
full_deep_bci_iv_2a_validation_postcal,BCI_IV_2a,2,spatial_calibrated,max-prob,0.1006944444444444,0.1,0.9693532629776184,0.0344827586206896,0.9655172413793104,29
full_deep_bci_iv_2a_validation_postcal,BCI_IV_2a,2,spatial_calibrated,max-prob,0.1527777777777778,0.15,0.9474345371032792,0.0454545454545454,0.9545454545454546,44
full_deep_bci_iv_2a_validation_postcal,BCI_IV_2a,2,spatial_calibrated,max-prob,0.2013888888888889,0.2,0.909916874658491,0.0344827586206896,0.9655172413793104,58
full_deep_bci_iv_2a_validation_postcal,BCI_IV_2a,2,spatial_calibrated,max-prob,0.25,0.25,0.8473789039762256,0.0555555555555555,0.9444444444444444,72
full_deep_bci_iv_2a_validation_postcal,BCI_IV_2a,2,spatial_calibrated,max-prob,0.3020833333333333,0.3,0.7921939950773274,0.1034482758620689,0.896551724137931,87
full_deep_bci_iv_2a_validation_postcal,BCI_IV_2a,2,spatial_calibrated,max-prob,0.3506944444444444,0.35,0.7567725577339953,0.1386138613861386,0.8613861386138614,101
full_deep_bci_iv_2a_validation_postcal,BCI_IV_2a,2,spatial_calibrated,max-prob,0.4027777777777778,0.4,0.7190160640774043,0.1637931034482759,0.8362068965517241,116
full_deep_bci_iv_2a_validation_postcal,BCI_IV_2a,2,spatial_calibrated,max-prob,0.4513888888888889,0.45,0.6735510024438227,0.1999999999999999,0.8,130
full_deep_bci_iv_2a_validation_postcal,BCI_IV_2a,2,spatial_calibrated,max-prob,0.5,0.5,0.6525208807977285,0.2361111111111111,0.7638888888888888,144
full_deep_bci_iv_2a_validation_postcal,BCI_IV_2a,2,spatial_calibrated,max-prob,0.5520833333333334,0.55,0.6149082082311336,0.2515723270440252,0.7484276729559748,159
full_deep_bci_iv_2a_validation_postcal,BCI_IV_2a,2,spatial_calibrated,max-prob,0.6006944444444444,0.6,0.5853580967579302,0.2890173410404624,0.7109826589595376,173
full_deep_bci_iv_2a_validation_postcal,BCI_IV_2a,2,spatial_calibrated,max-prob,0.6527777777777778,0.65,0.5426511334721978,0.3085106382978723,0.6914893617021277,188
full_deep_bci_iv_2a_validation_postcal,BCI_IV_2a,2,spatial_calibrated,max-prob,0.7013888888888888,0.7,0.5179771335798636,0.3168316831683168,0.6831683168316832,202
full_deep_bci_iv_2a_validation_postcal,BCI_IV_2a,2,spatial_calibrated,max-prob,0.75,0.75,0.4917811027236655,0.3287037037037037,0.6712962962962963,216
full_deep_bci_iv_2a_validation_postcal,BCI_IV_2a,2,spatial_calibrated,max-prob,0.8020833333333334,0.8,0.4745902928157692,0.3419913419913419,0.658008658008658,231
full_deep_bci_iv_2a_validation_postcal,BCI_IV_2a,2,spatial_calibrated,max-prob,0.8506944444444444,0.85,0.4559962112541284,0.3673469387755101,0.6326530612244898,245
full_deep_bci_iv_2a_validation_postcal,BCI_IV_2a,2,spatial_calibrated,max-prob,0.9027777777777778,0.9,0.4289100947042881,0.3692307692307692,0.6307692307692307,260
full_deep_bci_iv_2a_validation_postcal,BCI_IV_2a,2,spatial_calibrated,max-prob,0.9513888888888888,0.95,0.3870391799288442,0.3722627737226277,0.6277372262773723,274
full_deep_bci_iv_2a_validation_postcal,BCI_IV_2a,2,spatial_calibrated,max-prob,1.0,1.0,0.3372966472154073,0.3784722222222222,0.6215277777777778,288
full_deep_bci_iv_2a_validation_postcal,BCI_IV_2a,2,deep_ensemble_validation_weighted,max-prob,0.0520833333333333,0.05,0.9906561499107648,0.0666666666666666,0.9333333333333332,15
full_deep_bci_iv_2a_validation_postcal,BCI_IV_2a,2,deep_ensemble_validation_weighted,max-prob,0.1006944444444444,0.1,0.9585490033319044,0.0344827586206896,0.9655172413793104,29
full_deep_bci_iv_2a_validation_postcal,BCI_IV_2a,2,deep_ensemble_validation_weighted,max-prob,0.1527777777777778,0.15,0.88719035677176,0.0227272727272727,0.9772727272727272,44
full_deep_bci_iv_2a_validation_postcal,BCI_IV_2a,2,deep_ensemble_validation_weighted,max-prob,0.2013888888888889,0.2,0.8122412794143279,0.0517241379310344,0.9482758620689656,58
full_deep_bci_iv_2a_validation_postcal,BCI_IV_2a,2,deep_ensemble_validation_weighted,max-prob,0.25,0.25,0.7751814400276331,0.1111111111111111,0.8888888888888888,72
full_deep_bci_iv_2a_validation_postcal,BCI_IV_2a,2,deep_ensemble_validation_weighted,max-prob,0.3020833333333333,0.3,0.7387206912156006,0.1494252873563218,0.8505747126436781,87
full_deep_bci_iv_2a_validation_postcal,BCI_IV_2a,2,deep_ensemble_validation_weighted,max-prob,0.3506944444444444,0.35,0.6969193860730422,0.1683168316831683,0.8316831683168316,101
full_deep_bci_iv_2a_validation_postcal,BCI_IV_2a,2,deep_ensemble_validation_weighted,max-prob,0.4027777777777778,0.4,0.6739156963007996,0.1724137931034483,0.8275862068965517,116
full_deep_bci_iv_2a_validation_postcal,BCI_IV_2a,2,deep_ensemble_validation_weighted,max-prob,0.4513888888888889,0.45,0.6261437937263622,0.1923076923076923,0.8076923076923077,130
full_deep_bci_iv_2a_validation_postcal,BCI_IV_2a,2,deep_ensemble_validation_weighted,max-prob,0.5,0.5,0.5940969604201531,0.2430555555555555,0.7569444444444444,144
full_deep_bci_iv_2a_validation_postcal,BCI_IV_2a,2,deep_ensemble_validation_weighted,max-prob,0.5520833333333334,0.55,0.5669764355966128,0.2641509433962264,0.7358490566037735,159
full_deep_bci_iv_2a_validation_postcal,BCI_IV_2a,2,deep_ensemble_validation_weighted,max-prob,0.6006944444444444,0.6,0.5510319230642398,0.2832369942196532,0.7167630057803468,173
full_deep_bci_iv_2a_validation_postcal,BCI_IV_2a,2,deep_ensemble_validation_weighted,max-prob,0.6527777777777778,0.65,0.5189795859759342,0.3085106382978723,0.6914893617021277,188
full_deep_bci_iv_2a_validation_postcal,BCI_IV_2a,2,deep_ensemble_validation_weighted,max-prob,0.7013888888888888,0.7,0.5030970875164393,0.3316831683168316,0.6683168316831684,202
full_deep_bci_iv_2a_validation_postcal,BCI_IV_2a,2,deep_ensemble_validation_weighted,max-prob,0.75,0.75,0.4779632520197952,0.3611111111111111,0.6388888888888888,216
full_deep_bci_iv_2a_validation_postcal,BCI_IV_2a,2,deep_ensemble_validation_weighted,max-prob,0.8020833333333334,0.8,0.4606329573713413,0.3809523809523809,0.6190476190476191,231
full_deep_bci_iv_2a_validation_postcal,BCI_IV_2a,2,deep_ensemble_validation_weighted,max-prob,0.8506944444444444,0.85,0.451723018434526,0.3795918367346939,0.6204081632653061,245
full_deep_bci_iv_2a_validation_postcal,BCI_IV_2a,2,deep_ensemble_validation_weighted,max-prob,0.9027777777777778,0.9,0.4291259040008081,0.3846153846153846,0.6153846153846154,260
full_deep_bci_iv_2a_validation_postcal,BCI_IV_2a,2,deep_ensemble_validation_weighted,max-prob,0.9513888888888888,0.95,0.3817629143591352,0.3868613138686131,0.6131386861313869,274
full_deep_bci_iv_2a_validation_postcal,BCI_IV_2a,2,deep_ensemble_validation_weighted,max-prob,1.0,1.0,0.3284304013921815,0.3923611111111111,0.6076388888888888,288
full_deep_bci_iv_2a_validation_postcal,BCI_IV_2a,3,v1_lda,max-prob,0.0520833333333333,0.05,0.8256026273583176,0.0,1.0,15
full_deep_bci_iv_2a_validation_postcal,BCI_IV_2a,3,v1_lda,max-prob,0.1006944444444444,0.1,0.7849570220754803,0.0,1.0,29
full_deep_bci_iv_2a_validation_postcal,BCI_IV_2a,3,v1_lda,max-prob,0.1527777777777778,0.15,0.766205829081951,0.0227272727272727,0.9772727272727272,44
full_deep_bci_iv_2a_validation_postcal,BCI_IV_2a,3,v1_lda,max-prob,0.2013888888888889,0.2,0.7441401981851041,0.0172413793103448,0.9827586206896552,58
full_deep_bci_iv_2a_validation_postcal,BCI_IV_2a,3,v1_lda,max-prob,0.25,0.25,0.7166663997698088,0.0277777777777777,0.9722222222222222,72
full_deep_bci_iv_2a_validation_postcal,BCI_IV_2a,3,v1_lda,max-prob,0.3020833333333333,0.3,0.685512562415306,0.0344827586206896,0.9655172413793104,87
full_deep_bci_iv_2a_validation_postcal,BCI_IV_2a,3,v1_lda,max-prob,0.3506944444444444,0.35,0.6713519583180786,0.0495049504950495,0.9504950495049505,101
full_deep_bci_iv_2a_validation_postcal,BCI_IV_2a,3,v1_lda,max-prob,0.4027777777777778,0.4,0.6537994318953156,0.0517241379310344,0.9482758620689656,116
full_deep_bci_iv_2a_validation_postcal,BCI_IV_2a,3,v1_lda,max-prob,0.4513888888888889,0.45,0.6296685761741602,0.0769230769230768,0.9230769230769232,130
full_deep_bci_iv_2a_validation_postcal,BCI_IV_2a,3,v1_lda,max-prob,0.5,0.5,0.6055594082275817,0.0833333333333333,0.9166666666666666,144
full_deep_bci_iv_2a_validation_postcal,BCI_IV_2a,3,v1_lda,max-prob,0.5520833333333334,0.55,0.5791486111818481,0.0943396226415094,0.9056603773584906,159
full_deep_bci_iv_2a_validation_postcal,BCI_IV_2a,3,v1_lda,max-prob,0.6006944444444444,0.6,0.5615467936432907,0.1098265895953757,0.8901734104046243,173
full_deep_bci_iv_2a_validation_postcal,BCI_IV_2a,3,v1_lda,max-prob,0.6527777777777778,0.65,0.5380721951426608,0.127659574468085,0.8723404255319149,188
full_deep_bci_iv_2a_validation_postcal,BCI_IV_2a,3,v1_lda,max-prob,0.7013888888888888,0.7,0.5191889329352708,0.1584158415841584,0.8415841584158416,202
full_deep_bci_iv_2a_validation_postcal,BCI_IV_2a,3,v1_lda,max-prob,0.75,0.75,0.4984352933504986,0.1712962962962962,0.8287037037037037,216
full_deep_bci_iv_2a_validation_postcal,BCI_IV_2a,3,v1_lda,max-prob,0.8020833333333334,0.8,0.4792332809033641,0.1774891774891774,0.8225108225108225,231
full_deep_bci_iv_2a_validation_postcal,BCI_IV_2a,3,v1_lda,max-prob,0.8506944444444444,0.85,0.4544798596687974,0.1755102040816326,0.8244897959183674,245
full_deep_bci_iv_2a_validation_postcal,BCI_IV_2a,3,v1_lda,max-prob,0.9027777777777778,0.9,0.4282055793907582,0.2038461538461539,0.7961538461538461,260
full_deep_bci_iv_2a_validation_postcal,BCI_IV_2a,3,v1_lda,max-prob,0.9513888888888888,0.95,0.3992524511297079,0.22992700729927,0.7700729927007299,274
full_deep_bci_iv_2a_validation_postcal,BCI_IV_2a,3,v1_lda,max-prob,1.0,1.0,0.2984318768006686,0.2361111111111111,0.7638888888888888,288
full_deep_bci_iv_2a_validation_postcal,BCI_IV_2a,3,eegnet_uncalibrated,max-prob,0.0520833333333333,0.05,0.9937341779396118,0.0,1.0,15
full_deep_bci_iv_2a_validation_postcal,BCI_IV_2a,3,eegnet_uncalibrated,max-prob,0.1006944444444444,0.1,0.9899181246499934,0.0689655172413793,0.9310344827586208,29
full_deep_bci_iv_2a_validation_postcal,BCI_IV_2a,3,eegnet_uncalibrated,max-prob,0.1527777777777778,0.15,0.9837356710577936,0.0454545454545454,0.9545454545454546,44
full_deep_bci_iv_2a_validation_postcal,BCI_IV_2a,3,eegnet_uncalibrated,max-prob,0.2013888888888889,0.2,0.9766076862570354,0.0344827586206896,0.9655172413793104,58
full_deep_bci_iv_2a_validation_postcal,BCI_IV_2a,3,eegnet_uncalibrated,max-prob,0.25,0.25,0.9630524200263632,0.0416666666666666,0.9583333333333334,72
full_deep_bci_iv_2a_validation_postcal,BCI_IV_2a,3,eegnet_uncalibrated,max-prob,0.3020833333333333,0.3,0.9508622553692206,0.0344827586206896,0.9655172413793104,87
full_deep_bci_iv_2a_validation_postcal,BCI_IV_2a,3,eegnet_uncalibrated,max-prob,0.3506944444444444,0.35,0.9395562803993768,0.0396039603960396,0.9603960396039604,101
full_deep_bci_iv_2a_validation_postcal,BCI_IV_2a,3,eegnet_uncalibrated,max-prob,0.4027777777777778,0.4,0.9247721330702456,0.0344827586206896,0.9655172413793104,116
full_deep_bci_iv_2a_validation_postcal,BCI_IV_2a,3,eegnet_uncalibrated,max-prob,0.4513888888888889,0.45,0.9059801639352326,0.0384615384615384,0.9615384615384616,130
full_deep_bci_iv_2a_validation_postcal,BCI_IV_2a,3,eegnet_uncalibrated,max-prob,0.5,0.5,0.8845427953774048,0.0555555555555555,0.9444444444444444,144
full_deep_bci_iv_2a_validation_postcal,BCI_IV_2a,3,eegnet_uncalibrated,max-prob,0.5520833333333334,0.55,0.8602294469560081,0.0754716981132075,0.9245283018867924,159
full_deep_bci_iv_2a_validation_postcal,BCI_IV_2a,3,eegnet_uncalibrated,max-prob,0.6006944444444444,0.6,0.828836011101715,0.0809248554913294,0.9190751445086706,173
full_deep_bci_iv_2a_validation_postcal,BCI_IV_2a,3,eegnet_uncalibrated,max-prob,0.6527777777777778,0.65,0.782927854201464,0.0851063829787234,0.9148936170212766,188
full_deep_bci_iv_2a_validation_postcal,BCI_IV_2a,3,eegnet_uncalibrated,max-prob,0.7013888888888888,0.7,0.7401895929690149,0.1089108910891089,0.8910891089108911,202
full_deep_bci_iv_2a_validation_postcal,BCI_IV_2a,3,eegnet_uncalibrated,max-prob,0.75,0.75,0.7051951759251605,0.125,0.875,216
full_deep_bci_iv_2a_validation_postcal,BCI_IV_2a,3,eegnet_uncalibrated,max-prob,0.8020833333333334,0.8,0.6377471204451803,0.1428571428571429,0.8571428571428571,231
full_deep_bci_iv_2a_validation_postcal,BCI_IV_2a,3,eegnet_uncalibrated,max-prob,0.8506944444444444,0.85,0.58947344326426,0.1551020408163265,0.8448979591836735,245
full_deep_bci_iv_2a_validation_postcal,BCI_IV_2a,3,eegnet_uncalibrated,max-prob,0.9027777777777778,0.9,0.5441633690010154,0.1846153846153846,0.8153846153846154,260
full_deep_bci_iv_2a_validation_postcal,BCI_IV_2a,3,eegnet_uncalibrated,max-prob,0.9513888888888888,0.95,0.5091922411764485,0.1934306569343066,0.8065693430656934,274
full_deep_bci_iv_2a_validation_postcal,BCI_IV_2a,3,eegnet_uncalibrated,max-prob,1.0,1.0,0.3368308538801622,0.21875,0.78125,288
full_deep_bci_iv_2a_validation_postcal,BCI_IV_2a,3,eegnet_calibrated,max-prob,0.0520833333333333,0.05,0.9882515002813512,0.0,1.0,15
full_deep_bci_iv_2a_validation_postcal,BCI_IV_2a,3,eegnet_calibrated,max-prob,0.1006944444444444,0.1,0.9817982185466037,0.0689655172413793,0.9310344827586208,29
full_deep_bci_iv_2a_validation_postcal,BCI_IV_2a,3,eegnet_calibrated,max-prob,0.1527777777777778,0.15,0.9728145801389954,0.0454545454545454,0.9545454545454546,44
full_deep_bci_iv_2a_validation_postcal,BCI_IV_2a,3,eegnet_calibrated,max-prob,0.2013888888888889,0.2,0.9618120408405196,0.0344827586206896,0.9655172413793104,58
full_deep_bci_iv_2a_validation_postcal,BCI_IV_2a,3,eegnet_calibrated,max-prob,0.25,0.25,0.9466905839305846,0.0416666666666666,0.9583333333333334,72
full_deep_bci_iv_2a_validation_postcal,BCI_IV_2a,3,eegnet_calibrated,max-prob,0.3020833333333333,0.3,0.9288403248530874,0.0459770114942529,0.9540229885057472,87
full_deep_bci_iv_2a_validation_postcal,BCI_IV_2a,3,eegnet_calibrated,max-prob,0.3506944444444444,0.35,0.9166579617583004,0.0396039603960396,0.9603960396039604,101
full_deep_bci_iv_2a_validation_postcal,BCI_IV_2a,3,eegnet_calibrated,max-prob,0.4027777777777778,0.4,0.8970268305027267,0.0344827586206896,0.9655172413793104,116
full_deep_bci_iv_2a_validation_postcal,BCI_IV_2a,3,eegnet_calibrated,max-prob,0.4513888888888889,0.45,0.8738367735732683,0.0461538461538461,0.953846153846154,130
full_deep_bci_iv_2a_validation_postcal,BCI_IV_2a,3,eegnet_calibrated,max-prob,0.5,0.5,0.8520720723767541,0.0416666666666666,0.9583333333333334,144
full_deep_bci_iv_2a_validation_postcal,BCI_IV_2a,3,eegnet_calibrated,max-prob,0.5520833333333334,0.55,0.8289459129300313,0.0754716981132075,0.9245283018867924,159
full_deep_bci_iv_2a_validation_postcal,BCI_IV_2a,3,eegnet_calibrated,max-prob,0.6006944444444444,0.6,0.7988454106930156,0.0809248554913294,0.9190751445086706,173
full_deep_bci_iv_2a_validation_postcal,BCI_IV_2a,3,eegnet_calibrated,max-prob,0.6527777777777778,0.65,0.7528595616326854,0.0851063829787234,0.9148936170212766,188
full_deep_bci_iv_2a_validation_postcal,BCI_IV_2a,3,eegnet_calibrated,max-prob,0.7013888888888888,0.7,0.7063364028251036,0.1089108910891089,0.8910891089108911,202
full_deep_bci_iv_2a_validation_postcal,BCI_IV_2a,3,eegnet_calibrated,max-prob,0.75,0.75,0.6772562834293918,0.125,0.875,216
full_deep_bci_iv_2a_validation_postcal,BCI_IV_2a,3,eegnet_calibrated,max-prob,0.8020833333333334,0.8,0.6022541014457622,0.1428571428571429,0.8571428571428571,231
full_deep_bci_iv_2a_validation_postcal,BCI_IV_2a,3,eegnet_calibrated,max-prob,0.8506944444444444,0.85,0.5612490608427987,0.1591836734693877,0.8408163265306122,245
full_deep_bci_iv_2a_validation_postcal,BCI_IV_2a,3,eegnet_calibrated,max-prob,0.9027777777777778,0.9,0.5231519308147704,0.1807692307692308,0.8192307692307692,260
full_deep_bci_iv_2a_validation_postcal,BCI_IV_2a,3,eegnet_calibrated,max-prob,0.9513888888888888,0.95,0.4915392940202264,0.1970802919708029,0.8029197080291971,274
full_deep_bci_iv_2a_validation_postcal,BCI_IV_2a,3,eegnet_calibrated,max-prob,1.0,1.0,0.3263156132325256,0.21875,0.78125,288
full_deep_bci_iv_2a_validation_postcal,BCI_IV_2a,3,spatial_uncalibrated,max-prob,0.0520833333333333,0.05,0.9998712365708208,0.0666666666666666,0.9333333333333332,15
full_deep_bci_iv_2a_validation_postcal,BCI_IV_2a,3,spatial_uncalibrated,max-prob,0.1006944444444444,0.1,0.999603966684398,0.0344827586206896,0.9655172413793104,29
full_deep_bci_iv_2a_validation_postcal,BCI_IV_2a,3,spatial_uncalibrated,max-prob,0.1527777777777778,0.15,0.99916080238716,0.0227272727272727,0.9772727272727272,44
full_deep_bci_iv_2a_validation_postcal,BCI_IV_2a,3,spatial_uncalibrated,max-prob,0.2013888888888889,0.2,0.9979021579271208,0.0344827586206896,0.9655172413793104,58
full_deep_bci_iv_2a_validation_postcal,BCI_IV_2a,3,spatial_uncalibrated,max-prob,0.25,0.25,0.9969157228763912,0.0416666666666666,0.9583333333333334,72
full_deep_bci_iv_2a_validation_postcal,BCI_IV_2a,3,spatial_uncalibrated,max-prob,0.3020833333333333,0.3,0.9952580111915504,0.0344827586206896,0.9655172413793104,87
full_deep_bci_iv_2a_validation_postcal,BCI_IV_2a,3,spatial_uncalibrated,max-prob,0.3506944444444444,0.35,0.9930959494060578,0.0297029702970297,0.9702970297029704,101
full_deep_bci_iv_2a_validation_postcal,BCI_IV_2a,3,spatial_uncalibrated,max-prob,0.4027777777777778,0.4,0.990339575882132,0.0344827586206896,0.9655172413793104,116
full_deep_bci_iv_2a_validation_postcal,BCI_IV_2a,3,spatial_uncalibrated,max-prob,0.4513888888888889,0.45,0.9875014412365531,0.0384615384615384,0.9615384615384616,130
full_deep_bci_iv_2a_validation_postcal,BCI_IV_2a,3,spatial_uncalibrated,max-prob,0.5,0.5,0.9821055331751666,0.0347222222222222,0.9652777777777778,144
full_deep_bci_iv_2a_validation_postcal,BCI_IV_2a,3,spatial_uncalibrated,max-prob,0.5520833333333334,0.55,0.9753680646854967,0.0314465408805031,0.9685534591194968,159
full_deep_bci_iv_2a_validation_postcal,BCI_IV_2a,3,spatial_uncalibrated,max-prob,0.6006944444444444,0.6,0.9665414038588908,0.0346820809248554,0.9653179190751444,173
full_deep_bci_iv_2a_validation_postcal,BCI_IV_2a,3,spatial_uncalibrated,max-prob,0.6527777777777778,0.65,0.9490854716999906,0.0319148936170212,0.9680851063829788,188
full_deep_bci_iv_2a_validation_postcal,BCI_IV_2a,3,spatial_uncalibrated,max-prob,0.7013888888888888,0.7,0.93681815880921,0.0544554455445545,0.9455445544554456,202
full_deep_bci_iv_2a_validation_postcal,BCI_IV_2a,3,spatial_uncalibrated,max-prob,0.75,0.75,0.9127628759517163,0.0509259259259259,0.949074074074074,216
full_deep_bci_iv_2a_validation_postcal,BCI_IV_2a,3,spatial_uncalibrated,max-prob,0.8020833333333334,0.8,0.8773299181388948,0.0519480519480519,0.948051948051948,231
full_deep_bci_iv_2a_validation_postcal,BCI_IV_2a,3,spatial_uncalibrated,max-prob,0.8506944444444444,0.85,0.7991900424878289,0.0489795918367347,0.9510204081632652,245
full_deep_bci_iv_2a_validation_postcal,BCI_IV_2a,3,spatial_uncalibrated,max-prob,0.9027777777777778,0.9,0.74593638232545,0.073076923076923,0.926923076923077,260
full_deep_bci_iv_2a_validation_postcal,BCI_IV_2a,3,spatial_uncalibrated,max-prob,0.9513888888888888,0.95,0.6525375776398723,0.083941605839416,0.916058394160584,274
full_deep_bci_iv_2a_validation_postcal,BCI_IV_2a,3,spatial_uncalibrated,max-prob,1.0,1.0,0.4524973143588034,0.0972222222222222,0.9027777777777778,288
full_deep_bci_iv_2a_validation_postcal,BCI_IV_2a,3,spatial_calibrated,max-prob,0.0520833333333333,0.05,0.9993791433777542,0.0666666666666666,0.9333333333333332,15
full_deep_bci_iv_2a_validation_postcal,BCI_IV_2a,3,spatial_calibrated,max-prob,0.1006944444444444,0.1,0.998351560018052,0.0344827586206896,0.9655172413793104,29
full_deep_bci_iv_2a_validation_postcal,BCI_IV_2a,3,spatial_calibrated,max-prob,0.1527777777777778,0.15,0.9970426647915258,0.0227272727272727,0.9772727272727272,44
full_deep_bci_iv_2a_validation_postcal,BCI_IV_2a,3,spatial_calibrated,max-prob,0.2013888888888889,0.2,0.9939935010502868,0.0344827586206896,0.9655172413793104,58
full_deep_bci_iv_2a_validation_postcal,BCI_IV_2a,3,spatial_calibrated,max-prob,0.25,0.25,0.9914449821760396,0.0416666666666666,0.9583333333333334,72
full_deep_bci_iv_2a_validation_postcal,BCI_IV_2a,3,spatial_calibrated,max-prob,0.3020833333333333,0.3,0.987604354296964,0.0344827586206896,0.9655172413793104,87
full_deep_bci_iv_2a_validation_postcal,BCI_IV_2a,3,spatial_calibrated,max-prob,0.3506944444444444,0.35,0.9827488920555888,0.0297029702970297,0.9702970297029704,101
full_deep_bci_iv_2a_validation_postcal,BCI_IV_2a,3,spatial_calibrated,max-prob,0.4027777777777778,0.4,0.9776404822051168,0.0344827586206896,0.9655172413793104,116
full_deep_bci_iv_2a_validation_postcal,BCI_IV_2a,3,spatial_calibrated,max-prob,0.4513888888888889,0.45,0.9736550415575388,0.0384615384615384,0.9615384615384616,130
full_deep_bci_iv_2a_validation_postcal,BCI_IV_2a,3,spatial_calibrated,max-prob,0.5,0.5,0.96279929381504,0.0347222222222222,0.9652777777777778,144
full_deep_bci_iv_2a_validation_postcal,BCI_IV_2a,3,spatial_calibrated,max-prob,0.5520833333333334,0.55,0.9541257980986548,0.0314465408805031,0.9685534591194968,159
full_deep_bci_iv_2a_validation_postcal,BCI_IV_2a,3,spatial_calibrated,max-prob,0.6006944444444444,0.6,0.940056421899238,0.0289017341040462,0.9710982658959536,173
full_deep_bci_iv_2a_validation_postcal,BCI_IV_2a,3,spatial_calibrated,max-prob,0.6527777777777778,0.65,0.9152686057824552,0.0319148936170212,0.9680851063829788,188
full_deep_bci_iv_2a_validation_postcal,BCI_IV_2a,3,spatial_calibrated,max-prob,0.7013888888888888,0.7,0.8999283091754257,0.0495049504950495,0.9504950495049505,202
full_deep_bci_iv_2a_validation_postcal,BCI_IV_2a,3,spatial_calibrated,max-prob,0.75,0.75,0.8660231676781653,0.0509259259259259,0.949074074074074,216
full_deep_bci_iv_2a_validation_postcal,BCI_IV_2a,3,spatial_calibrated,max-prob,0.8020833333333334,0.8,0.832582471503731,0.0519480519480519,0.948051948051948,231
full_deep_bci_iv_2a_validation_postcal,BCI_IV_2a,3,spatial_calibrated,max-prob,0.8506944444444444,0.85,0.7548652717128816,0.0489795918367347,0.9510204081632652,245
full_deep_bci_iv_2a_validation_postcal,BCI_IV_2a,3,spatial_calibrated,max-prob,0.9027777777777778,0.9,0.6895873337327884,0.0692307692307692,0.9307692307692308,260
full_deep_bci_iv_2a_validation_postcal,BCI_IV_2a,3,spatial_calibrated,max-prob,0.9513888888888888,0.95,0.6228758725565643,0.083941605839416,0.916058394160584,274
full_deep_bci_iv_2a_validation_postcal,BCI_IV_2a,3,spatial_calibrated,max-prob,1.0,1.0,0.4196101530363165,0.0972222222222222,0.9027777777777778,288
full_deep_bci_iv_2a_validation_postcal,BCI_IV_2a,3,deep_ensemble_validation_weighted,max-prob,0.0520833333333333,0.05,0.999104466956944,0.0,1.0,15
full_deep_bci_iv_2a_validation_postcal,BCI_IV_2a,3,deep_ensemble_validation_weighted,max-prob,0.1006944444444444,0.1,0.9982095123299556,0.0344827586206896,0.9655172413793104,29
full_deep_bci_iv_2a_validation_postcal,BCI_IV_2a,3,deep_ensemble_validation_weighted,max-prob,0.1527777777777778,0.15,0.9965119635397304,0.0227272727272727,0.9772727272727272,44
full_deep_bci_iv_2a_validation_postcal,BCI_IV_2a,3,deep_ensemble_validation_weighted,max-prob,0.2013888888888889,0.2,0.9936878091373524,0.0172413793103448,0.9827586206896552,58
full_deep_bci_iv_2a_validation_postcal,BCI_IV_2a,3,deep_ensemble_validation_weighted,max-prob,0.25,0.25,0.9904788750458454,0.0138888888888888,0.9861111111111112,72
full_deep_bci_iv_2a_validation_postcal,BCI_IV_2a,3,deep_ensemble_validation_weighted,max-prob,0.3020833333333333,0.3,0.9856677569246352,0.0114942528735632,0.9885057471264368,87
full_deep_bci_iv_2a_validation_postcal,BCI_IV_2a,3,deep_ensemble_validation_weighted,max-prob,0.3506944444444444,0.35,0.9811180096848394,0.0099009900990099,0.99009900990099,101
full_deep_bci_iv_2a_validation_postcal,BCI_IV_2a,3,deep_ensemble_validation_weighted,max-prob,0.4027777777777778,0.4,0.9727785987181906,0.0086206896551723,0.9913793103448276,116
full_deep_bci_iv_2a_validation_postcal,BCI_IV_2a,3,deep_ensemble_validation_weighted,max-prob,0.4513888888888889,0.45,0.96103325579234,0.0076923076923076,0.9923076923076924,130
full_deep_bci_iv_2a_validation_postcal,BCI_IV_2a,3,deep_ensemble_validation_weighted,max-prob,0.5,0.5,0.9499425768793855,0.0069444444444444,0.9930555555555556,144
full_deep_bci_iv_2a_validation_postcal,BCI_IV_2a,3,deep_ensemble_validation_weighted,max-prob,0.5520833333333334,0.55,0.9273379049824888,0.0188679245283018,0.981132075471698,159
full_deep_bci_iv_2a_validation_postcal,BCI_IV_2a,3,deep_ensemble_validation_weighted,max-prob,0.6006944444444444,0.6,0.8997084421029011,0.0231213872832369,0.976878612716763,173
full_deep_bci_iv_2a_validation_postcal,BCI_IV_2a,3,deep_ensemble_validation_weighted,max-prob,0.6527777777777778,0.65,0.8664044515202477,0.0372340425531915,0.9627659574468084,188
full_deep_bci_iv_2a_validation_postcal,BCI_IV_2a,3,deep_ensemble_validation_weighted,max-prob,0.7013888888888888,0.7,0.8490144435174628,0.0396039603960396,0.9603960396039604,202
full_deep_bci_iv_2a_validation_postcal,BCI_IV_2a,3,deep_ensemble_validation_weighted,max-prob,0.75,0.75,0.8216733471739147,0.0509259259259259,0.949074074074074,216
full_deep_bci_iv_2a_validation_postcal,BCI_IV_2a,3,deep_ensemble_validation_weighted,max-prob,0.8020833333333334,0.8,0.7730338109642857,0.0606060606060605,0.9393939393939394,231
full_deep_bci_iv_2a_validation_postcal,BCI_IV_2a,3,deep_ensemble_validation_weighted,max-prob,0.8506944444444444,0.85,0.7293478504236247,0.0775510204081633,0.9224489795918368,245
full_deep_bci_iv_2a_validation_postcal,BCI_IV_2a,3,deep_ensemble_validation_weighted,max-prob,0.9027777777777778,0.9,0.6416453883840182,0.073076923076923,0.926923076923077,260
full_deep_bci_iv_2a_validation_postcal,BCI_IV_2a,3,deep_ensemble_validation_weighted,max-prob,0.9513888888888888,0.95,0.5752220240707737,0.083941605839416,0.916058394160584,274
full_deep_bci_iv_2a_validation_postcal,BCI_IV_2a,3,deep_ensemble_validation_weighted,max-prob,1.0,1.0,0.4658146793665421,0.1076388888888888,0.8923611111111112,288
full_deep_bci_iv_2a_validation_postcal,BCI_IV_2a,4,v1_lda,max-prob,0.0520833333333333,0.05,0.3987908265475812,0.4666666666666667,0.5333333333333333,15
full_deep_bci_iv_2a_validation_postcal,BCI_IV_2a,4,v1_lda,max-prob,0.1006944444444444,0.1,0.3825458844995844,0.6206896551724138,0.3793103448275862,29
full_deep_bci_iv_2a_validation_postcal,BCI_IV_2a,4,v1_lda,max-prob,0.1527777777777778,0.15,0.3735999748848975,0.5909090909090908,0.4090909090909091,44
full_deep_bci_iv_2a_validation_postcal,BCI_IV_2a,4,v1_lda,max-prob,0.2013888888888889,0.2,0.3654950589863228,0.603448275862069,0.396551724137931,58
full_deep_bci_iv_2a_validation_postcal,BCI_IV_2a,4,v1_lda,max-prob,0.25,0.25,0.3600389976046519,0.5833333333333333,0.4166666666666667,72
full_deep_bci_iv_2a_validation_postcal,BCI_IV_2a,4,v1_lda,max-prob,0.3020833333333333,0.3,0.3567762046430208,0.5977011494252873,0.4022988505747126,87
full_deep_bci_iv_2a_validation_postcal,BCI_IV_2a,4,v1_lda,max-prob,0.3506944444444444,0.35,0.3543343954370539,0.6138613861386139,0.3861386138613861,101
full_deep_bci_iv_2a_validation_postcal,BCI_IV_2a,4,v1_lda,max-prob,0.4027777777777778,0.4,0.3514676555859229,0.6293103448275862,0.3706896551724138,116
full_deep_bci_iv_2a_validation_postcal,BCI_IV_2a,4,v1_lda,max-prob,0.4513888888888889,0.45,0.3498462269794253,0.6307692307692307,0.3692307692307692,130
full_deep_bci_iv_2a_validation_postcal,BCI_IV_2a,4,v1_lda,max-prob,0.5,0.5,0.3479071086084286,0.6527777777777778,0.3472222222222222,144
full_deep_bci_iv_2a_validation_postcal,BCI_IV_2a,4,v1_lda,max-prob,0.5520833333333334,0.55,0.3456713979630974,0.679245283018868,0.320754716981132,159
full_deep_bci_iv_2a_validation_postcal,BCI_IV_2a,4,v1_lda,max-prob,0.6006944444444444,0.6,0.3431574607888604,0.676300578034682,0.3236994219653179,173
full_deep_bci_iv_2a_validation_postcal,BCI_IV_2a,4,v1_lda,max-prob,0.6527777777777778,0.65,0.3417209461564733,0.6861702127659575,0.3138297872340425,188
full_deep_bci_iv_2a_validation_postcal,BCI_IV_2a,4,v1_lda,max-prob,0.7013888888888888,0.7,0.3406100996900341,0.698019801980198,0.3019801980198019,202
full_deep_bci_iv_2a_validation_postcal,BCI_IV_2a,4,v1_lda,max-prob,0.75,0.75,0.3396957615762737,0.7083333333333333,0.2916666666666667,216
full_deep_bci_iv_2a_validation_postcal,BCI_IV_2a,4,v1_lda,max-prob,0.8020833333333334,0.8,0.3380257261514243,0.7142857142857143,0.2857142857142857,231
full_deep_bci_iv_2a_validation_postcal,BCI_IV_2a,4,v1_lda,max-prob,0.8506944444444444,0.85,0.3366916095464399,0.726530612244898,0.273469387755102,245
full_deep_bci_iv_2a_validation_postcal,BCI_IV_2a,4,v1_lda,max-prob,0.9027777777777778,0.9,0.3356816462496878,0.7307692307692308,0.2692307692307692,260
full_deep_bci_iv_2a_validation_postcal,BCI_IV_2a,4,v1_lda,max-prob,0.9513888888888888,0.95,0.334342063551236,0.7408759124087592,0.2591240875912409,274
full_deep_bci_iv_2a_validation_postcal,BCI_IV_2a,4,v1_lda,max-prob,1.0,1.0,0.3323557514193176,0.75,0.25,288
full_deep_bci_iv_2a_validation_postcal,BCI_IV_2a,4,eegnet_uncalibrated,max-prob,0.0520833333333333,0.05,0.7691236519578002,0.3333333333333333,0.6666666666666666,15
full_deep_bci_iv_2a_validation_postcal,BCI_IV_2a,4,eegnet_uncalibrated,max-prob,0.1006944444444444,0.1,0.7095319295135648,0.3103448275862068,0.6896551724137931,29
full_deep_bci_iv_2a_validation_postcal,BCI_IV_2a,4,eegnet_uncalibrated,max-prob,0.1527777777777778,0.15,0.6707674283381837,0.3409090909090909,0.6590909090909091,44
full_deep_bci_iv_2a_validation_postcal,BCI_IV_2a,4,eegnet_uncalibrated,max-prob,0.2013888888888889,0.2,0.6316463384324034,0.3448275862068966,0.6551724137931034,58
full_deep_bci_iv_2a_validation_postcal,BCI_IV_2a,4,eegnet_uncalibrated,max-prob,0.25,0.25,0.587760996878375,0.4305555555555556,0.5694444444444444,72
full_deep_bci_iv_2a_validation_postcal,BCI_IV_2a,4,eegnet_uncalibrated,max-prob,0.3020833333333333,0.3,0.5646975048269066,0.4252873563218391,0.5747126436781609,87
full_deep_bci_iv_2a_validation_postcal,BCI_IV_2a,4,eegnet_uncalibrated,max-prob,0.3506944444444444,0.35,0.5328483553506417,0.4356435643564357,0.5643564356435643,101
full_deep_bci_iv_2a_validation_postcal,BCI_IV_2a,4,eegnet_uncalibrated,max-prob,0.4027777777777778,0.4,0.5095059427184291,0.4482758620689655,0.5517241379310345,116
full_deep_bci_iv_2a_validation_postcal,BCI_IV_2a,4,eegnet_uncalibrated,max-prob,0.4513888888888889,0.45,0.4963207310840856,0.4692307692307692,0.5307692307692308,130
full_deep_bci_iv_2a_validation_postcal,BCI_IV_2a,4,eegnet_uncalibrated,max-prob,0.5,0.5,0.4787074170149696,0.4722222222222222,0.5277777777777778,144
full_deep_bci_iv_2a_validation_postcal,BCI_IV_2a,4,eegnet_uncalibrated,max-prob,0.5520833333333334,0.55,0.461364427034211,0.4842767295597484,0.5157232704402516,159
full_deep_bci_iv_2a_validation_postcal,BCI_IV_2a,4,eegnet_uncalibrated,max-prob,0.6006944444444444,0.6,0.4426982091986622,0.4682080924855492,0.5317919075144508,173
full_deep_bci_iv_2a_validation_postcal,BCI_IV_2a,4,eegnet_uncalibrated,max-prob,0.6527777777777778,0.65,0.4256177662607164,0.4787234042553191,0.5212765957446809,188
full_deep_bci_iv_2a_validation_postcal,BCI_IV_2a,4,eegnet_uncalibrated,max-prob,0.7013888888888888,0.7,0.4104883126824387,0.4900990099009901,0.5099009900990099,202
full_deep_bci_iv_2a_validation_postcal,BCI_IV_2a,4,eegnet_uncalibrated,max-prob,0.75,0.75,0.3920104591976746,0.5,0.5,216
full_deep_bci_iv_2a_validation_postcal,BCI_IV_2a,4,eegnet_uncalibrated,max-prob,0.8020833333333334,0.8,0.3795498178101075,0.4891774891774891,0.5108225108225108,231
full_deep_bci_iv_2a_validation_postcal,BCI_IV_2a,4,eegnet_uncalibrated,max-prob,0.8506944444444444,0.85,0.3643272642746635,0.4979591836734693,0.5020408163265306,245
full_deep_bci_iv_2a_validation_postcal,BCI_IV_2a,4,eegnet_uncalibrated,max-prob,0.9027777777777778,0.9,0.3462447141986527,0.5038461538461538,0.4961538461538461,260
full_deep_bci_iv_2a_validation_postcal,BCI_IV_2a,4,eegnet_uncalibrated,max-prob,0.9513888888888888,0.95,0.3203527071397662,0.5182481751824817,0.4817518248175182,274
full_deep_bci_iv_2a_validation_postcal,BCI_IV_2a,4,eegnet_uncalibrated,max-prob,1.0,1.0,0.2733768597846681,0.53125,0.46875,288
full_deep_bci_iv_2a_validation_postcal,BCI_IV_2a,4,eegnet_calibrated,max-prob,0.0520833333333333,0.05,0.7009343352083379,0.3333333333333333,0.6666666666666666,15
full_deep_bci_iv_2a_validation_postcal,BCI_IV_2a,4,eegnet_calibrated,max-prob,0.1006944444444444,0.1,0.6442354220924486,0.3103448275862068,0.6896551724137931,29
full_deep_bci_iv_2a_validation_postcal,BCI_IV_2a,4,eegnet_calibrated,max-prob,0.1527777777777778,0.15,0.6103656758837549,0.3409090909090909,0.6590909090909091,44
full_deep_bci_iv_2a_validation_postcal,BCI_IV_2a,4,eegnet_calibrated,max-prob,0.2013888888888889,0.2,0.5744805094184714,0.3620689655172413,0.6379310344827587,58
full_deep_bci_iv_2a_validation_postcal,BCI_IV_2a,4,eegnet_calibrated,max-prob,0.25,0.25,0.5375384009094788,0.4305555555555556,0.5694444444444444,72
full_deep_bci_iv_2a_validation_postcal,BCI_IV_2a,4,eegnet_calibrated,max-prob,0.3020833333333333,0.3,0.5165526437353017,0.4367816091954023,0.5632183908045977,87
full_deep_bci_iv_2a_validation_postcal,BCI_IV_2a,4,eegnet_calibrated,max-prob,0.3506944444444444,0.35,0.4859682757480675,0.4356435643564357,0.5643564356435643,101
full_deep_bci_iv_2a_validation_postcal,BCI_IV_2a,4,eegnet_calibrated,max-prob,0.4027777777777778,0.4,0.4689992636296244,0.4396551724137931,0.5603448275862069,116
full_deep_bci_iv_2a_validation_postcal,BCI_IV_2a,4,eegnet_calibrated,max-prob,0.4513888888888889,0.45,0.457236295269125,0.4692307692307692,0.5307692307692308,130
full_deep_bci_iv_2a_validation_postcal,BCI_IV_2a,4,eegnet_calibrated,max-prob,0.5,0.5,0.4415991723154698,0.4791666666666666,0.5208333333333334,144
full_deep_bci_iv_2a_validation_postcal,BCI_IV_2a,4,eegnet_calibrated,max-prob,0.5520833333333334,0.55,0.4274841794015867,0.4842767295597484,0.5157232704402516,159
full_deep_bci_iv_2a_validation_postcal,BCI_IV_2a,4,eegnet_calibrated,max-prob,0.6006944444444444,0.6,0.415175492660626,0.4739884393063583,0.5260115606936416,173
full_deep_bci_iv_2a_validation_postcal,BCI_IV_2a,4,eegnet_calibrated,max-prob,0.6527777777777778,0.65,0.3993164609746097,0.473404255319149,0.526595744680851,188
full_deep_bci_iv_2a_validation_postcal,BCI_IV_2a,4,eegnet_calibrated,max-prob,0.7013888888888888,0.7,0.3858974096070666,0.4900990099009901,0.5099009900990099,202
full_deep_bci_iv_2a_validation_postcal,BCI_IV_2a,4,eegnet_calibrated,max-prob,0.75,0.75,0.3699129089980217,0.4953703703703703,0.5046296296296297,216
full_deep_bci_iv_2a_validation_postcal,BCI_IV_2a,4,eegnet_calibrated,max-prob,0.8020833333333334,0.8,0.360108062074639,0.4935064935064935,0.5064935064935064,231
full_deep_bci_iv_2a_validation_postcal,BCI_IV_2a,4,eegnet_calibrated,max-prob,0.8506944444444444,0.85,0.3492186710474612,0.4979591836734693,0.5020408163265306,245
full_deep_bci_iv_2a_validation_postcal,BCI_IV_2a,4,eegnet_calibrated,max-prob,0.9027777777777778,0.9,0.3320379895447298,0.5038461538461538,0.4961538461538461,260
full_deep_bci_iv_2a_validation_postcal,BCI_IV_2a,4,eegnet_calibrated,max-prob,0.9513888888888888,0.95,0.3085850353455506,0.5182481751824817,0.4817518248175182,274
full_deep_bci_iv_2a_validation_postcal,BCI_IV_2a,4,eegnet_calibrated,max-prob,1.0,1.0,0.2696298573670076,0.53125,0.46875,288
full_deep_bci_iv_2a_validation_postcal,BCI_IV_2a,4,spatial_uncalibrated,max-prob,0.0520833333333333,0.05,0.99659667724518,0.1999999999999999,0.8,15
full_deep_bci_iv_2a_validation_postcal,BCI_IV_2a,4,spatial_uncalibrated,max-prob,0.1006944444444444,0.1,0.9839246922117976,0.1379310344827586,0.8620689655172413,29
full_deep_bci_iv_2a_validation_postcal,BCI_IV_2a,4,spatial_uncalibrated,max-prob,0.1527777777777778,0.15,0.9568718477774516,0.1136363636363636,0.8863636363636364,44
full_deep_bci_iv_2a_validation_postcal,BCI_IV_2a,4,spatial_uncalibrated,max-prob,0.2013888888888889,0.2,0.937380103439206,0.1551724137931034,0.8448275862068966,58
full_deep_bci_iv_2a_validation_postcal,BCI_IV_2a,4,spatial_uncalibrated,max-prob,0.25,0.25,0.9132996022561136,0.2361111111111111,0.7638888888888888,72
full_deep_bci_iv_2a_validation_postcal,BCI_IV_2a,4,spatial_uncalibrated,max-prob,0.3020833333333333,0.3,0.8808088708773396,0.2528735632183908,0.7471264367816092,87
full_deep_bci_iv_2a_validation_postcal,BCI_IV_2a,4,spatial_uncalibrated,max-prob,0.3506944444444444,0.35,0.8288169045542809,0.2772277227722772,0.7227722772277227,101
full_deep_bci_iv_2a_validation_postcal,BCI_IV_2a,4,spatial_uncalibrated,max-prob,0.4027777777777778,0.4,0.8127909433286394,0.2844827586206896,0.7155172413793104,116
full_deep_bci_iv_2a_validation_postcal,BCI_IV_2a,4,spatial_uncalibrated,max-prob,0.4513888888888889,0.45,0.7732488305868825,0.2846153846153846,0.7153846153846154,130
full_deep_bci_iv_2a_validation_postcal,BCI_IV_2a,4,spatial_uncalibrated,max-prob,0.5,0.5,0.751895949021876,0.3194444444444444,0.6805555555555556,144
full_deep_bci_iv_2a_validation_postcal,BCI_IV_2a,4,spatial_uncalibrated,max-prob,0.5520833333333334,0.55,0.7126804597390411,0.3459119496855346,0.6540880503144654,159
full_deep_bci_iv_2a_validation_postcal,BCI_IV_2a,4,spatial_uncalibrated,max-prob,0.6006944444444444,0.6,0.6824617867002081,0.3352601156069364,0.6647398843930635,173
full_deep_bci_iv_2a_validation_postcal,BCI_IV_2a,4,spatial_uncalibrated,max-prob,0.6527777777777778,0.65,0.6395823667345603,0.351063829787234,0.648936170212766,188
full_deep_bci_iv_2a_validation_postcal,BCI_IV_2a,4,spatial_uncalibrated,max-prob,0.7013888888888888,0.7,0.6013510090230394,0.3712871287128713,0.6287128712871287,202
full_deep_bci_iv_2a_validation_postcal,BCI_IV_2a,4,spatial_uncalibrated,max-prob,0.75,0.75,0.5565476265759699,0.3888888888888888,0.6111111111111112,216
full_deep_bci_iv_2a_validation_postcal,BCI_IV_2a,4,spatial_uncalibrated,max-prob,0.8020833333333334,0.8,0.536185337998711,0.3852813852813853,0.6147186147186147,231
full_deep_bci_iv_2a_validation_postcal,BCI_IV_2a,4,spatial_uncalibrated,max-prob,0.8506944444444444,0.85,0.514930623458091,0.3795918367346939,0.6204081632653061,245
full_deep_bci_iv_2a_validation_postcal,BCI_IV_2a,4,spatial_uncalibrated,max-prob,0.9027777777777778,0.9,0.4801197760224342,0.3807692307692307,0.6192307692307693,260
full_deep_bci_iv_2a_validation_postcal,BCI_IV_2a,4,spatial_uncalibrated,max-prob,0.9513888888888888,0.95,0.4309535206505203,0.3795620437956204,0.6204379562043796,274
full_deep_bci_iv_2a_validation_postcal,BCI_IV_2a,4,spatial_uncalibrated,max-prob,1.0,1.0,0.3637765801054238,0.3923611111111111,0.6076388888888888,288
full_deep_bci_iv_2a_validation_postcal,BCI_IV_2a,4,spatial_calibrated,max-prob,0.0520833333333333,0.05,0.9560151401226832,0.1333333333333333,0.8666666666666667,15
full_deep_bci_iv_2a_validation_postcal,BCI_IV_2a,4,spatial_calibrated,max-prob,0.1006944444444444,0.1,0.9144702562008848,0.1379310344827586,0.8620689655172413,29
full_deep_bci_iv_2a_validation_postcal,BCI_IV_2a,4,spatial_calibrated,max-prob,0.1527777777777778,0.15,0.823693315105873,0.1136363636363636,0.8863636363636364,44
full_deep_bci_iv_2a_validation_postcal,BCI_IV_2a,4,spatial_calibrated,max-prob,0.2013888888888889,0.2,0.8001498998628305,0.2068965517241379,0.7931034482758621,58
full_deep_bci_iv_2a_validation_postcal,BCI_IV_2a,4,spatial_calibrated,max-prob,0.25,0.25,0.762852784740977,0.2222222222222222,0.7777777777777778,72
full_deep_bci_iv_2a_validation_postcal,BCI_IV_2a,4,spatial_calibrated,max-prob,0.3020833333333333,0.3,0.7156609923881775,0.2298850574712644,0.7701149425287356,87
full_deep_bci_iv_2a_validation_postcal,BCI_IV_2a,4,spatial_calibrated,max-prob,0.3506944444444444,0.35,0.6756830547901639,0.2673267326732673,0.7326732673267327,101
full_deep_bci_iv_2a_validation_postcal,BCI_IV_2a,4,spatial_calibrated,max-prob,0.4027777777777778,0.4,0.6392314020808656,0.2844827586206896,0.7155172413793104,116
full_deep_bci_iv_2a_validation_postcal,BCI_IV_2a,4,spatial_calibrated,max-prob,0.4513888888888889,0.45,0.6262493882860677,0.2846153846153846,0.7153846153846154,130
full_deep_bci_iv_2a_validation_postcal,BCI_IV_2a,4,spatial_calibrated,max-prob,0.5,0.5,0.606087650781486,0.3125,0.6875,144
full_deep_bci_iv_2a_validation_postcal,BCI_IV_2a,4,spatial_calibrated,max-prob,0.5520833333333334,0.55,0.5790578788147646,0.3144654088050315,0.6855345911949685,159
full_deep_bci_iv_2a_validation_postcal,BCI_IV_2a,4,spatial_calibrated,max-prob,0.6006944444444444,0.6,0.5593506362700237,0.3526011560693641,0.6473988439306358,173
full_deep_bci_iv_2a_validation_postcal,BCI_IV_2a,4,spatial_calibrated,max-prob,0.6527777777777778,0.65,0.5297721050706046,0.3670212765957447,0.6329787234042553,188
full_deep_bci_iv_2a_validation_postcal,BCI_IV_2a,4,spatial_calibrated,max-prob,0.7013888888888888,0.7,0.4972097322634409,0.3762376237623762,0.6237623762376238,202
full_deep_bci_iv_2a_validation_postcal,BCI_IV_2a,4,spatial_calibrated,max-prob,0.75,0.75,0.4818221534966858,0.3796296296296296,0.6203703703703703,216
full_deep_bci_iv_2a_validation_postcal,BCI_IV_2a,4,spatial_calibrated,max-prob,0.8020833333333334,0.8,0.4536758744918845,0.3766233766233766,0.6233766233766234,231
full_deep_bci_iv_2a_validation_postcal,BCI_IV_2a,4,spatial_calibrated,max-prob,0.8506944444444444,0.85,0.4349860814216136,0.3836734693877551,0.6163265306122448,245
full_deep_bci_iv_2a_validation_postcal,BCI_IV_2a,4,spatial_calibrated,max-prob,0.9027777777777778,0.9,0.4053260276851096,0.3807692307692307,0.6192307692307693,260
full_deep_bci_iv_2a_validation_postcal,BCI_IV_2a,4,spatial_calibrated,max-prob,0.9513888888888888,0.95,0.3733999731815654,0.3795620437956204,0.6204379562043796,274
full_deep_bci_iv_2a_validation_postcal,BCI_IV_2a,4,spatial_calibrated,max-prob,1.0,1.0,0.3181633606866665,0.3923611111111111,0.6076388888888888,288
full_deep_bci_iv_2a_validation_postcal,BCI_IV_2a,4,deep_ensemble_validation_weighted,max-prob,0.0520833333333333,0.05,0.915595885725228,0.1333333333333333,0.8666666666666667,15
full_deep_bci_iv_2a_validation_postcal,BCI_IV_2a,4,deep_ensemble_validation_weighted,max-prob,0.1006944444444444,0.1,0.8544935347441674,0.1724137931034483,0.8275862068965517,29
full_deep_bci_iv_2a_validation_postcal,BCI_IV_2a,4,deep_ensemble_validation_weighted,max-prob,0.1527777777777778,0.15,0.776608963945115,0.1818181818181817,0.8181818181818182,44
full_deep_bci_iv_2a_validation_postcal,BCI_IV_2a,4,deep_ensemble_validation_weighted,max-prob,0.2013888888888889,0.2,0.7489303221577823,0.2241379310344827,0.7758620689655172,58
full_deep_bci_iv_2a_validation_postcal,BCI_IV_2a,4,deep_ensemble_validation_weighted,max-prob,0.25,0.25,0.7236441955390294,0.25,0.75,72
full_deep_bci_iv_2a_validation_postcal,BCI_IV_2a,4,deep_ensemble_validation_weighted,max-prob,0.3020833333333333,0.3,0.6943071472182795,0.2298850574712644,0.7701149425287356,87
full_deep_bci_iv_2a_validation_postcal,BCI_IV_2a,4,deep_ensemble_validation_weighted,max-prob,0.3506944444444444,0.35,0.6718724536962721,0.2673267326732673,0.7326732673267327,101
full_deep_bci_iv_2a_validation_postcal,BCI_IV_2a,4,deep_ensemble_validation_weighted,max-prob,0.4027777777777778,0.4,0.6467580460206753,0.2931034482758621,0.7068965517241379,116
full_deep_bci_iv_2a_validation_postcal,BCI_IV_2a,4,deep_ensemble_validation_weighted,max-prob,0.4513888888888889,0.45,0.6363726702382005,0.3153846153846154,0.6846153846153846,130
full_deep_bci_iv_2a_validation_postcal,BCI_IV_2a,4,deep_ensemble_validation_weighted,max-prob,0.5,0.5,0.6008545478537667,0.3402777777777778,0.6597222222222222,144
full_deep_bci_iv_2a_validation_postcal,BCI_IV_2a,4,deep_ensemble_validation_weighted,max-prob,0.5520833333333334,0.55,0.5776917557250575,0.3459119496855346,0.6540880503144654,159
full_deep_bci_iv_2a_validation_postcal,BCI_IV_2a,4,deep_ensemble_validation_weighted,max-prob,0.6006944444444444,0.6,0.5548192278278159,0.3641618497109826,0.6358381502890174,173
full_deep_bci_iv_2a_validation_postcal,BCI_IV_2a,4,deep_ensemble_validation_weighted,max-prob,0.6527777777777778,0.65,0.5323327321038964,0.3723404255319149,0.6276595744680851,188
full_deep_bci_iv_2a_validation_postcal,BCI_IV_2a,4,deep_ensemble_validation_weighted,max-prob,0.7013888888888888,0.7,0.5069939015877017,0.3811881188118812,0.6188118811881188,202
full_deep_bci_iv_2a_validation_postcal,BCI_IV_2a,4,deep_ensemble_validation_weighted,max-prob,0.75,0.75,0.4789082176178679,0.3796296296296296,0.6203703703703703,216
full_deep_bci_iv_2a_validation_postcal,BCI_IV_2a,4,deep_ensemble_validation_weighted,max-prob,0.8020833333333334,0.8,0.4495947654504394,0.3766233766233766,0.6233766233766234,231
full_deep_bci_iv_2a_validation_postcal,BCI_IV_2a,4,deep_ensemble_validation_weighted,max-prob,0.8506944444444444,0.85,0.4212554557917774,0.3836734693877551,0.6163265306122448,245
full_deep_bci_iv_2a_validation_postcal,BCI_IV_2a,4,deep_ensemble_validation_weighted,max-prob,0.9027777777777778,0.9,0.3935168063221977,0.3923076923076923,0.6076923076923076,260
full_deep_bci_iv_2a_validation_postcal,BCI_IV_2a,4,deep_ensemble_validation_weighted,max-prob,0.9513888888888888,0.95,0.3715455642009173,0.4124087591240876,0.5875912408759124,274
full_deep_bci_iv_2a_validation_postcal,BCI_IV_2a,4,deep_ensemble_validation_weighted,max-prob,1.0,1.0,0.3109818475456164,0.4201388888888888,0.5798611111111112,288
full_deep_bci_iv_2a_validation_postcal,BCI_IV_2a,5,v1_lda,max-prob,0.0520833333333333,0.05,0.4623767888852491,0.7333333333333334,0.2666666666666666,15
full_deep_bci_iv_2a_validation_postcal,BCI_IV_2a,5,v1_lda,max-prob,0.1006944444444444,0.1,0.4562232121418396,0.6896551724137931,0.3103448275862069,29
full_deep_bci_iv_2a_validation_postcal,BCI_IV_2a,5,v1_lda,max-prob,0.1527777777777778,0.15,0.4520426999665072,0.6818181818181819,0.3181818181818182,44
full_deep_bci_iv_2a_validation_postcal,BCI_IV_2a,5,v1_lda,max-prob,0.2013888888888889,0.2,0.4479850440791853,0.6206896551724138,0.3793103448275862,58
full_deep_bci_iv_2a_validation_postcal,BCI_IV_2a,5,v1_lda,max-prob,0.25,0.25,0.4458130050713327,0.6527777777777778,0.3472222222222222,72
full_deep_bci_iv_2a_validation_postcal,BCI_IV_2a,5,v1_lda,max-prob,0.3020833333333333,0.3,0.4433879574550904,0.6436781609195402,0.3563218390804598,87
full_deep_bci_iv_2a_validation_postcal,BCI_IV_2a,5,v1_lda,max-prob,0.3506944444444444,0.35,0.4414587889619793,0.6435643564356436,0.3564356435643564,101
full_deep_bci_iv_2a_validation_postcal,BCI_IV_2a,5,v1_lda,max-prob,0.4027777777777778,0.4,0.4397382954156462,0.6551724137931034,0.3448275862068966,116
full_deep_bci_iv_2a_validation_postcal,BCI_IV_2a,5,v1_lda,max-prob,0.4513888888888889,0.45,0.4373943961440468,0.6692307692307693,0.3307692307692307,130
full_deep_bci_iv_2a_validation_postcal,BCI_IV_2a,5,v1_lda,max-prob,0.5,0.5,0.4357874062144,0.7013888888888888,0.2986111111111111,144
full_deep_bci_iv_2a_validation_postcal,BCI_IV_2a,5,v1_lda,max-prob,0.5520833333333334,0.55,0.4338055577245749,0.7044025157232705,0.2955974842767295,159
full_deep_bci_iv_2a_validation_postcal,BCI_IV_2a,5,v1_lda,max-prob,0.6006944444444444,0.6,0.432667704011234,0.6878612716763006,0.3121387283236994,173
full_deep_bci_iv_2a_validation_postcal,BCI_IV_2a,5,v1_lda,max-prob,0.6527777777777778,0.65,0.4309311645864335,0.6968085106382979,0.3031914893617021,188
full_deep_bci_iv_2a_validation_postcal,BCI_IV_2a,5,v1_lda,max-prob,0.7013888888888888,0.7,0.4294160158397107,0.7029702970297029,0.297029702970297,202
full_deep_bci_iv_2a_validation_postcal,BCI_IV_2a,5,v1_lda,max-prob,0.75,0.75,0.4283179861460152,0.6944444444444444,0.3055555555555556,216
full_deep_bci_iv_2a_validation_postcal,BCI_IV_2a,5,v1_lda,max-prob,0.8020833333333334,0.8,0.4260366703448168,0.7012987012987013,0.2987012987012987,231
full_deep_bci_iv_2a_validation_postcal,BCI_IV_2a,5,v1_lda,max-prob,0.8506944444444444,0.85,0.4241250588994694,0.7020408163265306,0.2979591836734694,245
full_deep_bci_iv_2a_validation_postcal,BCI_IV_2a,5,v1_lda,max-prob,0.9027777777777778,0.9,0.4210641837979214,0.7,0.3,260
full_deep_bci_iv_2a_validation_postcal,BCI_IV_2a,5,v1_lda,max-prob,0.9513888888888888,0.95,0.418278166669044,0.6934306569343065,0.3065693430656934,274
full_deep_bci_iv_2a_validation_postcal,BCI_IV_2a,5,v1_lda,max-prob,1.0,1.0,0.3990797563062235,0.6944444444444444,0.3055555555555556,288
full_deep_bci_iv_2a_validation_postcal,BCI_IV_2a,5,eegnet_uncalibrated,max-prob,0.0520833333333333,0.05,0.6531119685160591,0.1999999999999999,0.8,15
full_deep_bci_iv_2a_validation_postcal,BCI_IV_2a,5,eegnet_uncalibrated,max-prob,0.1006944444444444,0.1,0.567753673375616,0.2758620689655172,0.7241379310344828,29
full_deep_bci_iv_2a_validation_postcal,BCI_IV_2a,5,eegnet_uncalibrated,max-prob,0.1527777777777778,0.15,0.5285867951375586,0.3409090909090909,0.6590909090909091,44
full_deep_bci_iv_2a_validation_postcal,BCI_IV_2a,5,eegnet_uncalibrated,max-prob,0.2013888888888889,0.2,0.5038855213684112,0.4137931034482759,0.5862068965517241,58
full_deep_bci_iv_2a_validation_postcal,BCI_IV_2a,5,eegnet_uncalibrated,max-prob,0.25,0.25,0.4858829820422928,0.4444444444444444,0.5555555555555556,72
full_deep_bci_iv_2a_validation_postcal,BCI_IV_2a,5,eegnet_uncalibrated,max-prob,0.3020833333333333,0.3,0.4697143671600152,0.4942528735632183,0.5057471264367817,87
full_deep_bci_iv_2a_validation_postcal,BCI_IV_2a,5,eegnet_uncalibrated,max-prob,0.3506944444444444,0.35,0.4547780595562418,0.5247524752475248,0.4752475247524752,101
full_deep_bci_iv_2a_validation_postcal,BCI_IV_2a,5,eegnet_uncalibrated,max-prob,0.4027777777777778,0.4,0.4314554867677352,0.5517241379310345,0.4482758620689655,116
full_deep_bci_iv_2a_validation_postcal,BCI_IV_2a,5,eegnet_uncalibrated,max-prob,0.4513888888888889,0.45,0.4184411880157472,0.5538461538461539,0.4461538461538462,130
full_deep_bci_iv_2a_validation_postcal,BCI_IV_2a,5,eegnet_uncalibrated,max-prob,0.5,0.5,0.3973816675873853,0.5694444444444444,0.4305555555555556,144
full_deep_bci_iv_2a_validation_postcal,BCI_IV_2a,5,eegnet_uncalibrated,max-prob,0.5520833333333334,0.55,0.3880686590801221,0.5534591194968553,0.4465408805031446,159
full_deep_bci_iv_2a_validation_postcal,BCI_IV_2a,5,eegnet_uncalibrated,max-prob,0.6006944444444444,0.6,0.3779906159834763,0.5664739884393064,0.4335260115606936,173
full_deep_bci_iv_2a_validation_postcal,BCI_IV_2a,5,eegnet_uncalibrated,max-prob,0.6527777777777778,0.65,0.3698452651920118,0.5691489361702128,0.4308510638297872,188
full_deep_bci_iv_2a_validation_postcal,BCI_IV_2a,5,eegnet_uncalibrated,max-prob,0.7013888888888888,0.7,0.3648449717521497,0.5841584158415842,0.4158415841584158,202
full_deep_bci_iv_2a_validation_postcal,BCI_IV_2a,5,eegnet_uncalibrated,max-prob,0.75,0.75,0.3540322696379142,0.5833333333333333,0.4166666666666667,216
full_deep_bci_iv_2a_validation_postcal,BCI_IV_2a,5,eegnet_uncalibrated,max-prob,0.8020833333333334,0.8,0.345105477074127,0.5800865800865801,0.4199134199134199,231
full_deep_bci_iv_2a_validation_postcal,BCI_IV_2a,5,eegnet_uncalibrated,max-prob,0.8506944444444444,0.85,0.3358474500640058,0.5877551020408163,0.4122448979591837,245
full_deep_bci_iv_2a_validation_postcal,BCI_IV_2a,5,eegnet_uncalibrated,max-prob,0.9027777777777778,0.9,0.3209773878875949,0.6,0.4,260
full_deep_bci_iv_2a_validation_postcal,BCI_IV_2a,5,eegnet_uncalibrated,max-prob,0.9513888888888888,0.95,0.30980149063963,0.6131386861313868,0.3868613138686131,274
full_deep_bci_iv_2a_validation_postcal,BCI_IV_2a,5,eegnet_uncalibrated,max-prob,1.0,1.0,0.2813124648830819,0.6041666666666667,0.3958333333333333,288
full_deep_bci_iv_2a_validation_postcal,BCI_IV_2a,5,eegnet_calibrated,max-prob,0.0520833333333333,0.05,0.5981194898214601,0.1999999999999999,0.8,15
full_deep_bci_iv_2a_validation_postcal,BCI_IV_2a,5,eegnet_calibrated,max-prob,0.1006944444444444,0.1,0.5177644360888898,0.2758620689655172,0.7241379310344828,29
full_deep_bci_iv_2a_validation_postcal,BCI_IV_2a,5,eegnet_calibrated,max-prob,0.1527777777777778,0.15,0.4824812791602758,0.3181818181818182,0.6818181818181818,44
full_deep_bci_iv_2a_validation_postcal,BCI_IV_2a,5,eegnet_calibrated,max-prob,0.2013888888888889,0.2,0.4604298822531651,0.4137931034482759,0.5862068965517241,58
full_deep_bci_iv_2a_validation_postcal,BCI_IV_2a,5,eegnet_calibrated,max-prob,0.25,0.25,0.4444824325057214,0.4583333333333333,0.5416666666666666,72
full_deep_bci_iv_2a_validation_postcal,BCI_IV_2a,5,eegnet_calibrated,max-prob,0.3020833333333333,0.3,0.4313737956459638,0.4942528735632183,0.5057471264367817,87
full_deep_bci_iv_2a_validation_postcal,BCI_IV_2a,5,eegnet_calibrated,max-prob,0.3506944444444444,0.35,0.4189558537955342,0.5247524752475248,0.4752475247524752,101
full_deep_bci_iv_2a_validation_postcal,BCI_IV_2a,5,eegnet_calibrated,max-prob,0.4027777777777778,0.4,0.4051742854843927,0.5517241379310345,0.4482758620689655,116
full_deep_bci_iv_2a_validation_postcal,BCI_IV_2a,5,eegnet_calibrated,max-prob,0.4513888888888889,0.45,0.3895157049308207,0.5538461538461539,0.4461538461538462,130
full_deep_bci_iv_2a_validation_postcal,BCI_IV_2a,5,eegnet_calibrated,max-prob,0.5,0.5,0.3740623260942766,0.5694444444444444,0.4305555555555556,144
full_deep_bci_iv_2a_validation_postcal,BCI_IV_2a,5,eegnet_calibrated,max-prob,0.5520833333333334,0.55,0.3649242253775703,0.559748427672956,0.440251572327044,159
full_deep_bci_iv_2a_validation_postcal,BCI_IV_2a,5,eegnet_calibrated,max-prob,0.6006944444444444,0.6,0.3561460335585124,0.5606936416184971,0.4393063583815029,173
full_deep_bci_iv_2a_validation_postcal,BCI_IV_2a,5,eegnet_calibrated,max-prob,0.6527777777777778,0.65,0.3506227073535178,0.574468085106383,0.425531914893617,188
full_deep_bci_iv_2a_validation_postcal,BCI_IV_2a,5,eegnet_calibrated,max-prob,0.7013888888888888,0.7,0.3454741667010148,0.5792079207920793,0.4207920792079208,202
full_deep_bci_iv_2a_validation_postcal,BCI_IV_2a,5,eegnet_calibrated,max-prob,0.75,0.75,0.3366972723334046,0.5787037037037037,0.4212962962962963,216
full_deep_bci_iv_2a_validation_postcal,BCI_IV_2a,5,eegnet_calibrated,max-prob,0.8020833333333334,0.8,0.3312644130767699,0.5800865800865801,0.4199134199134199,231
full_deep_bci_iv_2a_validation_postcal,BCI_IV_2a,5,eegnet_calibrated,max-prob,0.8506944444444444,0.85,0.3218255582209176,0.5877551020408163,0.4122448979591837,245
full_deep_bci_iv_2a_validation_postcal,BCI_IV_2a,5,eegnet_calibrated,max-prob,0.9027777777777778,0.9,0.3086551353718442,0.6,0.4,260
full_deep_bci_iv_2a_validation_postcal,BCI_IV_2a,5,eegnet_calibrated,max-prob,0.9513888888888888,0.95,0.2991845396229818,0.6131386861313868,0.3868613138686131,274
full_deep_bci_iv_2a_validation_postcal,BCI_IV_2a,5,eegnet_calibrated,max-prob,1.0,1.0,0.2761374038846727,0.6041666666666667,0.3958333333333333,288
full_deep_bci_iv_2a_validation_postcal,BCI_IV_2a,5,spatial_uncalibrated,max-prob,0.0520833333333333,0.05,0.7990929899810605,0.2666666666666667,0.7333333333333333,15
full_deep_bci_iv_2a_validation_postcal,BCI_IV_2a,5,spatial_uncalibrated,max-prob,0.1006944444444444,0.1,0.6038369752457569,0.2758620689655172,0.7241379310344828,29
full_deep_bci_iv_2a_validation_postcal,BCI_IV_2a,5,spatial_uncalibrated,max-prob,0.1527777777777778,0.15,0.5415735222464854,0.3409090909090909,0.6590909090909091,44
full_deep_bci_iv_2a_validation_postcal,BCI_IV_2a,5,spatial_uncalibrated,max-prob,0.2013888888888889,0.2,0.5169307192174899,0.4137931034482759,0.5862068965517241,58
full_deep_bci_iv_2a_validation_postcal,BCI_IV_2a,5,spatial_uncalibrated,max-prob,0.25,0.25,0.4805223568812358,0.4166666666666666,0.5833333333333334,72
full_deep_bci_iv_2a_validation_postcal,BCI_IV_2a,5,spatial_uncalibrated,max-prob,0.3020833333333333,0.3,0.4611712536386352,0.4252873563218391,0.5747126436781609,87
full_deep_bci_iv_2a_validation_postcal,BCI_IV_2a,5,spatial_uncalibrated,max-prob,0.3506944444444444,0.35,0.4392365531226853,0.4158415841584159,0.5841584158415841,101
full_deep_bci_iv_2a_validation_postcal,BCI_IV_2a,5,spatial_uncalibrated,max-prob,0.4027777777777778,0.4,0.4265076253614003,0.4137931034482759,0.5862068965517241,116
full_deep_bci_iv_2a_validation_postcal,BCI_IV_2a,5,spatial_uncalibrated,max-prob,0.4513888888888889,0.45,0.413317192616697,0.4384615384615384,0.5615384615384615,130
full_deep_bci_iv_2a_validation_postcal,BCI_IV_2a,5,spatial_uncalibrated,max-prob,0.5,0.5,0.4028116248082558,0.4652777777777778,0.5347222222222222,144
full_deep_bci_iv_2a_validation_postcal,BCI_IV_2a,5,spatial_uncalibrated,max-prob,0.5520833333333334,0.55,0.3863488940875726,0.4716981132075472,0.5283018867924528,159
full_deep_bci_iv_2a_validation_postcal,BCI_IV_2a,5,spatial_uncalibrated,max-prob,0.6006944444444444,0.6,0.3799596090525879,0.4855491329479768,0.5144508670520231,173
full_deep_bci_iv_2a_validation_postcal,BCI_IV_2a,5,spatial_uncalibrated,max-prob,0.6527777777777778,0.65,0.3632588649113107,0.473404255319149,0.526595744680851,188
full_deep_bci_iv_2a_validation_postcal,BCI_IV_2a,5,spatial_uncalibrated,max-prob,0.7013888888888888,0.7,0.3468793771838984,0.495049504950495,0.504950495049505,202
full_deep_bci_iv_2a_validation_postcal,BCI_IV_2a,5,spatial_uncalibrated,max-prob,0.75,0.75,0.3371257748701171,0.5046296296296297,0.4953703703703703,216
full_deep_bci_iv_2a_validation_postcal,BCI_IV_2a,5,spatial_uncalibrated,max-prob,0.8020833333333334,0.8,0.3238659025746447,0.5194805194805194,0.4805194805194805,231
full_deep_bci_iv_2a_validation_postcal,BCI_IV_2a,5,spatial_uncalibrated,max-prob,0.8506944444444444,0.85,0.3161315428564327,0.5265306122448979,0.473469387755102,245
full_deep_bci_iv_2a_validation_postcal,BCI_IV_2a,5,spatial_uncalibrated,max-prob,0.9027777777777778,0.9,0.3068391077982652,0.5307692307692308,0.4692307692307692,260
full_deep_bci_iv_2a_validation_postcal,BCI_IV_2a,5,spatial_uncalibrated,max-prob,0.9513888888888888,0.95,0.289482487754608,0.5437956204379562,0.4562043795620438,274
full_deep_bci_iv_2a_validation_postcal,BCI_IV_2a,5,spatial_uncalibrated,max-prob,1.0,1.0,0.2587167752145987,0.5520833333333333,0.4479166666666667,288
full_deep_bci_iv_2a_validation_postcal,BCI_IV_2a,5,spatial_calibrated,max-prob,0.0520833333333333,0.05,0.7356525984442694,0.2666666666666667,0.7333333333333333,15
full_deep_bci_iv_2a_validation_postcal,BCI_IV_2a,5,spatial_calibrated,max-prob,0.1006944444444444,0.1,0.5475749574932929,0.2758620689655172,0.7241379310344828,29
full_deep_bci_iv_2a_validation_postcal,BCI_IV_2a,5,spatial_calibrated,max-prob,0.1527777777777778,0.15,0.5021256732225995,0.3409090909090909,0.6590909090909091,44
full_deep_bci_iv_2a_validation_postcal,BCI_IV_2a,5,spatial_calibrated,max-prob,0.2013888888888889,0.2,0.4722850834483905,0.4137931034482759,0.5862068965517241,58
full_deep_bci_iv_2a_validation_postcal,BCI_IV_2a,5,spatial_calibrated,max-prob,0.25,0.25,0.4412889993879056,0.4166666666666666,0.5833333333333334,72
full_deep_bci_iv_2a_validation_postcal,BCI_IV_2a,5,spatial_calibrated,max-prob,0.3020833333333333,0.3,0.4260484285209956,0.4252873563218391,0.5747126436781609,87
full_deep_bci_iv_2a_validation_postcal,BCI_IV_2a,5,spatial_calibrated,max-prob,0.3506944444444444,0.35,0.4071732159201397,0.4257425742574258,0.5742574257425742,101
full_deep_bci_iv_2a_validation_postcal,BCI_IV_2a,5,spatial_calibrated,max-prob,0.4027777777777778,0.4,0.3991890877464707,0.4224137931034483,0.5775862068965517,116
full_deep_bci_iv_2a_validation_postcal,BCI_IV_2a,5,spatial_calibrated,max-prob,0.4513888888888889,0.45,0.3871217582530922,0.4307692307692308,0.5692307692307692,130
full_deep_bci_iv_2a_validation_postcal,BCI_IV_2a,5,spatial_calibrated,max-prob,0.5,0.5,0.3769586872719679,0.4652777777777778,0.5347222222222222,144
full_deep_bci_iv_2a_validation_postcal,BCI_IV_2a,5,spatial_calibrated,max-prob,0.5520833333333334,0.55,0.3644499182292797,0.4716981132075472,0.5283018867924528,159
full_deep_bci_iv_2a_validation_postcal,BCI_IV_2a,5,spatial_calibrated,max-prob,0.6006944444444444,0.6,0.3583715014975469,0.4797687861271676,0.5202312138728323,173
full_deep_bci_iv_2a_validation_postcal,BCI_IV_2a,5,spatial_calibrated,max-prob,0.6527777777777778,0.65,0.3448310196351185,0.4787234042553191,0.5212765957446809,188
full_deep_bci_iv_2a_validation_postcal,BCI_IV_2a,5,spatial_calibrated,max-prob,0.7013888888888888,0.7,0.3303346314645401,0.495049504950495,0.504950495049505,202
full_deep_bci_iv_2a_validation_postcal,BCI_IV_2a,5,spatial_calibrated,max-prob,0.75,0.75,0.3225961811586011,0.5046296296296297,0.4953703703703703,216
full_deep_bci_iv_2a_validation_postcal,BCI_IV_2a,5,spatial_calibrated,max-prob,0.8020833333333334,0.8,0.3121308196039855,0.5194805194805194,0.4805194805194805,231
full_deep_bci_iv_2a_validation_postcal,BCI_IV_2a,5,spatial_calibrated,max-prob,0.8506944444444444,0.85,0.3052631903065587,0.5265306122448979,0.473469387755102,245
full_deep_bci_iv_2a_validation_postcal,BCI_IV_2a,5,spatial_calibrated,max-prob,0.9027777777777778,0.9,0.2973058611305973,0.5346153846153846,0.4653846153846154,260
full_deep_bci_iv_2a_validation_postcal,BCI_IV_2a,5,spatial_calibrated,max-prob,0.9513888888888888,0.95,0.2828092616444794,0.5437956204379562,0.4562043795620438,274
full_deep_bci_iv_2a_validation_postcal,BCI_IV_2a,5,spatial_calibrated,max-prob,1.0,1.0,0.2572552839831177,0.5520833333333333,0.4479166666666667,288
full_deep_bci_iv_2a_validation_postcal,BCI_IV_2a,5,deep_ensemble_validation_weighted,max-prob,0.0520833333333333,0.05,0.6966653120136481,0.1999999999999999,0.8,15
full_deep_bci_iv_2a_validation_postcal,BCI_IV_2a,5,deep_ensemble_validation_weighted,max-prob,0.1006944444444444,0.1,0.5783490476608673,0.2758620689655172,0.7241379310344828,29
full_deep_bci_iv_2a_validation_postcal,BCI_IV_2a,5,deep_ensemble_validation_weighted,max-prob,0.1527777777777778,0.15,0.5172895894312834,0.2954545454545454,0.7045454545454546,44
full_deep_bci_iv_2a_validation_postcal,BCI_IV_2a,5,deep_ensemble_validation_weighted,max-prob,0.2013888888888889,0.2,0.4875797012181343,0.3620689655172413,0.6379310344827587,58
full_deep_bci_iv_2a_validation_postcal,BCI_IV_2a,5,deep_ensemble_validation_weighted,max-prob,0.25,0.25,0.4566544649219159,0.4305555555555556,0.5694444444444444,72
full_deep_bci_iv_2a_validation_postcal,BCI_IV_2a,5,deep_ensemble_validation_weighted,max-prob,0.3020833333333333,0.3,0.4421313641280226,0.4252873563218391,0.5747126436781609,87
full_deep_bci_iv_2a_validation_postcal,BCI_IV_2a,5,deep_ensemble_validation_weighted,max-prob,0.3506944444444444,0.35,0.425300712928656,0.4356435643564357,0.5643564356435643,101
full_deep_bci_iv_2a_validation_postcal,BCI_IV_2a,5,deep_ensemble_validation_weighted,max-prob,0.4027777777777778,0.4,0.4063807526481981,0.4396551724137931,0.5603448275862069,116
full_deep_bci_iv_2a_validation_postcal,BCI_IV_2a,5,deep_ensemble_validation_weighted,max-prob,0.4513888888888889,0.45,0.389915341471663,0.4384615384615384,0.5615384615384615,130
full_deep_bci_iv_2a_validation_postcal,BCI_IV_2a,5,deep_ensemble_validation_weighted,max-prob,0.5,0.5,0.3824456854370507,0.4375,0.5625,144
full_deep_bci_iv_2a_validation_postcal,BCI_IV_2a,5,deep_ensemble_validation_weighted,max-prob,0.5520833333333334,0.55,0.3723916018387818,0.440251572327044,0.559748427672956,159
full_deep_bci_iv_2a_validation_postcal,BCI_IV_2a,5,deep_ensemble_validation_weighted,max-prob,0.6006944444444444,0.6,0.3655425158700455,0.4566473988439307,0.5433526011560693,173
full_deep_bci_iv_2a_validation_postcal,BCI_IV_2a,5,deep_ensemble_validation_weighted,max-prob,0.6527777777777778,0.65,0.3538556146534193,0.4787234042553191,0.5212765957446809,188
full_deep_bci_iv_2a_validation_postcal,BCI_IV_2a,5,deep_ensemble_validation_weighted,max-prob,0.7013888888888888,0.7,0.3467792386741164,0.4752475247524752,0.5247524752475248,202
full_deep_bci_iv_2a_validation_postcal,BCI_IV_2a,5,deep_ensemble_validation_weighted,max-prob,0.75,0.75,0.3406452145924035,0.4907407407407407,0.5092592592592593,216
full_deep_bci_iv_2a_validation_postcal,BCI_IV_2a,5,deep_ensemble_validation_weighted,max-prob,0.8020833333333334,0.8,0.3259022199072588,0.5064935064935066,0.4935064935064935,231
full_deep_bci_iv_2a_validation_postcal,BCI_IV_2a,5,deep_ensemble_validation_weighted,max-prob,0.8506944444444444,0.85,0.3159902941200815,0.5102040816326531,0.4897959183673469,245
full_deep_bci_iv_2a_validation_postcal,BCI_IV_2a,5,deep_ensemble_validation_weighted,max-prob,0.9027777777777778,0.9,0.3067090604534892,0.5192307692307692,0.4807692307692308,260
full_deep_bci_iv_2a_validation_postcal,BCI_IV_2a,5,deep_ensemble_validation_weighted,max-prob,0.9513888888888888,0.95,0.2960756134740094,0.5364963503649636,0.4635036496350365,274
full_deep_bci_iv_2a_validation_postcal,BCI_IV_2a,5,deep_ensemble_validation_weighted,max-prob,1.0,1.0,0.2645713666253517,0.5347222222222222,0.4652777777777778,288
full_deep_bci_iv_2a_validation_postcal,BCI_IV_2a,6,v1_lda,max-prob,0.0520833333333333,0.05,0.6013778425987218,0.6666666666666667,0.3333333333333333,15
full_deep_bci_iv_2a_validation_postcal,BCI_IV_2a,6,v1_lda,max-prob,0.1006944444444444,0.1,0.5903937143539143,0.5862068965517242,0.4137931034482758,29
full_deep_bci_iv_2a_validation_postcal,BCI_IV_2a,6,v1_lda,max-prob,0.1527777777777778,0.15,0.5781053199297771,0.5227272727272727,0.4772727272727273,44
full_deep_bci_iv_2a_validation_postcal,BCI_IV_2a,6,v1_lda,max-prob,0.2013888888888889,0.2,0.572202587016544,0.5344827586206897,0.4655172413793103,58
full_deep_bci_iv_2a_validation_postcal,BCI_IV_2a,6,v1_lda,max-prob,0.25,0.25,0.5684445856731489,0.5416666666666667,0.4583333333333333,72
full_deep_bci_iv_2a_validation_postcal,BCI_IV_2a,6,v1_lda,max-prob,0.3020833333333333,0.3,0.560739405282813,0.5632183908045977,0.4367816091954023,87
full_deep_bci_iv_2a_validation_postcal,BCI_IV_2a,6,v1_lda,max-prob,0.3506944444444444,0.35,0.5554496827132545,0.6039603960396039,0.396039603960396,101
full_deep_bci_iv_2a_validation_postcal,BCI_IV_2a,6,v1_lda,max-prob,0.4027777777777778,0.4,0.5513657381852063,0.6379310344827587,0.3620689655172414,116
full_deep_bci_iv_2a_validation_postcal,BCI_IV_2a,6,v1_lda,max-prob,0.4513888888888889,0.45,0.5443145508439627,0.6538461538461539,0.3461538461538461,130
full_deep_bci_iv_2a_validation_postcal,BCI_IV_2a,6,v1_lda,max-prob,0.5,0.5,0.5396564108008491,0.6736111111111112,0.3263888888888889,144
full_deep_bci_iv_2a_validation_postcal,BCI_IV_2a,6,v1_lda,max-prob,0.5520833333333334,0.55,0.5357688729041772,0.6666666666666667,0.3333333333333333,159
full_deep_bci_iv_2a_validation_postcal,BCI_IV_2a,6,v1_lda,max-prob,0.6006944444444444,0.6,0.5319333922711972,0.676300578034682,0.3236994219653179,173
full_deep_bci_iv_2a_validation_postcal,BCI_IV_2a,6,v1_lda,max-prob,0.6527777777777778,0.65,0.5271438191538612,0.6808510638297872,0.3191489361702128,188
full_deep_bci_iv_2a_validation_postcal,BCI_IV_2a,6,v1_lda,max-prob,0.7013888888888888,0.7,0.5227233345519108,0.693069306930693,0.3069306930693069,202
full_deep_bci_iv_2a_validation_postcal,BCI_IV_2a,6,v1_lda,max-prob,0.75,0.75,0.5173467900826447,0.7037037037037037,0.2962962962962963,216
full_deep_bci_iv_2a_validation_postcal,BCI_IV_2a,6,v1_lda,max-prob,0.8020833333333334,0.8,0.5128326484825559,0.7099567099567099,0.29004329004329,231
full_deep_bci_iv_2a_validation_postcal,BCI_IV_2a,6,v1_lda,max-prob,0.8506944444444444,0.85,0.5047026012104405,0.7102040816326531,0.2897959183673469,245
full_deep_bci_iv_2a_validation_postcal,BCI_IV_2a,6,v1_lda,max-prob,0.9027777777777778,0.9,0.4970653971185322,0.726923076923077,0.273076923076923,260
full_deep_bci_iv_2a_validation_postcal,BCI_IV_2a,6,v1_lda,max-prob,0.9513888888888888,0.95,0.4890586100034395,0.7408759124087592,0.2591240875912409,274
full_deep_bci_iv_2a_validation_postcal,BCI_IV_2a,6,v1_lda,max-prob,1.0,1.0,0.4290957091797762,0.75,0.25,288
full_deep_bci_iv_2a_validation_postcal,BCI_IV_2a,6,eegnet_uncalibrated,max-prob,0.0520833333333333,0.05,0.5440724293570858,0.6,0.4,15
full_deep_bci_iv_2a_validation_postcal,BCI_IV_2a,6,eegnet_uncalibrated,max-prob,0.1006944444444444,0.1,0.5018512750043316,0.6206896551724138,0.3793103448275862,29
full_deep_bci_iv_2a_validation_postcal,BCI_IV_2a,6,eegnet_uncalibrated,max-prob,0.1527777777777778,0.15,0.4861433546630238,0.5454545454545454,0.4545454545454545,44
full_deep_bci_iv_2a_validation_postcal,BCI_IV_2a,6,eegnet_uncalibrated,max-prob,0.2013888888888889,0.2,0.4661297617270727,0.5689655172413793,0.4310344827586206,58
full_deep_bci_iv_2a_validation_postcal,BCI_IV_2a,6,eegnet_uncalibrated,max-prob,0.25,0.25,0.4460658984811493,0.5694444444444444,0.4305555555555556,72
full_deep_bci_iv_2a_validation_postcal,BCI_IV_2a,6,eegnet_uncalibrated,max-prob,0.3020833333333333,0.3,0.4358860651436706,0.5862068965517242,0.4137931034482758,87
full_deep_bci_iv_2a_validation_postcal,BCI_IV_2a,6,eegnet_uncalibrated,max-prob,0.3506944444444444,0.35,0.4152379910654688,0.6237623762376238,0.3762376237623762,101
full_deep_bci_iv_2a_validation_postcal,BCI_IV_2a,6,eegnet_uncalibrated,max-prob,0.4027777777777778,0.4,0.4015202046881297,0.6120689655172413,0.3879310344827586,116
full_deep_bci_iv_2a_validation_postcal,BCI_IV_2a,6,eegnet_uncalibrated,max-prob,0.4513888888888889,0.45,0.3916394394822416,0.6307692307692307,0.3692307692307692,130
full_deep_bci_iv_2a_validation_postcal,BCI_IV_2a,6,eegnet_uncalibrated,max-prob,0.5,0.5,0.3780923495172507,0.6388888888888888,0.3611111111111111,144
full_deep_bci_iv_2a_validation_postcal,BCI_IV_2a,6,eegnet_uncalibrated,max-prob,0.5520833333333334,0.55,0.3682094021707723,0.6477987421383649,0.3522012578616352,159
full_deep_bci_iv_2a_validation_postcal,BCI_IV_2a,6,eegnet_uncalibrated,max-prob,0.6006944444444444,0.6,0.3573555374137593,0.6589595375722543,0.3410404624277456,173
full_deep_bci_iv_2a_validation_postcal,BCI_IV_2a,6,eegnet_uncalibrated,max-prob,0.6527777777777778,0.65,0.3460801815535936,0.6702127659574468,0.3297872340425531,188
full_deep_bci_iv_2a_validation_postcal,BCI_IV_2a,6,eegnet_uncalibrated,max-prob,0.7013888888888888,0.7,0.3339327813758126,0.6782178217821782,0.3217821782178218,202
full_deep_bci_iv_2a_validation_postcal,BCI_IV_2a,6,eegnet_uncalibrated,max-prob,0.75,0.75,0.3270166926439747,0.6712962962962963,0.3287037037037037,216
full_deep_bci_iv_2a_validation_postcal,BCI_IV_2a,6,eegnet_uncalibrated,max-prob,0.8020833333333334,0.8,0.3167874769158003,0.670995670995671,0.329004329004329,231
full_deep_bci_iv_2a_validation_postcal,BCI_IV_2a,6,eegnet_uncalibrated,max-prob,0.8506944444444444,0.85,0.3092350639378671,0.6816326530612244,0.3183673469387755,245
full_deep_bci_iv_2a_validation_postcal,BCI_IV_2a,6,eegnet_uncalibrated,max-prob,0.9027777777777778,0.9,0.3049619239753323,0.6615384615384615,0.3384615384615385,260
full_deep_bci_iv_2a_validation_postcal,BCI_IV_2a,6,eegnet_uncalibrated,max-prob,0.9513888888888888,0.95,0.2929842622202218,0.6678832116788321,0.3321167883211678,274
full_deep_bci_iv_2a_validation_postcal,BCI_IV_2a,6,eegnet_uncalibrated,max-prob,1.0,1.0,0.2718815418959097,0.6736111111111112,0.3263888888888889,288
full_deep_bci_iv_2a_validation_postcal,BCI_IV_2a,6,eegnet_calibrated,max-prob,0.0520833333333333,0.05,0.627209616825011,0.6,0.4,15
full_deep_bci_iv_2a_validation_postcal,BCI_IV_2a,6,eegnet_calibrated,max-prob,0.1006944444444444,0.1,0.5803848449146948,0.6206896551724138,0.3793103448275862,29
full_deep_bci_iv_2a_validation_postcal,BCI_IV_2a,6,eegnet_calibrated,max-prob,0.1527777777777778,0.15,0.560490149620629,0.5454545454545454,0.4545454545454545,44
full_deep_bci_iv_2a_validation_postcal,BCI_IV_2a,6,eegnet_calibrated,max-prob,0.2013888888888889,0.2,0.5288043983452647,0.5344827586206897,0.4655172413793103,58
full_deep_bci_iv_2a_validation_postcal,BCI_IV_2a,6,eegnet_calibrated,max-prob,0.25,0.25,0.5052571377643509,0.5555555555555556,0.4444444444444444,72
full_deep_bci_iv_2a_validation_postcal,BCI_IV_2a,6,eegnet_calibrated,max-prob,0.3020833333333333,0.3,0.4887735983077867,0.5977011494252873,0.4022988505747126,87
full_deep_bci_iv_2a_validation_postcal,BCI_IV_2a,6,eegnet_calibrated,max-prob,0.3506944444444444,0.35,0.4664870489618231,0.6336633663366337,0.3663366336633663,101
full_deep_bci_iv_2a_validation_postcal,BCI_IV_2a,6,eegnet_calibrated,max-prob,0.4027777777777778,0.4,0.4503728820899998,0.6206896551724138,0.3793103448275862,116
full_deep_bci_iv_2a_validation_postcal,BCI_IV_2a,6,eegnet_calibrated,max-prob,0.4513888888888889,0.45,0.4343482175186524,0.6307692307692307,0.3692307692307692,130
full_deep_bci_iv_2a_validation_postcal,BCI_IV_2a,6,eegnet_calibrated,max-prob,0.5,0.5,0.41720366543932,0.6388888888888888,0.3611111111111111,144
full_deep_bci_iv_2a_validation_postcal,BCI_IV_2a,6,eegnet_calibrated,max-prob,0.5520833333333334,0.55,0.4035973049238921,0.6477987421383649,0.3522012578616352,159
full_deep_bci_iv_2a_validation_postcal,BCI_IV_2a,6,eegnet_calibrated,max-prob,0.6006944444444444,0.6,0.3898209881136923,0.6589595375722543,0.3410404624277456,173
full_deep_bci_iv_2a_validation_postcal,BCI_IV_2a,6,eegnet_calibrated,max-prob,0.6527777777777778,0.65,0.3768465424170603,0.675531914893617,0.324468085106383,188
full_deep_bci_iv_2a_validation_postcal,BCI_IV_2a,6,eegnet_calibrated,max-prob,0.7013888888888888,0.7,0.3598388612170604,0.6732673267326732,0.3267326732673267,202
full_deep_bci_iv_2a_validation_postcal,BCI_IV_2a,6,eegnet_calibrated,max-prob,0.75,0.75,0.3510195780251736,0.6712962962962963,0.3287037037037037,216
full_deep_bci_iv_2a_validation_postcal,BCI_IV_2a,6,eegnet_calibrated,max-prob,0.8020833333333334,0.8,0.3384669334062151,0.670995670995671,0.329004329004329,231
full_deep_bci_iv_2a_validation_postcal,BCI_IV_2a,6,eegnet_calibrated,max-prob,0.8506944444444444,0.85,0.3285936135789012,0.6816326530612244,0.3183673469387755,245
full_deep_bci_iv_2a_validation_postcal,BCI_IV_2a,6,eegnet_calibrated,max-prob,0.9027777777777778,0.9,0.3218027375556426,0.6615384615384615,0.3384615384615385,260
full_deep_bci_iv_2a_validation_postcal,BCI_IV_2a,6,eegnet_calibrated,max-prob,0.9513888888888888,0.95,0.3060746552572609,0.6678832116788321,0.3321167883211678,274
full_deep_bci_iv_2a_validation_postcal,BCI_IV_2a,6,eegnet_calibrated,max-prob,1.0,1.0,0.278952988533634,0.6736111111111112,0.3263888888888889,288
full_deep_bci_iv_2a_validation_postcal,BCI_IV_2a,6,spatial_uncalibrated,max-prob,0.0520833333333333,0.05,0.9339514120692524,0.1333333333333333,0.8666666666666667,15
full_deep_bci_iv_2a_validation_postcal,BCI_IV_2a,6,spatial_uncalibrated,max-prob,0.1006944444444444,0.1,0.8938078210043865,0.2413793103448276,0.7586206896551724,29
full_deep_bci_iv_2a_validation_postcal,BCI_IV_2a,6,spatial_uncalibrated,max-prob,0.1527777777777778,0.15,0.8358694628205682,0.409090909090909,0.5909090909090909,44
full_deep_bci_iv_2a_validation_postcal,BCI_IV_2a,6,spatial_uncalibrated,max-prob,0.2013888888888889,0.2,0.7963946536715515,0.396551724137931,0.603448275862069,58
full_deep_bci_iv_2a_validation_postcal,BCI_IV_2a,6,spatial_uncalibrated,max-prob,0.25,0.25,0.7620804803179397,0.4583333333333333,0.5416666666666666,72
full_deep_bci_iv_2a_validation_postcal,BCI_IV_2a,6,spatial_uncalibrated,max-prob,0.3020833333333333,0.3,0.7174234590190597,0.4942528735632183,0.5057471264367817,87
full_deep_bci_iv_2a_validation_postcal,BCI_IV_2a,6,spatial_uncalibrated,max-prob,0.3506944444444444,0.35,0.6965721595909967,0.495049504950495,0.504950495049505,101
full_deep_bci_iv_2a_validation_postcal,BCI_IV_2a,6,spatial_uncalibrated,max-prob,0.4027777777777778,0.4,0.6636956837316353,0.4913793103448276,0.5086206896551724,116
full_deep_bci_iv_2a_validation_postcal,BCI_IV_2a,6,spatial_uncalibrated,max-prob,0.4513888888888889,0.45,0.6414406906837627,0.5153846153846153,0.4846153846153846,130
full_deep_bci_iv_2a_validation_postcal,BCI_IV_2a,6,spatial_uncalibrated,max-prob,0.5,0.5,0.6121356931484201,0.5208333333333333,0.4791666666666667,144
full_deep_bci_iv_2a_validation_postcal,BCI_IV_2a,6,spatial_uncalibrated,max-prob,0.5520833333333334,0.55,0.5849169419731778,0.5094339622641509,0.490566037735849,159
full_deep_bci_iv_2a_validation_postcal,BCI_IV_2a,6,spatial_uncalibrated,max-prob,0.6006944444444444,0.6,0.5613481641759782,0.5144508670520231,0.4855491329479768,173
full_deep_bci_iv_2a_validation_postcal,BCI_IV_2a,6,spatial_uncalibrated,max-prob,0.6527777777777778,0.65,0.5460317620225292,0.5212765957446808,0.4787234042553192,188
full_deep_bci_iv_2a_validation_postcal,BCI_IV_2a,6,spatial_uncalibrated,max-prob,0.7013888888888888,0.7,0.517343461912497,0.5297029702970297,0.4702970297029702,202
full_deep_bci_iv_2a_validation_postcal,BCI_IV_2a,6,spatial_uncalibrated,max-prob,0.75,0.75,0.4845805948450533,0.537037037037037,0.4629629629629629,216
full_deep_bci_iv_2a_validation_postcal,BCI_IV_2a,6,spatial_uncalibrated,max-prob,0.8020833333333334,0.8,0.4642345914499142,0.5411255411255411,0.4588744588744589,231
full_deep_bci_iv_2a_validation_postcal,BCI_IV_2a,6,spatial_uncalibrated,max-prob,0.8506944444444444,0.85,0.4429003590753421,0.5428571428571429,0.4571428571428571,245
full_deep_bci_iv_2a_validation_postcal,BCI_IV_2a,6,spatial_uncalibrated,max-prob,0.9027777777777778,0.9,0.4068422332009244,0.55,0.45,260
full_deep_bci_iv_2a_validation_postcal,BCI_IV_2a,6,spatial_uncalibrated,max-prob,0.9513888888888888,0.95,0.3694052709395312,0.551094890510949,0.4489051094890511,274
full_deep_bci_iv_2a_validation_postcal,BCI_IV_2a,6,spatial_uncalibrated,max-prob,1.0,1.0,0.2773597819620169,0.5659722222222222,0.4340277777777778,288
full_deep_bci_iv_2a_validation_postcal,BCI_IV_2a,6,spatial_calibrated,max-prob,0.0520833333333333,0.05,0.8136137562448295,0.1333333333333333,0.8666666666666667,15
full_deep_bci_iv_2a_validation_postcal,BCI_IV_2a,6,spatial_calibrated,max-prob,0.1006944444444444,0.1,0.7589541104369844,0.2413793103448276,0.7586206896551724,29
full_deep_bci_iv_2a_validation_postcal,BCI_IV_2a,6,spatial_calibrated,max-prob,0.1527777777777778,0.15,0.6908464998870055,0.3863636363636363,0.6136363636363636,44
full_deep_bci_iv_2a_validation_postcal,BCI_IV_2a,6,spatial_calibrated,max-prob,0.2013888888888889,0.2,0.6465275784196695,0.396551724137931,0.603448275862069,58
full_deep_bci_iv_2a_validation_postcal,BCI_IV_2a,6,spatial_calibrated,max-prob,0.25,0.25,0.6169853016857072,0.4583333333333333,0.5416666666666666,72
full_deep_bci_iv_2a_validation_postcal,BCI_IV_2a,6,spatial_calibrated,max-prob,0.3020833333333333,0.3,0.5844855929875236,0.4712643678160919,0.5287356321839081,87
full_deep_bci_iv_2a_validation_postcal,BCI_IV_2a,6,spatial_calibrated,max-prob,0.3506944444444444,0.35,0.5599770199959203,0.495049504950495,0.504950495049505,101
full_deep_bci_iv_2a_validation_postcal,BCI_IV_2a,6,spatial_calibrated,max-prob,0.4027777777777778,0.4,0.5391684108805705,0.4827586206896551,0.5172413793103449,116
full_deep_bci_iv_2a_validation_postcal,BCI_IV_2a,6,spatial_calibrated,max-prob,0.4513888888888889,0.45,0.5184751053435096,0.5076923076923077,0.4923076923076923,130
full_deep_bci_iv_2a_validation_postcal,BCI_IV_2a,6,spatial_calibrated,max-prob,0.5,0.5,0.4993605315680516,0.5277777777777778,0.4722222222222222,144
full_deep_bci_iv_2a_validation_postcal,BCI_IV_2a,6,spatial_calibrated,max-prob,0.5520833333333334,0.55,0.4828399592099094,0.5220125786163522,0.4779874213836478,159
full_deep_bci_iv_2a_validation_postcal,BCI_IV_2a,6,spatial_calibrated,max-prob,0.6006944444444444,0.6,0.471417499196827,0.5144508670520231,0.4855491329479768,173
full_deep_bci_iv_2a_validation_postcal,BCI_IV_2a,6,spatial_calibrated,max-prob,0.6527777777777778,0.65,0.4525292322558915,0.5212765957446808,0.4787234042553192,188
full_deep_bci_iv_2a_validation_postcal,BCI_IV_2a,6,spatial_calibrated,max-prob,0.7013888888888888,0.7,0.4395280581056505,0.5346534653465347,0.4653465346534653,202
full_deep_bci_iv_2a_validation_postcal,BCI_IV_2a,6,spatial_calibrated,max-prob,0.75,0.75,0.4223586449833987,0.537037037037037,0.4629629629629629,216
full_deep_bci_iv_2a_validation_postcal,BCI_IV_2a,6,spatial_calibrated,max-prob,0.8020833333333334,0.8,0.4044234886821946,0.5454545454545454,0.4545454545454545,231
full_deep_bci_iv_2a_validation_postcal,BCI_IV_2a,6,spatial_calibrated,max-prob,0.8506944444444444,0.85,0.3928964077115155,0.5469387755102041,0.4530612244897959,245
full_deep_bci_iv_2a_validation_postcal,BCI_IV_2a,6,spatial_calibrated,max-prob,0.9027777777777778,0.9,0.3706126971902393,0.55,0.45,260
full_deep_bci_iv_2a_validation_postcal,BCI_IV_2a,6,spatial_calibrated,max-prob,0.9513888888888888,0.95,0.3348977237543301,0.5474452554744526,0.4525547445255474,274
full_deep_bci_iv_2a_validation_postcal,BCI_IV_2a,6,spatial_calibrated,max-prob,1.0,1.0,0.2681071491264635,0.5659722222222222,0.4340277777777778,288
full_deep_bci_iv_2a_validation_postcal,BCI_IV_2a,6,deep_ensemble_validation_weighted,max-prob,0.0520833333333333,0.05,0.7841355519507777,0.1999999999999999,0.8,15
full_deep_bci_iv_2a_validation_postcal,BCI_IV_2a,6,deep_ensemble_validation_weighted,max-prob,0.1006944444444444,0.1,0.7121444492975184,0.2758620689655172,0.7241379310344828,29
full_deep_bci_iv_2a_validation_postcal,BCI_IV_2a,6,deep_ensemble_validation_weighted,max-prob,0.1527777777777778,0.15,0.6533555142322527,0.3181818181818182,0.6818181818181818,44
full_deep_bci_iv_2a_validation_postcal,BCI_IV_2a,6,deep_ensemble_validation_weighted,max-prob,0.2013888888888889,0.2,0.6305080528199019,0.3793103448275862,0.6206896551724138,58
full_deep_bci_iv_2a_validation_postcal,BCI_IV_2a,6,deep_ensemble_validation_weighted,max-prob,0.25,0.25,0.6035297909370434,0.4305555555555556,0.5694444444444444,72
full_deep_bci_iv_2a_validation_postcal,BCI_IV_2a,6,deep_ensemble_validation_weighted,max-prob,0.3020833333333333,0.3,0.5668693792502524,0.4482758620689655,0.5517241379310345,87
full_deep_bci_iv_2a_validation_postcal,BCI_IV_2a,6,deep_ensemble_validation_weighted,max-prob,0.3506944444444444,0.35,0.5461420757099547,0.4851485148514851,0.5148514851485149,101
full_deep_bci_iv_2a_validation_postcal,BCI_IV_2a,6,deep_ensemble_validation_weighted,max-prob,0.4027777777777778,0.4,0.5221557195444189,0.4741379310344827,0.5258620689655172,116
full_deep_bci_iv_2a_validation_postcal,BCI_IV_2a,6,deep_ensemble_validation_weighted,max-prob,0.4513888888888889,0.45,0.510286089925271,0.4769230769230769,0.5230769230769231,130
full_deep_bci_iv_2a_validation_postcal,BCI_IV_2a,6,deep_ensemble_validation_weighted,max-prob,0.5,0.5,0.4878322839830914,0.4722222222222222,0.5277777777777778,144
full_deep_bci_iv_2a_validation_postcal,BCI_IV_2a,6,deep_ensemble_validation_weighted,max-prob,0.5520833333333334,0.55,0.4707334410379606,0.490566037735849,0.5094339622641509,159
full_deep_bci_iv_2a_validation_postcal,BCI_IV_2a,6,deep_ensemble_validation_weighted,max-prob,0.6006944444444444,0.6,0.4546883223690156,0.5028901734104047,0.4971098265895953,173
full_deep_bci_iv_2a_validation_postcal,BCI_IV_2a,6,deep_ensemble_validation_weighted,max-prob,0.6527777777777778,0.65,0.4414956734365257,0.5212765957446808,0.4787234042553192,188
full_deep_bci_iv_2a_validation_postcal,BCI_IV_2a,6,deep_ensemble_validation_weighted,max-prob,0.7013888888888888,0.7,0.4289656787153356,0.5247524752475248,0.4752475247524752,202
full_deep_bci_iv_2a_validation_postcal,BCI_IV_2a,6,deep_ensemble_validation_weighted,max-prob,0.75,0.75,0.4195839562610383,0.5416666666666667,0.4583333333333333,216
full_deep_bci_iv_2a_validation_postcal,BCI_IV_2a,6,deep_ensemble_validation_weighted,max-prob,0.8020833333333334,0.8,0.4034691714780993,0.5670995670995671,0.4329004329004329,231
full_deep_bci_iv_2a_validation_postcal,BCI_IV_2a,6,deep_ensemble_validation_weighted,max-prob,0.8506944444444444,0.85,0.3890282918716842,0.563265306122449,0.436734693877551,245
full_deep_bci_iv_2a_validation_postcal,BCI_IV_2a,6,deep_ensemble_validation_weighted,max-prob,0.9027777777777778,0.9,0.3724989525259459,0.573076923076923,0.4269230769230769,260
full_deep_bci_iv_2a_validation_postcal,BCI_IV_2a,6,deep_ensemble_validation_weighted,max-prob,0.9513888888888888,0.95,0.346899287437067,0.5802919708029197,0.4197080291970803,274
full_deep_bci_iv_2a_validation_postcal,BCI_IV_2a,6,deep_ensemble_validation_weighted,max-prob,1.0,1.0,0.2793344014194877,0.5694444444444444,0.4305555555555556,288
full_deep_bci_iv_2a_validation_postcal,BCI_IV_2a,7,v1_lda,max-prob,0.0520833333333333,0.05,0.5254747190271807,0.0,1.0,15
full_deep_bci_iv_2a_validation_postcal,BCI_IV_2a,7,v1_lda,max-prob,0.1006944444444444,0.1,0.5021066888318914,0.0344827586206896,0.9655172413793104,29
full_deep_bci_iv_2a_validation_postcal,BCI_IV_2a,7,v1_lda,max-prob,0.1527777777777778,0.15,0.4838897188456104,0.0909090909090909,0.9090909090909092,44
full_deep_bci_iv_2a_validation_postcal,BCI_IV_2a,7,v1_lda,max-prob,0.2013888888888889,0.2,0.4585855072907583,0.1724137931034483,0.8275862068965517,58
full_deep_bci_iv_2a_validation_postcal,BCI_IV_2a,7,v1_lda,max-prob,0.25,0.25,0.4473392963103171,0.2361111111111111,0.7638888888888888,72
full_deep_bci_iv_2a_validation_postcal,BCI_IV_2a,7,v1_lda,max-prob,0.3020833333333333,0.3,0.4346764599362467,0.3103448275862068,0.6896551724137931,87
full_deep_bci_iv_2a_validation_postcal,BCI_IV_2a,7,v1_lda,max-prob,0.3506944444444444,0.35,0.4257180905897668,0.3366336633663366,0.6633663366336634,101
full_deep_bci_iv_2a_validation_postcal,BCI_IV_2a,7,v1_lda,max-prob,0.4027777777777778,0.4,0.4152344472852049,0.3706896551724138,0.6293103448275862,116
full_deep_bci_iv_2a_validation_postcal,BCI_IV_2a,7,v1_lda,max-prob,0.4513888888888889,0.45,0.4031612949999544,0.3923076923076923,0.6076923076923076,130
full_deep_bci_iv_2a_validation_postcal,BCI_IV_2a,7,v1_lda,max-prob,0.5,0.5,0.3975043529231801,0.4375,0.5625,144
full_deep_bci_iv_2a_validation_postcal,BCI_IV_2a,7,v1_lda,max-prob,0.5520833333333334,0.55,0.3926308964091121,0.4591194968553459,0.5408805031446541,159
full_deep_bci_iv_2a_validation_postcal,BCI_IV_2a,7,v1_lda,max-prob,0.6006944444444444,0.6,0.386702828934135,0.4855491329479768,0.5144508670520231,173
full_deep_bci_iv_2a_validation_postcal,BCI_IV_2a,7,v1_lda,max-prob,0.6527777777777778,0.65,0.3818295397219954,0.5106382978723405,0.4893617021276595,188
full_deep_bci_iv_2a_validation_postcal,BCI_IV_2a,7,v1_lda,max-prob,0.7013888888888888,0.7,0.3771563990142882,0.5297029702970297,0.4702970297029702,202
full_deep_bci_iv_2a_validation_postcal,BCI_IV_2a,7,v1_lda,max-prob,0.75,0.75,0.3733216266454428,0.5462962962962963,0.4537037037037037,216
full_deep_bci_iv_2a_validation_postcal,BCI_IV_2a,7,v1_lda,max-prob,0.8020833333333334,0.8,0.36829728265363,0.5627705627705628,0.4372294372294372,231
full_deep_bci_iv_2a_validation_postcal,BCI_IV_2a,7,v1_lda,max-prob,0.8506944444444444,0.85,0.3617064849660665,0.5836734693877551,0.4163265306122449,245
full_deep_bci_iv_2a_validation_postcal,BCI_IV_2a,7,v1_lda,max-prob,0.9027777777777778,0.9,0.3567943896729106,0.6076923076923078,0.3923076923076923,260
full_deep_bci_iv_2a_validation_postcal,BCI_IV_2a,7,v1_lda,max-prob,0.9513888888888888,0.95,0.3496708732553237,0.6131386861313868,0.3868613138686131,274
full_deep_bci_iv_2a_validation_postcal,BCI_IV_2a,7,v1_lda,max-prob,1.0,1.0,0.3404554362272757,0.6284722222222222,0.3715277777777778,288
full_deep_bci_iv_2a_validation_postcal,BCI_IV_2a,7,eegnet_uncalibrated,max-prob,0.0520833333333333,0.05,0.9842672606678796,0.0,1.0,15
full_deep_bci_iv_2a_validation_postcal,BCI_IV_2a,7,eegnet_uncalibrated,max-prob,0.1006944444444444,0.1,0.9599490161478592,0.0689655172413793,0.9310344827586208,29
full_deep_bci_iv_2a_validation_postcal,BCI_IV_2a,7,eegnet_uncalibrated,max-prob,0.1527777777777778,0.15,0.919259215123804,0.0909090909090909,0.9090909090909092,44
full_deep_bci_iv_2a_validation_postcal,BCI_IV_2a,7,eegnet_uncalibrated,max-prob,0.2013888888888889,0.2,0.8853867772605691,0.086206896551724,0.913793103448276,58
full_deep_bci_iv_2a_validation_postcal,BCI_IV_2a,7,eegnet_uncalibrated,max-prob,0.25,0.25,0.8548012192364923,0.125,0.875,72
full_deep_bci_iv_2a_validation_postcal,BCI_IV_2a,7,eegnet_uncalibrated,max-prob,0.3020833333333333,0.3,0.8360484799657085,0.160919540229885,0.8390804597701149,87
full_deep_bci_iv_2a_validation_postcal,BCI_IV_2a,7,eegnet_uncalibrated,max-prob,0.3506944444444444,0.35,0.8048383852443376,0.1782178217821782,0.8217821782178217,101
full_deep_bci_iv_2a_validation_postcal,BCI_IV_2a,7,eegnet_uncalibrated,max-prob,0.4027777777777778,0.4,0.7708756305212712,0.2068965517241379,0.7931034482758621,116
full_deep_bci_iv_2a_validation_postcal,BCI_IV_2a,7,eegnet_uncalibrated,max-prob,0.4513888888888889,0.45,0.7389314642470436,0.223076923076923,0.7769230769230769,130
full_deep_bci_iv_2a_validation_postcal,BCI_IV_2a,7,eegnet_uncalibrated,max-prob,0.5,0.5,0.7138557506459872,0.2291666666666666,0.7708333333333334,144
full_deep_bci_iv_2a_validation_postcal,BCI_IV_2a,7,eegnet_uncalibrated,max-prob,0.5520833333333334,0.55,0.68583064566646,0.2264150943396226,0.7735849056603774,159
full_deep_bci_iv_2a_validation_postcal,BCI_IV_2a,7,eegnet_uncalibrated,max-prob,0.6006944444444444,0.6,0.6599212937744554,0.2312138728323699,0.7687861271676301,173
full_deep_bci_iv_2a_validation_postcal,BCI_IV_2a,7,eegnet_uncalibrated,max-prob,0.6527777777777778,0.65,0.6274768565975419,0.2606382978723404,0.7393617021276596,188
full_deep_bci_iv_2a_validation_postcal,BCI_IV_2a,7,eegnet_uncalibrated,max-prob,0.7013888888888888,0.7,0.6049870609300446,0.2623762376237624,0.7376237623762376,202
full_deep_bci_iv_2a_validation_postcal,BCI_IV_2a,7,eegnet_uncalibrated,max-prob,0.75,0.75,0.5814599671546368,0.2638888888888888,0.7361111111111112,216
full_deep_bci_iv_2a_validation_postcal,BCI_IV_2a,7,eegnet_uncalibrated,max-prob,0.8020833333333334,0.8,0.5559029587027311,0.2813852813852814,0.7186147186147186,231
full_deep_bci_iv_2a_validation_postcal,BCI_IV_2a,7,eegnet_uncalibrated,max-prob,0.8506944444444444,0.85,0.540603727248609,0.2857142857142857,0.7142857142857143,245
full_deep_bci_iv_2a_validation_postcal,BCI_IV_2a,7,eegnet_uncalibrated,max-prob,0.9027777777777778,0.9,0.5231614908458279,0.2961538461538461,0.7038461538461539,260
full_deep_bci_iv_2a_validation_postcal,BCI_IV_2a,7,eegnet_uncalibrated,max-prob,0.9513888888888888,0.95,0.5020462509783535,0.2992700729927007,0.7007299270072993,274
full_deep_bci_iv_2a_validation_postcal,BCI_IV_2a,7,eegnet_uncalibrated,max-prob,1.0,1.0,0.3220386798395523,0.3159722222222222,0.6840277777777778,288
full_deep_bci_iv_2a_validation_postcal,BCI_IV_2a,7,eegnet_calibrated,max-prob,0.0520833333333333,0.05,0.978607189429048,0.0,1.0,15
full_deep_bci_iv_2a_validation_postcal,BCI_IV_2a,7,eegnet_calibrated,max-prob,0.1006944444444444,0.1,0.9496148172993188,0.0689655172413793,0.9310344827586208,29
full_deep_bci_iv_2a_validation_postcal,BCI_IV_2a,7,eegnet_calibrated,max-prob,0.1527777777777778,0.15,0.9027074618057888,0.0909090909090909,0.9090909090909092,44
full_deep_bci_iv_2a_validation_postcal,BCI_IV_2a,7,eegnet_calibrated,max-prob,0.2013888888888889,0.2,0.8671723444302412,0.086206896551724,0.913793103448276,58
full_deep_bci_iv_2a_validation_postcal,BCI_IV_2a,7,eegnet_calibrated,max-prob,0.25,0.25,0.8334715985660487,0.1111111111111111,0.8888888888888888,72
full_deep_bci_iv_2a_validation_postcal,BCI_IV_2a,7,eegnet_calibrated,max-prob,0.3020833333333333,0.3,0.8123263471698193,0.1494252873563218,0.8505747126436781,87
full_deep_bci_iv_2a_validation_postcal,BCI_IV_2a,7,eegnet_calibrated,max-prob,0.3506944444444444,0.35,0.7836591123157677,0.1782178217821782,0.8217821782178217,101
full_deep_bci_iv_2a_validation_postcal,BCI_IV_2a,7,eegnet_calibrated,max-prob,0.4027777777777778,0.4,0.7496904042756368,0.2068965517241379,0.7931034482758621,116
full_deep_bci_iv_2a_validation_postcal,BCI_IV_2a,7,eegnet_calibrated,max-prob,0.4513888888888889,0.45,0.7187834144026499,0.2384615384615385,0.7615384615384615,130
full_deep_bci_iv_2a_validation_postcal,BCI_IV_2a,7,eegnet_calibrated,max-prob,0.5,0.5,0.6958641147234702,0.2361111111111111,0.7638888888888888,144
full_deep_bci_iv_2a_validation_postcal,BCI_IV_2a,7,eegnet_calibrated,max-prob,0.5520833333333334,0.55,0.6680109203673554,0.2327044025157232,0.7672955974842768,159
full_deep_bci_iv_2a_validation_postcal,BCI_IV_2a,7,eegnet_calibrated,max-prob,0.6006944444444444,0.6,0.640978702801305,0.2254335260115607,0.7745664739884393,173
full_deep_bci_iv_2a_validation_postcal,BCI_IV_2a,7,eegnet_calibrated,max-prob,0.6527777777777778,0.65,0.6170501816296142,0.2659574468085106,0.7340425531914894,188
full_deep_bci_iv_2a_validation_postcal,BCI_IV_2a,7,eegnet_calibrated,max-prob,0.7013888888888888,0.7,0.5939847630073488,0.2574257425742574,0.7425742574257426,202
full_deep_bci_iv_2a_validation_postcal,BCI_IV_2a,7,eegnet_calibrated,max-prob,0.75,0.75,0.5694012855849624,0.2638888888888888,0.7361111111111112,216
full_deep_bci_iv_2a_validation_postcal,BCI_IV_2a,7,eegnet_calibrated,max-prob,0.8020833333333334,0.8,0.5461579760443771,0.2813852813852814,0.7186147186147186,231
full_deep_bci_iv_2a_validation_postcal,BCI_IV_2a,7,eegnet_calibrated,max-prob,0.8506944444444444,0.85,0.5348768060324913,0.2857142857142857,0.7142857142857143,245
full_deep_bci_iv_2a_validation_postcal,BCI_IV_2a,7,eegnet_calibrated,max-prob,0.9027777777777778,0.9,0.5150082778654487,0.2961538461538461,0.7038461538461539,260
full_deep_bci_iv_2a_validation_postcal,BCI_IV_2a,7,eegnet_calibrated,max-prob,0.9513888888888888,0.95,0.4939676381810621,0.3029197080291971,0.6970802919708029,274
full_deep_bci_iv_2a_validation_postcal,BCI_IV_2a,7,eegnet_calibrated,max-prob,1.0,1.0,0.3163216031483189,0.3159722222222222,0.6840277777777778,288
full_deep_bci_iv_2a_validation_postcal,BCI_IV_2a,7,spatial_uncalibrated,max-prob,0.0520833333333333,0.05,0.9998106725514322,0.0,1.0,15
full_deep_bci_iv_2a_validation_postcal,BCI_IV_2a,7,spatial_uncalibrated,max-prob,0.1006944444444444,0.1,0.9990042007890724,0.0,1.0,29
full_deep_bci_iv_2a_validation_postcal,BCI_IV_2a,7,spatial_uncalibrated,max-prob,0.1527777777777778,0.15,0.9961993080710924,0.0227272727272727,0.9772727272727272,44
full_deep_bci_iv_2a_validation_postcal,BCI_IV_2a,7,spatial_uncalibrated,max-prob,0.2013888888888889,0.2,0.9933317648625348,0.0172413793103448,0.9827586206896552,58
full_deep_bci_iv_2a_validation_postcal,BCI_IV_2a,7,spatial_uncalibrated,max-prob,0.25,0.25,0.9883542357964672,0.0138888888888888,0.9861111111111112,72
full_deep_bci_iv_2a_validation_postcal,BCI_IV_2a,7,spatial_uncalibrated,max-prob,0.3020833333333333,0.3,0.981573008437088,0.0114942528735632,0.9885057471264368,87
full_deep_bci_iv_2a_validation_postcal,BCI_IV_2a,7,spatial_uncalibrated,max-prob,0.3506944444444444,0.35,0.9744974142277878,0.0099009900990099,0.99009900990099,101
full_deep_bci_iv_2a_validation_postcal,BCI_IV_2a,7,spatial_uncalibrated,max-prob,0.4027777777777778,0.4,0.964986258511376,0.0172413793103448,0.9827586206896552,116
full_deep_bci_iv_2a_validation_postcal,BCI_IV_2a,7,spatial_uncalibrated,max-prob,0.4513888888888889,0.45,0.95768577526411,0.0230769230769231,0.9769230769230768,130
full_deep_bci_iv_2a_validation_postcal,BCI_IV_2a,7,spatial_uncalibrated,max-prob,0.5,0.5,0.9463653189878044,0.0416666666666666,0.9583333333333334,144
full_deep_bci_iv_2a_validation_postcal,BCI_IV_2a,7,spatial_uncalibrated,max-prob,0.5520833333333334,0.55,0.930309941743464,0.0628930817610062,0.9371069182389936,159
full_deep_bci_iv_2a_validation_postcal,BCI_IV_2a,7,spatial_uncalibrated,max-prob,0.6006944444444444,0.6,0.9186047780203048,0.0693641618497109,0.930635838150289,173
full_deep_bci_iv_2a_validation_postcal,BCI_IV_2a,7,spatial_uncalibrated,max-prob,0.6527777777777778,0.65,0.8989754582416173,0.0957446808510638,0.9042553191489362,188
full_deep_bci_iv_2a_validation_postcal,BCI_IV_2a,7,spatial_uncalibrated,max-prob,0.7013888888888888,0.7,0.8770885249591178,0.094059405940594,0.905940594059406,202
full_deep_bci_iv_2a_validation_postcal,BCI_IV_2a,7,spatial_uncalibrated,max-prob,0.75,0.75,0.8423205321988559,0.1064814814814815,0.8935185185185185,216
full_deep_bci_iv_2a_validation_postcal,BCI_IV_2a,7,spatial_uncalibrated,max-prob,0.8020833333333334,0.8,0.7971876009617185,0.1082251082251082,0.8917748917748918,231
full_deep_bci_iv_2a_validation_postcal,BCI_IV_2a,7,spatial_uncalibrated,max-prob,0.8506944444444444,0.85,0.7490377503663237,0.1183673469387754,0.8816326530612245,245
full_deep_bci_iv_2a_validation_postcal,BCI_IV_2a,7,spatial_uncalibrated,max-prob,0.9027777777777778,0.9,0.6650758298074908,0.1269230769230769,0.8730769230769231,260
full_deep_bci_iv_2a_validation_postcal,BCI_IV_2a,7,spatial_uncalibrated,max-prob,0.9513888888888888,0.95,0.5744821868564122,0.145985401459854,0.8540145985401459,274
full_deep_bci_iv_2a_validation_postcal,BCI_IV_2a,7,spatial_uncalibrated,max-prob,1.0,1.0,0.3755493635423889,0.1666666666666666,0.8333333333333334,288
full_deep_bci_iv_2a_validation_postcal,BCI_IV_2a,7,spatial_calibrated,max-prob,0.0520833333333333,0.05,0.9997972721185928,0.0,1.0,15
full_deep_bci_iv_2a_validation_postcal,BCI_IV_2a,7,spatial_calibrated,max-prob,0.1006944444444444,0.1,0.9989457762728248,0.0,1.0,29
full_deep_bci_iv_2a_validation_postcal,BCI_IV_2a,7,spatial_calibrated,max-prob,0.1527777777777778,0.15,0.9960145161501764,0.0227272727272727,0.9772727272727272,44
full_deep_bci_iv_2a_validation_postcal,BCI_IV_2a,7,spatial_calibrated,max-prob,0.2013888888888889,0.2,0.9930503961376876,0.0172413793103448,0.9827586206896552,58
full_deep_bci_iv_2a_validation_postcal,BCI_IV_2a,7,spatial_calibrated,max-prob,0.25,0.25,0.9878793095063064,0.0138888888888888,0.9861111111111112,72
full_deep_bci_iv_2a_validation_postcal,BCI_IV_2a,7,spatial_calibrated,max-prob,0.3020833333333333,0.3,0.9809421332468627,0.0114942528735632,0.9885057471264368,87
full_deep_bci_iv_2a_validation_postcal,BCI_IV_2a,7,spatial_calibrated,max-prob,0.3506944444444444,0.35,0.9736820993125024,0.0099009900990099,0.99009900990099,101
full_deep_bci_iv_2a_validation_postcal,BCI_IV_2a,7,spatial_calibrated,max-prob,0.4027777777777778,0.4,0.964025394793964,0.0172413793103448,0.9827586206896552,116
full_deep_bci_iv_2a_validation_postcal,BCI_IV_2a,7,spatial_calibrated,max-prob,0.4513888888888889,0.45,0.9565591485167114,0.0230769230769231,0.9769230769230768,130
full_deep_bci_iv_2a_validation_postcal,BCI_IV_2a,7,spatial_calibrated,max-prob,0.5,0.5,0.9450566597989308,0.0347222222222222,0.9652777777777778,144
full_deep_bci_iv_2a_validation_postcal,BCI_IV_2a,7,spatial_calibrated,max-prob,0.5520833333333334,0.55,0.9289422840593824,0.0628930817610062,0.9371069182389936,159
full_deep_bci_iv_2a_validation_postcal,BCI_IV_2a,7,spatial_calibrated,max-prob,0.6006944444444444,0.6,0.9171932346345402,0.0693641618497109,0.930635838150289,173
full_deep_bci_iv_2a_validation_postcal,BCI_IV_2a,7,spatial_calibrated,max-prob,0.6527777777777778,0.65,0.8974314011183482,0.0957446808510638,0.9042553191489362,188
full_deep_bci_iv_2a_validation_postcal,BCI_IV_2a,7,spatial_calibrated,max-prob,0.7013888888888888,0.7,0.8754425997706065,0.094059405940594,0.905940594059406,202
full_deep_bci_iv_2a_validation_postcal,BCI_IV_2a,7,spatial_calibrated,max-prob,0.75,0.75,0.8400656530531599,0.1064814814814815,0.8935185185185185,216
full_deep_bci_iv_2a_validation_postcal,BCI_IV_2a,7,spatial_calibrated,max-prob,0.8020833333333334,0.8,0.7954541429742786,0.1082251082251082,0.8917748917748918,231
full_deep_bci_iv_2a_validation_postcal,BCI_IV_2a,7,spatial_calibrated,max-prob,0.8506944444444444,0.85,0.7474242317411485,0.1183673469387754,0.8816326530612245,245
full_deep_bci_iv_2a_validation_postcal,BCI_IV_2a,7,spatial_calibrated,max-prob,0.9027777777777778,0.9,0.6627647451743838,0.1269230769230769,0.8730769230769231,260
full_deep_bci_iv_2a_validation_postcal,BCI_IV_2a,7,spatial_calibrated,max-prob,0.9513888888888888,0.95,0.5738826455707633,0.145985401459854,0.8540145985401459,274
full_deep_bci_iv_2a_validation_postcal,BCI_IV_2a,7,spatial_calibrated,max-prob,1.0,1.0,0.3744994170728477,0.1666666666666666,0.8333333333333334,288
full_deep_bci_iv_2a_validation_postcal,BCI_IV_2a,7,deep_ensemble_validation_weighted,max-prob,0.0520833333333333,0.05,0.9984347504640766,0.0,1.0,15
full_deep_bci_iv_2a_validation_postcal,BCI_IV_2a,7,deep_ensemble_validation_weighted,max-prob,0.1006944444444444,0.1,0.991226186954412,0.0,1.0,29
full_deep_bci_iv_2a_validation_postcal,BCI_IV_2a,7,deep_ensemble_validation_weighted,max-prob,0.1527777777777778,0.15,0.9830841943101628,0.0454545454545454,0.9545454545454546,44
full_deep_bci_iv_2a_validation_postcal,BCI_IV_2a,7,deep_ensemble_validation_weighted,max-prob,0.2013888888888889,0.2,0.9712831116198558,0.0517241379310344,0.9482758620689656,58
full_deep_bci_iv_2a_validation_postcal,BCI_IV_2a,7,deep_ensemble_validation_weighted,max-prob,0.25,0.25,0.9587561595639642,0.0555555555555555,0.9444444444444444,72
full_deep_bci_iv_2a_validation_postcal,BCI_IV_2a,7,deep_ensemble_validation_weighted,max-prob,0.3020833333333333,0.3,0.9455726204464818,0.0804597701149425,0.9195402298850576,87
full_deep_bci_iv_2a_validation_postcal,BCI_IV_2a,7,deep_ensemble_validation_weighted,max-prob,0.3506944444444444,0.35,0.9309456161872574,0.089108910891089,0.9108910891089108,101
full_deep_bci_iv_2a_validation_postcal,BCI_IV_2a,7,deep_ensemble_validation_weighted,max-prob,0.4027777777777778,0.4,0.9165896272552196,0.1034482758620689,0.896551724137931,116
full_deep_bci_iv_2a_validation_postcal,BCI_IV_2a,7,deep_ensemble_validation_weighted,max-prob,0.4513888888888889,0.45,0.9001408341309438,0.1076923076923076,0.8923076923076924,130
full_deep_bci_iv_2a_validation_postcal,BCI_IV_2a,7,deep_ensemble_validation_weighted,max-prob,0.5,0.5,0.8879768848146927,0.1111111111111111,0.8888888888888888,144
full_deep_bci_iv_2a_validation_postcal,BCI_IV_2a,7,deep_ensemble_validation_weighted,max-prob,0.5520833333333334,0.55,0.8781982717354313,0.1132075471698113,0.8867924528301887,159
full_deep_bci_iv_2a_validation_postcal,BCI_IV_2a,7,deep_ensemble_validation_weighted,max-prob,0.6006944444444444,0.6,0.8579902295495222,0.1098265895953757,0.8901734104046243,173
full_deep_bci_iv_2a_validation_postcal,BCI_IV_2a,7,deep_ensemble_validation_weighted,max-prob,0.6527777777777778,0.65,0.8261119313856282,0.1223404255319149,0.8776595744680851,188
full_deep_bci_iv_2a_validation_postcal,BCI_IV_2a,7,deep_ensemble_validation_weighted,max-prob,0.7013888888888888,0.7,0.8057306607201583,0.1188118811881188,0.8811881188118812,202
full_deep_bci_iv_2a_validation_postcal,BCI_IV_2a,7,deep_ensemble_validation_weighted,max-prob,0.75,0.75,0.7685411554383672,0.1296296296296296,0.8703703703703703,216
full_deep_bci_iv_2a_validation_postcal,BCI_IV_2a,7,deep_ensemble_validation_weighted,max-prob,0.8020833333333334,0.8,0.7340757608130517,0.1298701298701299,0.8701298701298701,231
full_deep_bci_iv_2a_validation_postcal,BCI_IV_2a,7,deep_ensemble_validation_weighted,max-prob,0.8506944444444444,0.85,0.7022940858170031,0.1346938775510203,0.8653061224489796,245
full_deep_bci_iv_2a_validation_postcal,BCI_IV_2a,7,deep_ensemble_validation_weighted,max-prob,0.9027777777777778,0.9,0.6250933948016836,0.15,0.85,260
full_deep_bci_iv_2a_validation_postcal,BCI_IV_2a,7,deep_ensemble_validation_weighted,max-prob,0.9513888888888888,0.95,0.5655849309901297,0.1532846715328467,0.8467153284671532,274
full_deep_bci_iv_2a_validation_postcal,BCI_IV_2a,7,deep_ensemble_validation_weighted,max-prob,1.0,1.0,0.3403799816514604,0.1736111111111111,0.8263888888888888,288
full_deep_bci_iv_2a_validation_postcal,BCI_IV_2a,8,v1_lda,max-prob,0.0520833333333333,0.05,0.5918594125513276,0.1333333333333333,0.8666666666666667,15
full_deep_bci_iv_2a_validation_postcal,BCI_IV_2a,8,v1_lda,max-prob,0.1006944444444444,0.1,0.5353977543130694,0.1724137931034483,0.8275862068965517,29
full_deep_bci_iv_2a_validation_postcal,BCI_IV_2a,8,v1_lda,max-prob,0.1527777777777778,0.15,0.4772652143914754,0.25,0.75,44
full_deep_bci_iv_2a_validation_postcal,BCI_IV_2a,8,v1_lda,max-prob,0.2013888888888889,0.2,0.4657297097451298,0.2586206896551724,0.7413793103448276,58
full_deep_bci_iv_2a_validation_postcal,BCI_IV_2a,8,v1_lda,max-prob,0.25,0.25,0.4562366080064626,0.2777777777777778,0.7222222222222222,72
full_deep_bci_iv_2a_validation_postcal,BCI_IV_2a,8,v1_lda,max-prob,0.3020833333333333,0.3,0.4456680496737155,0.2528735632183908,0.7471264367816092,87
full_deep_bci_iv_2a_validation_postcal,BCI_IV_2a,8,v1_lda,max-prob,0.3506944444444444,0.35,0.430530150403555,0.2376237623762376,0.7623762376237624,101
full_deep_bci_iv_2a_validation_postcal,BCI_IV_2a,8,v1_lda,max-prob,0.4027777777777778,0.4,0.4227871359962227,0.2327586206896551,0.7672413793103449,116
full_deep_bci_iv_2a_validation_postcal,BCI_IV_2a,8,v1_lda,max-prob,0.4513888888888889,0.45,0.4165109827596943,0.2384615384615385,0.7615384615384615,130
full_deep_bci_iv_2a_validation_postcal,BCI_IV_2a,8,v1_lda,max-prob,0.5,0.5,0.4078835633225594,0.2708333333333333,0.7291666666666666,144
full_deep_bci_iv_2a_validation_postcal,BCI_IV_2a,8,v1_lda,max-prob,0.5520833333333334,0.55,0.4010312649517693,0.289308176100629,0.710691823899371,159
full_deep_bci_iv_2a_validation_postcal,BCI_IV_2a,8,v1_lda,max-prob,0.6006944444444444,0.6,0.3921936341382556,0.2890173410404624,0.7109826589595376,173
full_deep_bci_iv_2a_validation_postcal,BCI_IV_2a,8,v1_lda,max-prob,0.6527777777777778,0.65,0.385849837339929,0.3085106382978723,0.6914893617021277,188
full_deep_bci_iv_2a_validation_postcal,BCI_IV_2a,8,v1_lda,max-prob,0.7013888888888888,0.7,0.3770362762025009,0.3168316831683168,0.6831683168316832,202
full_deep_bci_iv_2a_validation_postcal,BCI_IV_2a,8,v1_lda,max-prob,0.75,0.75,0.3658685380497064,0.3194444444444444,0.6805555555555556,216
full_deep_bci_iv_2a_validation_postcal,BCI_IV_2a,8,v1_lda,max-prob,0.8020833333333334,0.8,0.3580032950871368,0.3203463203463204,0.6796536796536796,231
full_deep_bci_iv_2a_validation_postcal,BCI_IV_2a,8,v1_lda,max-prob,0.8506944444444444,0.85,0.3410379276486142,0.3387755102040816,0.6612244897959184,245
full_deep_bci_iv_2a_validation_postcal,BCI_IV_2a,8,v1_lda,max-prob,0.9027777777777778,0.9,0.3288372055940941,0.35,0.65,260
full_deep_bci_iv_2a_validation_postcal,BCI_IV_2a,8,v1_lda,max-prob,0.9513888888888888,0.95,0.3081976934378228,0.3686131386861314,0.6313868613138686,274
full_deep_bci_iv_2a_validation_postcal,BCI_IV_2a,8,v1_lda,max-prob,1.0,1.0,0.2761071846279777,0.3854166666666666,0.6145833333333334,288
full_deep_bci_iv_2a_validation_postcal,BCI_IV_2a,8,eegnet_uncalibrated,max-prob,0.0520833333333333,0.05,0.9990682131482636,0.0666666666666666,0.9333333333333332,15
full_deep_bci_iv_2a_validation_postcal,BCI_IV_2a,8,eegnet_uncalibrated,max-prob,0.1006944444444444,0.1,0.9912256782558454,0.0689655172413793,0.9310344827586208,29
full_deep_bci_iv_2a_validation_postcal,BCI_IV_2a,8,eegnet_uncalibrated,max-prob,0.1527777777777778,0.15,0.9796575169085758,0.0681818181818182,0.9318181818181818,44
full_deep_bci_iv_2a_validation_postcal,BCI_IV_2a,8,eegnet_uncalibrated,max-prob,0.2013888888888889,0.2,0.957212956654736,0.1034482758620689,0.896551724137931,58
full_deep_bci_iv_2a_validation_postcal,BCI_IV_2a,8,eegnet_uncalibrated,max-prob,0.25,0.25,0.944754415644058,0.0972222222222222,0.9027777777777778,72
full_deep_bci_iv_2a_validation_postcal,BCI_IV_2a,8,eegnet_uncalibrated,max-prob,0.3020833333333333,0.3,0.918305994544053,0.1149425287356321,0.8850574712643678,87
full_deep_bci_iv_2a_validation_postcal,BCI_IV_2a,8,eegnet_uncalibrated,max-prob,0.3506944444444444,0.35,0.8826247000350904,0.0990099009900989,0.900990099009901,101
full_deep_bci_iv_2a_validation_postcal,BCI_IV_2a,8,eegnet_uncalibrated,max-prob,0.4027777777777778,0.4,0.8440126841832258,0.1293103448275862,0.8706896551724138,116
full_deep_bci_iv_2a_validation_postcal,BCI_IV_2a,8,eegnet_uncalibrated,max-prob,0.4513888888888889,0.45,0.8049858523642149,0.1384615384615384,0.8615384615384616,130
full_deep_bci_iv_2a_validation_postcal,BCI_IV_2a,8,eegnet_uncalibrated,max-prob,0.5,0.5,0.7714679823577856,0.1388888888888888,0.8611111111111112,144
full_deep_bci_iv_2a_validation_postcal,BCI_IV_2a,8,eegnet_uncalibrated,max-prob,0.5520833333333334,0.55,0.7127174410508572,0.1383647798742138,0.8616352201257862,159
full_deep_bci_iv_2a_validation_postcal,BCI_IV_2a,8,eegnet_uncalibrated,max-prob,0.6006944444444444,0.6,0.6877201670582882,0.138728323699422,0.861271676300578,173
full_deep_bci_iv_2a_validation_postcal,BCI_IV_2a,8,eegnet_uncalibrated,max-prob,0.6527777777777778,0.65,0.6544022263865535,0.1436170212765957,0.8563829787234043,188
full_deep_bci_iv_2a_validation_postcal,BCI_IV_2a,8,eegnet_uncalibrated,max-prob,0.7013888888888888,0.7,0.6306582484489334,0.1584158415841584,0.8415841584158416,202
full_deep_bci_iv_2a_validation_postcal,BCI_IV_2a,8,eegnet_uncalibrated,max-prob,0.75,0.75,0.5954274911650105,0.1712962962962962,0.8287037037037037,216
full_deep_bci_iv_2a_validation_postcal,BCI_IV_2a,8,eegnet_uncalibrated,max-prob,0.8020833333333334,0.8,0.5635577393289525,0.1818181818181817,0.8181818181818182,231
full_deep_bci_iv_2a_validation_postcal,BCI_IV_2a,8,eegnet_uncalibrated,max-prob,0.8506944444444444,0.85,0.5371693503024653,0.1999999999999999,0.8,245
full_deep_bci_iv_2a_validation_postcal,BCI_IV_2a,8,eegnet_uncalibrated,max-prob,0.9027777777777778,0.9,0.5033639655437349,0.2115384615384615,0.7884615384615384,260
full_deep_bci_iv_2a_validation_postcal,BCI_IV_2a,8,eegnet_uncalibrated,max-prob,0.9513888888888888,0.95,0.4482869014270167,0.22992700729927,0.7700729927007299,274
full_deep_bci_iv_2a_validation_postcal,BCI_IV_2a,8,eegnet_uncalibrated,max-prob,1.0,1.0,0.2922714845836671,0.2465277777777778,0.7534722222222222,288
full_deep_bci_iv_2a_validation_postcal,BCI_IV_2a,8,eegnet_calibrated,max-prob,0.0520833333333333,0.05,0.9986769036320552,0.0666666666666666,0.9333333333333332,15
full_deep_bci_iv_2a_validation_postcal,BCI_IV_2a,8,eegnet_calibrated,max-prob,0.1006944444444444,0.1,0.98870518002531,0.0689655172413793,0.9310344827586208,29
full_deep_bci_iv_2a_validation_postcal,BCI_IV_2a,8,eegnet_calibrated,max-prob,0.1527777777777778,0.15,0.975575370225654,0.0681818181818182,0.9318181818181818,44
full_deep_bci_iv_2a_validation_postcal,BCI_IV_2a,8,eegnet_calibrated,max-prob,0.2013888888888889,0.2,0.9490652568798278,0.1034482758620689,0.896551724137931,58
full_deep_bci_iv_2a_validation_postcal,BCI_IV_2a,8,eegnet_calibrated,max-prob,0.25,0.25,0.9353431102465964,0.0972222222222222,0.9027777777777778,72
full_deep_bci_iv_2a_validation_postcal,BCI_IV_2a,8,eegnet_calibrated,max-prob,0.3020833333333333,0.3,0.908276816793226,0.1149425287356321,0.8850574712643678,87
full_deep_bci_iv_2a_validation_postcal,BCI_IV_2a,8,eegnet_calibrated,max-prob,0.3506944444444444,0.35,0.8684718272855607,0.0990099009900989,0.900990099009901,101
full_deep_bci_iv_2a_validation_postcal,BCI_IV_2a,8,eegnet_calibrated,max-prob,0.4027777777777778,0.4,0.8282515646596508,0.1293103448275862,0.8706896551724138,116
full_deep_bci_iv_2a_validation_postcal,BCI_IV_2a,8,eegnet_calibrated,max-prob,0.4513888888888889,0.45,0.7883054223911756,0.1384615384615384,0.8615384615384616,130
full_deep_bci_iv_2a_validation_postcal,BCI_IV_2a,8,eegnet_calibrated,max-prob,0.5,0.5,0.7581244620791994,0.1388888888888888,0.8611111111111112,144
full_deep_bci_iv_2a_validation_postcal,BCI_IV_2a,8,eegnet_calibrated,max-prob,0.5520833333333334,0.55,0.7007098577636764,0.1383647798742138,0.8616352201257862,159
full_deep_bci_iv_2a_validation_postcal,BCI_IV_2a,8,eegnet_calibrated,max-prob,0.6006944444444444,0.6,0.6724751654101636,0.138728323699422,0.861271676300578,173
full_deep_bci_iv_2a_validation_postcal,BCI_IV_2a,8,eegnet_calibrated,max-prob,0.6527777777777778,0.65,0.6420492646935447,0.1436170212765957,0.8563829787234043,188
full_deep_bci_iv_2a_validation_postcal,BCI_IV_2a,8,eegnet_calibrated,max-prob,0.7013888888888888,0.7,0.615874470668571,0.1534653465346535,0.8465346534653465,202
full_deep_bci_iv_2a_validation_postcal,BCI_IV_2a,8,eegnet_calibrated,max-prob,0.75,0.75,0.5845923229548459,0.1712962962962962,0.8287037037037037,216
full_deep_bci_iv_2a_validation_postcal,BCI_IV_2a,8,eegnet_calibrated,max-prob,0.8020833333333334,0.8,0.5525360395981233,0.1818181818181817,0.8181818181818182,231
full_deep_bci_iv_2a_validation_postcal,BCI_IV_2a,8,eegnet_calibrated,max-prob,0.8506944444444444,0.85,0.5312340140107553,0.1999999999999999,0.8,245
full_deep_bci_iv_2a_validation_postcal,BCI_IV_2a,8,eegnet_calibrated,max-prob,0.9027777777777778,0.9,0.4972990552575069,0.2115384615384615,0.7884615384615384,260
full_deep_bci_iv_2a_validation_postcal,BCI_IV_2a,8,eegnet_calibrated,max-prob,0.9513888888888888,0.95,0.4425747275580431,0.22992700729927,0.7700729927007299,274
full_deep_bci_iv_2a_validation_postcal,BCI_IV_2a,8,eegnet_calibrated,max-prob,1.0,1.0,0.2903004028047573,0.2465277777777778,0.7534722222222222,288
full_deep_bci_iv_2a_validation_postcal,BCI_IV_2a,8,spatial_uncalibrated,max-prob,0.0520833333333333,0.05,0.999948238482207,0.0,1.0,15
full_deep_bci_iv_2a_validation_postcal,BCI_IV_2a,8,spatial_uncalibrated,max-prob,0.1006944444444444,0.1,0.999715281059182,0.0,1.0,29
full_deep_bci_iv_2a_validation_postcal,BCI_IV_2a,8,spatial_uncalibrated,max-prob,0.1527777777777778,0.15,0.9994735282280416,0.0,1.0,44
full_deep_bci_iv_2a_validation_postcal,BCI_IV_2a,8,spatial_uncalibrated,max-prob,0.2013888888888889,0.2,0.9984173103252204,0.0,1.0,58
full_deep_bci_iv_2a_validation_postcal,BCI_IV_2a,8,spatial_uncalibrated,max-prob,0.25,0.25,0.9973857758982916,0.0138888888888888,0.9861111111111112,72
full_deep_bci_iv_2a_validation_postcal,BCI_IV_2a,8,spatial_uncalibrated,max-prob,0.3020833333333333,0.3,0.9950434832427691,0.0459770114942529,0.9540229885057472,87
full_deep_bci_iv_2a_validation_postcal,BCI_IV_2a,8,spatial_uncalibrated,max-prob,0.3506944444444444,0.35,0.991960701497533,0.0693069306930692,0.9306930693069309,101
full_deep_bci_iv_2a_validation_postcal,BCI_IV_2a,8,spatial_uncalibrated,max-prob,0.4027777777777778,0.4,0.9852822017815216,0.0689655172413793,0.9310344827586208,116
full_deep_bci_iv_2a_validation_postcal,BCI_IV_2a,8,spatial_uncalibrated,max-prob,0.4513888888888889,0.45,0.97900408633507,0.0692307692307692,0.9307692307692308,130
full_deep_bci_iv_2a_validation_postcal,BCI_IV_2a,8,spatial_uncalibrated,max-prob,0.5,0.5,0.9672046646550664,0.0763888888888888,0.9236111111111112,144
full_deep_bci_iv_2a_validation_postcal,BCI_IV_2a,8,spatial_uncalibrated,max-prob,0.5520833333333334,0.55,0.9559726838856784,0.0691823899371069,0.9308176100628932,159
full_deep_bci_iv_2a_validation_postcal,BCI_IV_2a,8,spatial_uncalibrated,max-prob,0.6006944444444444,0.6,0.931916629616883,0.0693641618497109,0.930635838150289,173
full_deep_bci_iv_2a_validation_postcal,BCI_IV_2a,8,spatial_uncalibrated,max-prob,0.6527777777777778,0.65,0.8971729881635463,0.0797872340425531,0.9202127659574468,188
full_deep_bci_iv_2a_validation_postcal,BCI_IV_2a,8,spatial_uncalibrated,max-prob,0.7013888888888888,0.7,0.851061976795903,0.0990099009900989,0.900990099009901,202
full_deep_bci_iv_2a_validation_postcal,BCI_IV_2a,8,spatial_uncalibrated,max-prob,0.75,0.75,0.8122159786538693,0.1018518518518518,0.8981481481481481,216
full_deep_bci_iv_2a_validation_postcal,BCI_IV_2a,8,spatial_uncalibrated,max-prob,0.8020833333333334,0.8,0.7538097777825455,0.1255411255411255,0.8744588744588745,231
full_deep_bci_iv_2a_validation_postcal,BCI_IV_2a,8,spatial_uncalibrated,max-prob,0.8506944444444444,0.85,0.6822008258227436,0.1346938775510203,0.8653061224489796,245
full_deep_bci_iv_2a_validation_postcal,BCI_IV_2a,8,spatial_uncalibrated,max-prob,0.9027777777777778,0.9,0.6156821387690385,0.15,0.85,260
full_deep_bci_iv_2a_validation_postcal,BCI_IV_2a,8,spatial_uncalibrated,max-prob,0.9513888888888888,0.95,0.5464963426284811,0.1715328467153284,0.8284671532846716,274
full_deep_bci_iv_2a_validation_postcal,BCI_IV_2a,8,spatial_uncalibrated,max-prob,1.0,1.0,0.4002871167936668,0.1909722222222222,0.8090277777777778,288
full_deep_bci_iv_2a_validation_postcal,BCI_IV_2a,8,spatial_calibrated,max-prob,0.0520833333333333,0.05,0.9999482337201034,0.0,1.0,15
full_deep_bci_iv_2a_validation_postcal,BCI_IV_2a,8,spatial_calibrated,max-prob,0.1006944444444444,0.1,0.999715259277038,0.0,1.0,29
full_deep_bci_iv_2a_validation_postcal,BCI_IV_2a,8,spatial_calibrated,max-prob,0.1527777777777778,0.15,0.9994734912313498,0.0,1.0,44
full_deep_bci_iv_2a_validation_postcal,BCI_IV_2a,8,spatial_calibrated,max-prob,0.2013888888888889,0.2,0.9984172128678432,0.0,1.0,58
full_deep_bci_iv_2a_validation_postcal,BCI_IV_2a,8,spatial_calibrated,max-prob,0.25,0.25,0.9973856197275632,0.0138888888888888,0.9861111111111112,72
full_deep_bci_iv_2a_validation_postcal,BCI_IV_2a,8,spatial_calibrated,max-prob,0.3020833333333333,0.3,0.9950432067378984,0.0459770114942529,0.9540229885057472,87
full_deep_bci_iv_2a_validation_postcal,BCI_IV_2a,8,spatial_calibrated,max-prob,0.3506944444444444,0.35,0.9919603225264104,0.0693069306930692,0.9306930693069309,101
full_deep_bci_iv_2a_validation_postcal,BCI_IV_2a,8,spatial_calibrated,max-prob,0.4027777777777778,0.4,0.9852814963222218,0.0689655172413793,0.9310344827586208,116
full_deep_bci_iv_2a_validation_postcal,BCI_IV_2a,8,spatial_calibrated,max-prob,0.4513888888888889,0.45,0.9790032811655688,0.0692307692307692,0.9307692307692308,130
full_deep_bci_iv_2a_validation_postcal,BCI_IV_2a,8,spatial_calibrated,max-prob,0.5,0.5,0.9672036377110572,0.0763888888888888,0.9236111111111112,144
full_deep_bci_iv_2a_validation_postcal,BCI_IV_2a,8,spatial_calibrated,max-prob,0.5520833333333334,0.55,0.9559712728121448,0.0691823899371069,0.9308176100628932,159
full_deep_bci_iv_2a_validation_postcal,BCI_IV_2a,8,spatial_calibrated,max-prob,0.6006944444444444,0.6,0.9319150335828692,0.0693641618497109,0.930635838150289,173
full_deep_bci_iv_2a_validation_postcal,BCI_IV_2a,8,spatial_calibrated,max-prob,0.6527777777777778,0.65,0.8971705345896878,0.0797872340425531,0.9202127659574468,188
full_deep_bci_iv_2a_validation_postcal,BCI_IV_2a,8,spatial_calibrated,max-prob,0.7013888888888888,0.7,0.8510595945309939,0.0990099009900989,0.900990099009901,202
full_deep_bci_iv_2a_validation_postcal,BCI_IV_2a,8,spatial_calibrated,max-prob,0.75,0.75,0.8122127823409622,0.1018518518518518,0.8981481481481481,216
full_deep_bci_iv_2a_validation_postcal,BCI_IV_2a,8,spatial_calibrated,max-prob,0.8020833333333334,0.8,0.7538068139669866,0.1255411255411255,0.8744588744588745,231
full_deep_bci_iv_2a_validation_postcal,BCI_IV_2a,8,spatial_calibrated,max-prob,0.8506944444444444,0.85,0.6821989217135201,0.1346938775510203,0.8653061224489796,245
full_deep_bci_iv_2a_validation_postcal,BCI_IV_2a,8,spatial_calibrated,max-prob,0.9027777777777778,0.9,0.6156810357985943,0.15,0.85,260
full_deep_bci_iv_2a_validation_postcal,BCI_IV_2a,8,spatial_calibrated,max-prob,0.9513888888888888,0.95,0.5464958387765863,0.1715328467153284,0.8284671532846716,274
full_deep_bci_iv_2a_validation_postcal,BCI_IV_2a,8,spatial_calibrated,max-prob,1.0,1.0,0.4002864519570016,0.1909722222222222,0.8090277777777778,288
full_deep_bci_iv_2a_validation_postcal,BCI_IV_2a,8,deep_ensemble_validation_weighted,max-prob,0.0520833333333333,0.05,0.999816889213132,0.0,1.0,15
full_deep_bci_iv_2a_validation_postcal,BCI_IV_2a,8,deep_ensemble_validation_weighted,max-prob,0.1006944444444444,0.1,0.9989103551061274,0.0689655172413793,0.9310344827586208,29
full_deep_bci_iv_2a_validation_postcal,BCI_IV_2a,8,deep_ensemble_validation_weighted,max-prob,0.1527777777777778,0.15,0.9960697413039736,0.0454545454545454,0.9545454545454546,44
full_deep_bci_iv_2a_validation_postcal,BCI_IV_2a,8,deep_ensemble_validation_weighted,max-prob,0.2013888888888889,0.2,0.9936002347592974,0.0344827586206896,0.9655172413793104,58
full_deep_bci_iv_2a_validation_postcal,BCI_IV_2a,8,deep_ensemble_validation_weighted,max-prob,0.25,0.25,0.9862006728574584,0.0416666666666666,0.9583333333333334,72
full_deep_bci_iv_2a_validation_postcal,BCI_IV_2a,8,deep_ensemble_validation_weighted,max-prob,0.3020833333333333,0.3,0.9747205809372111,0.0459770114942529,0.9540229885057472,87
full_deep_bci_iv_2a_validation_postcal,BCI_IV_2a,8,deep_ensemble_validation_weighted,max-prob,0.3506944444444444,0.35,0.9668703718470304,0.0495049504950495,0.9504950495049505,101
full_deep_bci_iv_2a_validation_postcal,BCI_IV_2a,8,deep_ensemble_validation_weighted,max-prob,0.4027777777777778,0.4,0.9464773829618914,0.0517241379310344,0.9482758620689656,116
full_deep_bci_iv_2a_validation_postcal,BCI_IV_2a,8,deep_ensemble_validation_weighted,max-prob,0.4513888888888889,0.45,0.9364186757808532,0.0538461538461538,0.946153846153846,130
full_deep_bci_iv_2a_validation_postcal,BCI_IV_2a,8,deep_ensemble_validation_weighted,max-prob,0.5,0.5,0.9216838800353682,0.0625,0.9375,144
full_deep_bci_iv_2a_validation_postcal,BCI_IV_2a,8,deep_ensemble_validation_weighted,max-prob,0.5520833333333334,0.55,0.9047245876735012,0.0691823899371069,0.9308176100628932,159
full_deep_bci_iv_2a_validation_postcal,BCI_IV_2a,8,deep_ensemble_validation_weighted,max-prob,0.6006944444444444,0.6,0.8650442466251718,0.0751445086705202,0.9248554913294798,173
full_deep_bci_iv_2a_validation_postcal,BCI_IV_2a,8,deep_ensemble_validation_weighted,max-prob,0.6527777777777778,0.65,0.8287057226435453,0.0797872340425531,0.9202127659574468,188
full_deep_bci_iv_2a_validation_postcal,BCI_IV_2a,8,deep_ensemble_validation_weighted,max-prob,0.7013888888888888,0.7,0.7961763666308607,0.089108910891089,0.9108910891089108,202
full_deep_bci_iv_2a_validation_postcal,BCI_IV_2a,8,deep_ensemble_validation_weighted,max-prob,0.75,0.75,0.7574052473769464,0.0972222222222222,0.9027777777777778,216
full_deep_bci_iv_2a_validation_postcal,BCI_IV_2a,8,deep_ensemble_validation_weighted,max-prob,0.8020833333333334,0.8,0.7042611554732691,0.1038961038961039,0.8961038961038961,231
full_deep_bci_iv_2a_validation_postcal,BCI_IV_2a,8,deep_ensemble_validation_weighted,max-prob,0.8506944444444444,0.85,0.6599164403169951,0.1224489795918367,0.8775510204081632,245
full_deep_bci_iv_2a_validation_postcal,BCI_IV_2a,8,deep_ensemble_validation_weighted,max-prob,0.9027777777777778,0.9,0.6064567859923793,0.15,0.85,260
full_deep_bci_iv_2a_validation_postcal,BCI_IV_2a,8,deep_ensemble_validation_weighted,max-prob,0.9513888888888888,0.95,0.5346572089791678,0.1605839416058394,0.8394160583941606,274
full_deep_bci_iv_2a_validation_postcal,BCI_IV_2a,8,deep_ensemble_validation_weighted,max-prob,1.0,1.0,0.3608048845786253,0.1770833333333333,0.8229166666666666,288
full_deep_bci_iv_2a_validation_postcal,BCI_IV_2a,9,v1_lda,max-prob,0.053030303030303,0.05,0.4358141286993833,0.4285714285714286,0.5714285714285714,14
full_deep_bci_iv_2a_validation_postcal,BCI_IV_2a,9,v1_lda,max-prob,0.1022727272727272,0.1,0.415783154871661,0.4814814814814815,0.5185185185185185,27
full_deep_bci_iv_2a_validation_postcal,BCI_IV_2a,9,v1_lda,max-prob,0.1515151515151515,0.15,0.4067521458648348,0.375,0.625,40
full_deep_bci_iv_2a_validation_postcal,BCI_IV_2a,9,v1_lda,max-prob,0.2007575757575757,0.2,0.3989624431156041,0.4528301886792453,0.5471698113207547,53
full_deep_bci_iv_2a_validation_postcal,BCI_IV_2a,9,v1_lda,max-prob,0.25,0.25,0.391771714188744,0.4545454545454546,0.5454545454545454,66
full_deep_bci_iv_2a_validation_postcal,BCI_IV_2a,9,v1_lda,max-prob,0.303030303030303,0.3,0.3860234001471604,0.4875,0.5125,80
full_deep_bci_iv_2a_validation_postcal,BCI_IV_2a,9,v1_lda,max-prob,0.3522727272727273,0.35,0.3825849623375026,0.5268817204301075,0.4731182795698925,93
full_deep_bci_iv_2a_validation_postcal,BCI_IV_2a,9,v1_lda,max-prob,0.4015151515151515,0.4,0.3767164475254669,0.5471698113207547,0.4528301886792453,106
full_deep_bci_iv_2a_validation_postcal,BCI_IV_2a,9,v1_lda,max-prob,0.4507575757575757,0.45,0.3700873200893051,0.5378151260504201,0.4621848739495798,119
full_deep_bci_iv_2a_validation_postcal,BCI_IV_2a,9,v1_lda,max-prob,0.5,0.5,0.3648260240273263,0.5227272727272727,0.4772727272727273,132
full_deep_bci_iv_2a_validation_postcal,BCI_IV_2a,9,v1_lda,max-prob,0.553030303030303,0.55,0.3598057917671907,0.5410958904109588,0.4589041095890411,146
full_deep_bci_iv_2a_validation_postcal,BCI_IV_2a,9,v1_lda,max-prob,0.6022727272727273,0.6,0.3560661025498158,0.5471698113207547,0.4528301886792453,159
full_deep_bci_iv_2a_validation_postcal,BCI_IV_2a,9,v1_lda,max-prob,0.6515151515151515,0.65,0.350077379133609,0.563953488372093,0.436046511627907,172
full_deep_bci_iv_2a_validation_postcal,BCI_IV_2a,9,v1_lda,max-prob,0.7007575757575758,0.7,0.344919553290435,0.5783783783783784,0.4216216216216216,185
full_deep_bci_iv_2a_validation_postcal,BCI_IV_2a,9,v1_lda,max-prob,0.75,0.75,0.339806440776548,0.5808080808080809,0.4191919191919191,198
full_deep_bci_iv_2a_validation_postcal,BCI_IV_2a,9,v1_lda,max-prob,0.803030303030303,0.8,0.3357471326901859,0.5801886792452831,0.419811320754717,212
full_deep_bci_iv_2a_validation_postcal,BCI_IV_2a,9,v1_lda,max-prob,0.8522727272727273,0.85,0.3298700794560882,0.5955555555555556,0.4044444444444444,225
full_deep_bci_iv_2a_validation_postcal,BCI_IV_2a,9,v1_lda,max-prob,0.9015151515151516,0.9,0.3248817142031654,0.6050420168067228,0.3949579831932773,238
full_deep_bci_iv_2a_validation_postcal,BCI_IV_2a,9,v1_lda,max-prob,0.9507575757575758,0.95,0.3176048220029525,0.6095617529880478,0.3904382470119522,251
full_deep_bci_iv_2a_validation_postcal,BCI_IV_2a,9,v1_lda,max-prob,1.0,1.0,0.3011786673612099,0.6174242424242424,0.3825757575757575,264
full_deep_bci_iv_2a_validation_postcal,BCI_IV_2a,9,eegnet_uncalibrated,max-prob,0.053030303030303,0.05,0.9971749317401396,0.0,1.0,14
full_deep_bci_iv_2a_validation_postcal,BCI_IV_2a,9,eegnet_uncalibrated,max-prob,0.1022727272727272,0.1,0.9918281923621878,0.0,1.0,27
full_deep_bci_iv_2a_validation_postcal,BCI_IV_2a,9,eegnet_uncalibrated,max-prob,0.1515151515151515,0.15,0.9888350613639426,0.0,1.0,40
full_deep_bci_iv_2a_validation_postcal,BCI_IV_2a,9,eegnet_uncalibrated,max-prob,0.2007575757575757,0.2,0.9771530826055306,0.0377358490566037,0.9622641509433962,53
full_deep_bci_iv_2a_validation_postcal,BCI_IV_2a,9,eegnet_uncalibrated,max-prob,0.25,0.25,0.961691256517288,0.0454545454545454,0.9545454545454546,66
full_deep_bci_iv_2a_validation_postcal,BCI_IV_2a,9,eegnet_uncalibrated,max-prob,0.303030303030303,0.3,0.9459690462254556,0.0625,0.9375,80
full_deep_bci_iv_2a_validation_postcal,BCI_IV_2a,9,eegnet_uncalibrated,max-prob,0.3522727272727273,0.35,0.9245592849032948,0.053763440860215,0.946236559139785,93
full_deep_bci_iv_2a_validation_postcal,BCI_IV_2a,9,eegnet_uncalibrated,max-prob,0.4015151515151515,0.4,0.902217111629759,0.0566037735849056,0.9433962264150944,106
full_deep_bci_iv_2a_validation_postcal,BCI_IV_2a,9,eegnet_uncalibrated,max-prob,0.4507575757575757,0.45,0.8765532162219253,0.0672268907563025,0.9327731092436976,119
full_deep_bci_iv_2a_validation_postcal,BCI_IV_2a,9,eegnet_uncalibrated,max-prob,0.5,0.5,0.8426316039152077,0.0757575757575758,0.9242424242424242,132
full_deep_bci_iv_2a_validation_postcal,BCI_IV_2a,9,eegnet_uncalibrated,max-prob,0.553030303030303,0.55,0.798219485198638,0.1027397260273972,0.8972602739726028,146
full_deep_bci_iv_2a_validation_postcal,BCI_IV_2a,9,eegnet_uncalibrated,max-prob,0.6022727272727273,0.6,0.7818415288827913,0.1257861635220125,0.8742138364779874,159
full_deep_bci_iv_2a_validation_postcal,BCI_IV_2a,9,eegnet_uncalibrated,max-prob,0.6515151515151515,0.65,0.7377993345320042,0.1337209302325581,0.8662790697674418,172
full_deep_bci_iv_2a_validation_postcal,BCI_IV_2a,9,eegnet_uncalibrated,max-prob,0.7007575757575758,0.7,0.7021585285885024,0.1675675675675675,0.8324324324324325,185
full_deep_bci_iv_2a_validation_postcal,BCI_IV_2a,9,eegnet_uncalibrated,max-prob,0.75,0.75,0.6664846804246696,0.1868686868686868,0.8131313131313131,198
full_deep_bci_iv_2a_validation_postcal,BCI_IV_2a,9,eegnet_uncalibrated,max-prob,0.803030303030303,0.8,0.610321979918341,0.1933962264150943,0.8066037735849056,212
full_deep_bci_iv_2a_validation_postcal,BCI_IV_2a,9,eegnet_uncalibrated,max-prob,0.8522727272727273,0.85,0.568268870284093,0.2044444444444444,0.7955555555555556,225
full_deep_bci_iv_2a_validation_postcal,BCI_IV_2a,9,eegnet_uncalibrated,max-prob,0.9015151515151516,0.9,0.5401420438139677,0.2184873949579832,0.7815126050420168,238
full_deep_bci_iv_2a_validation_postcal,BCI_IV_2a,9,eegnet_uncalibrated,max-prob,0.9507575757575758,0.95,0.4941738644502652,0.2350597609561753,0.7649402390438247,251
full_deep_bci_iv_2a_validation_postcal,BCI_IV_2a,9,eegnet_uncalibrated,max-prob,1.0,1.0,0.4072801875099796,0.2424242424242424,0.7575757575757576,264
full_deep_bci_iv_2a_validation_postcal,BCI_IV_2a,9,eegnet_calibrated,max-prob,0.053030303030303,0.05,0.9949530039493006,0.0,1.0,14
full_deep_bci_iv_2a_validation_postcal,BCI_IV_2a,9,eegnet_calibrated,max-prob,0.1022727272727272,0.1,0.9868127523826492,0.0,1.0,27
full_deep_bci_iv_2a_validation_postcal,BCI_IV_2a,9,eegnet_calibrated,max-prob,0.1515151515151515,0.15,0.9821672005292854,0.0,1.0,40
full_deep_bci_iv_2a_validation_postcal,BCI_IV_2a,9,eegnet_calibrated,max-prob,0.2007575757575757,0.2,0.9658514933340562,0.0377358490566037,0.9622641509433962,53
full_deep_bci_iv_2a_validation_postcal,BCI_IV_2a,9,eegnet_calibrated,max-prob,0.25,0.25,0.9465302290367106,0.0454545454545454,0.9545454545454546,66
full_deep_bci_iv_2a_validation_postcal,BCI_IV_2a,9,eegnet_calibrated,max-prob,0.303030303030303,0.3,0.9278816122132748,0.0625,0.9375,80
full_deep_bci_iv_2a_validation_postcal,BCI_IV_2a,9,eegnet_calibrated,max-prob,0.3522727272727273,0.35,0.9002247062500446,0.053763440860215,0.946236559139785,93
full_deep_bci_iv_2a_validation_postcal,BCI_IV_2a,9,eegnet_calibrated,max-prob,0.4015151515151515,0.4,0.8775412465861614,0.0566037735849056,0.9433962264150944,106
full_deep_bci_iv_2a_validation_postcal,BCI_IV_2a,9,eegnet_calibrated,max-prob,0.4507575757575757,0.45,0.8499673007856314,0.0672268907563025,0.9327731092436976,119
full_deep_bci_iv_2a_validation_postcal,BCI_IV_2a,9,eegnet_calibrated,max-prob,0.5,0.5,0.8134363060839285,0.0757575757575758,0.9242424242424242,132
full_deep_bci_iv_2a_validation_postcal,BCI_IV_2a,9,eegnet_calibrated,max-prob,0.553030303030303,0.55,0.7723374121499011,0.1095890410958904,0.8904109589041096,146
full_deep_bci_iv_2a_validation_postcal,BCI_IV_2a,9,eegnet_calibrated,max-prob,0.6022727272727273,0.6,0.7503724219872742,0.1257861635220125,0.8742138364779874,159
full_deep_bci_iv_2a_validation_postcal,BCI_IV_2a,9,eegnet_calibrated,max-prob,0.6515151515151515,0.65,0.7145306895863267,0.1395348837209302,0.8604651162790697,172
full_deep_bci_iv_2a_validation_postcal,BCI_IV_2a,9,eegnet_calibrated,max-prob,0.7007575757575758,0.7,0.6769078345967684,0.1675675675675675,0.8324324324324325,185
full_deep_bci_iv_2a_validation_postcal,BCI_IV_2a,9,eegnet_calibrated,max-prob,0.75,0.75,0.6451476048861073,0.1868686868686868,0.8131313131313131,198
full_deep_bci_iv_2a_validation_postcal,BCI_IV_2a,9,eegnet_calibrated,max-prob,0.803030303030303,0.8,0.5905848855571862,0.1933962264150943,0.8066037735849056,212
full_deep_bci_iv_2a_validation_postcal,BCI_IV_2a,9,eegnet_calibrated,max-prob,0.8522727272727273,0.85,0.5525373043682307,0.1999999999999999,0.8,225
full_deep_bci_iv_2a_validation_postcal,BCI_IV_2a,9,eegnet_calibrated,max-prob,0.9015151515151516,0.9,0.5247035898484262,0.2184873949579832,0.7815126050420168,238
full_deep_bci_iv_2a_validation_postcal,BCI_IV_2a,9,eegnet_calibrated,max-prob,0.9507575757575758,0.95,0.482674905852626,0.2350597609561753,0.7649402390438247,251
full_deep_bci_iv_2a_validation_postcal,BCI_IV_2a,9,eegnet_calibrated,max-prob,1.0,1.0,0.400351582802928,0.2424242424242424,0.7575757575757576,264
full_deep_bci_iv_2a_validation_postcal,BCI_IV_2a,9,spatial_uncalibrated,max-prob,0.053030303030303,0.05,0.9999789230470556,0.0,1.0,14
full_deep_bci_iv_2a_validation_postcal,BCI_IV_2a,9,spatial_uncalibrated,max-prob,0.1022727272727272,0.1,0.9997882916868308,0.037037037037037,0.9629629629629628,27
full_deep_bci_iv_2a_validation_postcal,BCI_IV_2a,9,spatial_uncalibrated,max-prob,0.1515151515151515,0.15,0.9992340402221198,0.025,0.975,40
full_deep_bci_iv_2a_validation_postcal,BCI_IV_2a,9,spatial_uncalibrated,max-prob,0.2007575757575757,0.2,0.998539482946216,0.0754716981132075,0.9245283018867924,53
full_deep_bci_iv_2a_validation_postcal,BCI_IV_2a,9,spatial_uncalibrated,max-prob,0.25,0.25,0.9972114883951532,0.0606060606060605,0.9393939393939394,66
full_deep_bci_iv_2a_validation_postcal,BCI_IV_2a,9,spatial_uncalibrated,max-prob,0.303030303030303,0.3,0.9934493182292728,0.05,0.95,80
full_deep_bci_iv_2a_validation_postcal,BCI_IV_2a,9,spatial_uncalibrated,max-prob,0.3522727272727273,0.35,0.9898589765897654,0.053763440860215,0.946236559139785,93
full_deep_bci_iv_2a_validation_postcal,BCI_IV_2a,9,spatial_uncalibrated,max-prob,0.4015151515151515,0.4,0.9840903786093426,0.0566037735849056,0.9433962264150944,106
full_deep_bci_iv_2a_validation_postcal,BCI_IV_2a,9,spatial_uncalibrated,max-prob,0.4507575757575757,0.45,0.9779564635294492,0.0588235294117647,0.9411764705882352,119
full_deep_bci_iv_2a_validation_postcal,BCI_IV_2a,9,spatial_uncalibrated,max-prob,0.5,0.5,0.9702385826299734,0.0833333333333333,0.9166666666666666,132
full_deep_bci_iv_2a_validation_postcal,BCI_IV_2a,9,spatial_uncalibrated,max-prob,0.553030303030303,0.55,0.9538631301294528,0.1164383561643835,0.8835616438356164,146
full_deep_bci_iv_2a_validation_postcal,BCI_IV_2a,9,spatial_uncalibrated,max-prob,0.6022727272727273,0.6,0.940484340647472,0.1194968553459119,0.8805031446540881,159
full_deep_bci_iv_2a_validation_postcal,BCI_IV_2a,9,spatial_uncalibrated,max-prob,0.6515151515151515,0.65,0.9162715162823828,0.1162790697674418,0.8837209302325582,172
full_deep_bci_iv_2a_validation_postcal,BCI_IV_2a,9,spatial_uncalibrated,max-prob,0.7007575757575758,0.7,0.8749652781867104,0.1297297297297297,0.8702702702702703,185
full_deep_bci_iv_2a_validation_postcal,BCI_IV_2a,9,spatial_uncalibrated,max-prob,0.75,0.75,0.8470973750916325,0.1363636363636363,0.8636363636363636,198
full_deep_bci_iv_2a_validation_postcal,BCI_IV_2a,9,spatial_uncalibrated,max-prob,0.803030303030303,0.8,0.7664641776579156,0.1367924528301887,0.8632075471698113,212
full_deep_bci_iv_2a_validation_postcal,BCI_IV_2a,9,spatial_uncalibrated,max-prob,0.8522727272727273,0.85,0.7263179741110293,0.16,0.84,225
full_deep_bci_iv_2a_validation_postcal,BCI_IV_2a,9,spatial_uncalibrated,max-prob,0.9015151515151516,0.9,0.6351215320406995,0.1680672268907562,0.8319327731092437,238
full_deep_bci_iv_2a_validation_postcal,BCI_IV_2a,9,spatial_uncalibrated,max-prob,0.9507575757575758,0.95,0.5569698338907058,0.1912350597609562,0.8087649402390438,251
full_deep_bci_iv_2a_validation_postcal,BCI_IV_2a,9,spatial_uncalibrated,max-prob,1.0,1.0,0.3447012509994282,0.196969696969697,0.803030303030303,264
full_deep_bci_iv_2a_validation_postcal,BCI_IV_2a,9,spatial_calibrated,max-prob,0.053030303030303,0.05,0.9999706831214128,0.0,1.0,14
full_deep_bci_iv_2a_validation_postcal,BCI_IV_2a,9,spatial_calibrated,max-prob,0.1022727272727272,0.1,0.9997210160319888,0.037037037037037,0.9629629629629628,27
full_deep_bci_iv_2a_validation_postcal,BCI_IV_2a,9,spatial_calibrated,max-prob,0.1515151515151515,0.15,0.9990425920140124,0.025,0.975,40
full_deep_bci_iv_2a_validation_postcal,BCI_IV_2a,9,spatial_calibrated,max-prob,0.2007575757575757,0.2,0.99821305497215,0.0754716981132075,0.9245283018867924,53
full_deep_bci_iv_2a_validation_postcal,BCI_IV_2a,9,spatial_calibrated,max-prob,0.25,0.25,0.9966351827468632,0.0606060606060605,0.9393939393939394,66
full_deep_bci_iv_2a_validation_postcal,BCI_IV_2a,9,spatial_calibrated,max-prob,0.303030303030303,0.3,0.9923410552747411,0.05,0.95,80
full_deep_bci_iv_2a_validation_postcal,BCI_IV_2a,9,spatial_calibrated,max-prob,0.3522727272727273,0.35,0.9883649410674884,0.053763440860215,0.946236559139785,93
full_deep_bci_iv_2a_validation_postcal,BCI_IV_2a,9,spatial_calibrated,max-prob,0.4015151515151515,0.4,0.9818119146940444,0.0566037735849056,0.9433962264150944,106
full_deep_bci_iv_2a_validation_postcal,BCI_IV_2a,9,spatial_calibrated,max-prob,0.4507575757575757,0.45,0.9750970950930988,0.0588235294117647,0.9411764705882352,119
full_deep_bci_iv_2a_validation_postcal,BCI_IV_2a,9,spatial_calibrated,max-prob,0.5,0.5,0.9663564866585352,0.0833333333333333,0.9166666666666666,132
full_deep_bci_iv_2a_validation_postcal,BCI_IV_2a,9,spatial_calibrated,max-prob,0.553030303030303,0.55,0.9494963202340944,0.1164383561643835,0.8835616438356164,146
full_deep_bci_iv_2a_validation_postcal,BCI_IV_2a,9,spatial_calibrated,max-prob,0.6022727272727273,0.6,0.9350847818464924,0.1194968553459119,0.8805031446540881,159
full_deep_bci_iv_2a_validation_postcal,BCI_IV_2a,9,spatial_calibrated,max-prob,0.6515151515151515,0.65,0.9104120876888642,0.1162790697674418,0.8837209302325582,172
full_deep_bci_iv_2a_validation_postcal,BCI_IV_2a,9,spatial_calibrated,max-prob,0.7007575757575758,0.7,0.8681013580062661,0.1297297297297297,0.8702702702702703,185
full_deep_bci_iv_2a_validation_postcal,BCI_IV_2a,9,spatial_calibrated,max-prob,0.75,0.75,0.8398569755034082,0.1363636363636363,0.8636363636363636,198
full_deep_bci_iv_2a_validation_postcal,BCI_IV_2a,9,spatial_calibrated,max-prob,0.803030303030303,0.8,0.7596046382586046,0.1367924528301887,0.8632075471698113,212
full_deep_bci_iv_2a_validation_postcal,BCI_IV_2a,9,spatial_calibrated,max-prob,0.8522727272727273,0.85,0.718425506458374,0.16,0.84,225
full_deep_bci_iv_2a_validation_postcal,BCI_IV_2a,9,spatial_calibrated,max-prob,0.9015151515151516,0.9,0.6294838560276061,0.1722689075630252,0.8277310924369747,238
full_deep_bci_iv_2a_validation_postcal,BCI_IV_2a,9,spatial_calibrated,max-prob,0.9507575757575758,0.95,0.5513839240708835,0.1912350597609562,0.8087649402390438,251
full_deep_bci_iv_2a_validation_postcal,BCI_IV_2a,9,spatial_calibrated,max-prob,1.0,1.0,0.3443579551747363,0.196969696969697,0.803030303030303,264
full_deep_bci_iv_2a_validation_postcal,BCI_IV_2a,9,deep_ensemble_validation_weighted,max-prob,0.053030303030303,0.05,0.9987620418995952,0.0,1.0,14
full_deep_bci_iv_2a_validation_postcal,BCI_IV_2a,9,deep_ensemble_validation_weighted,max-prob,0.1022727272727272,0.1,0.996844256299703,0.0,1.0,27
full_deep_bci_iv_2a_validation_postcal,BCI_IV_2a,9,deep_ensemble_validation_weighted,max-prob,0.1515151515151515,0.15,0.9928234492995526,0.0,1.0,40
full_deep_bci_iv_2a_validation_postcal,BCI_IV_2a,9,deep_ensemble_validation_weighted,max-prob,0.2007575757575757,0.2,0.983574838885484,0.0,1.0,53
full_deep_bci_iv_2a_validation_postcal,BCI_IV_2a,9,deep_ensemble_validation_weighted,max-prob,0.25,0.25,0.9784634369952846,0.0303030303030302,0.9696969696969696,66
full_deep_bci_iv_2a_validation_postcal,BCI_IV_2a,9,deep_ensemble_validation_weighted,max-prob,0.303030303030303,0.3,0.9705600185924532,0.025,0.975,80
full_deep_bci_iv_2a_validation_postcal,BCI_IV_2a,9,deep_ensemble_validation_weighted,max-prob,0.3522727272727273,0.35,0.9563173890820356,0.021505376344086,0.978494623655914,93
full_deep_bci_iv_2a_validation_postcal,BCI_IV_2a,9,deep_ensemble_validation_weighted,max-prob,0.4015151515151515,0.4,0.9346936493567723,0.0188679245283018,0.981132075471698,106
full_deep_bci_iv_2a_validation_postcal,BCI_IV_2a,9,deep_ensemble_validation_weighted,max-prob,0.4507575757575757,0.45,0.9090314559511882,0.0336134453781512,0.9663865546218487,119
full_deep_bci_iv_2a_validation_postcal,BCI_IV_2a,9,deep_ensemble_validation_weighted,max-prob,0.5,0.5,0.884149904016984,0.0454545454545454,0.9545454545454546,132
full_deep_bci_iv_2a_validation_postcal,BCI_IV_2a,9,deep_ensemble_validation_weighted,max-prob,0.553030303030303,0.55,0.8596849972624515,0.0684931506849315,0.9315068493150684,146
full_deep_bci_iv_2a_validation_postcal,BCI_IV_2a,9,deep_ensemble_validation_weighted,max-prob,0.6022727272727273,0.6,0.8183870675316572,0.0880503144654087,0.9119496855345912,159
full_deep_bci_iv_2a_validation_postcal,BCI_IV_2a,9,deep_ensemble_validation_weighted,max-prob,0.6515151515151515,0.65,0.7908620230588408,0.1046511627906976,0.8953488372093024,172
full_deep_bci_iv_2a_validation_postcal,BCI_IV_2a,9,deep_ensemble_validation_weighted,max-prob,0.7007575757575758,0.7,0.7377631453353312,0.1243243243243242,0.8756756756756757,185
full_deep_bci_iv_2a_validation_postcal,BCI_IV_2a,9,deep_ensemble_validation_weighted,max-prob,0.75,0.75,0.7055752531280696,0.1313131313131312,0.8686868686868687,198
full_deep_bci_iv_2a_validation_postcal,BCI_IV_2a,9,deep_ensemble_validation_weighted,max-prob,0.803030303030303,0.8,0.6507737506373135,0.1367924528301887,0.8632075471698113,212
full_deep_bci_iv_2a_validation_postcal,BCI_IV_2a,9,deep_ensemble_validation_weighted,max-prob,0.8522727272727273,0.85,0.6116438964885258,0.1466666666666666,0.8533333333333334,225
full_deep_bci_iv_2a_validation_postcal,BCI_IV_2a,9,deep_ensemble_validation_weighted,max-prob,0.9015151515151516,0.9,0.5435548450067508,0.1512605042016807,0.8487394957983193,238
full_deep_bci_iv_2a_validation_postcal,BCI_IV_2a,9,deep_ensemble_validation_weighted,max-prob,0.9507575757575758,0.95,0.5016335393400317,0.1713147410358565,0.8286852589641435,251
full_deep_bci_iv_2a_validation_postcal,BCI_IV_2a,9,deep_ensemble_validation_weighted,max-prob,1.0,1.0,0.3483433488983794,0.1893939393939394,0.8106060606060606,264
