run,dataset,subject,model,uncertainty_score,coverage,target_coverage,score_cutoff,risk,accuracy,n_covered
local_iiia_lda_full,BCI_IV_2a,1,v1_lda,max-prob,0.0520833333333333,0.05,0.8011724597892723,0.0,1.0,15
local_iiia_lda_full,BCI_IV_2a,1,v1_lda,max-prob,0.1006944444444444,0.1,0.7577859532135622,0.0,1.0,29
local_iiia_lda_full,BCI_IV_2a,1,v1_lda,max-prob,0.1527777777777778,0.15,0.721874611208103,0.0,1.0,44
local_iiia_lda_full,BCI_IV_2a,1,v1_lda,max-prob,0.2013888888888889,0.2,0.6871921054216277,0.0172413793103448,0.9827586206896552,58
local_iiia_lda_full,BCI_IV_2a,1,v1_lda,max-prob,0.25,0.25,0.671511757102034,0.0416666666666666,0.9583333333333334,72
local_iiia_lda_full,BCI_IV_2a,1,v1_lda,max-prob,0.3020833333333333,0.3,0.6543861507168381,0.0574712643678161,0.942528735632184,87
local_iiia_lda_full,BCI_IV_2a,1,v1_lda,max-prob,0.3506944444444444,0.35,0.6289424608012316,0.0990099009900989,0.900990099009901,101
local_iiia_lda_full,BCI_IV_2a,1,v1_lda,max-prob,0.4027777777777778,0.4,0.6115054851370199,0.1379310344827586,0.8620689655172413,116
local_iiia_lda_full,BCI_IV_2a,1,v1_lda,max-prob,0.4513888888888889,0.45,0.5957536161343504,0.1384615384615384,0.8615384615384616,130
local_iiia_lda_full,BCI_IV_2a,1,v1_lda,max-prob,0.5,0.5,0.5674643872790243,0.1319444444444444,0.8680555555555556,144
local_iiia_lda_full,BCI_IV_2a,1,v1_lda,max-prob,0.5520833333333334,0.55,0.5497576949091904,0.150943396226415,0.8490566037735849,159
local_iiia_lda_full,BCI_IV_2a,1,v1_lda,max-prob,0.6006944444444444,0.6,0.5210926359441823,0.1560693641618497,0.8439306358381503,173
local_iiia_lda_full,BCI_IV_2a,1,v1_lda,max-prob,0.6527777777777778,0.65,0.503482757348264,0.1595744680851063,0.8404255319148937,188
local_iiia_lda_full,BCI_IV_2a,1,v1_lda,max-prob,0.7013888888888888,0.7,0.4956762862076762,0.1732673267326733,0.8267326732673267,202
local_iiia_lda_full,BCI_IV_2a,1,v1_lda,max-prob,0.75,0.75,0.4800086783861479,0.1805555555555555,0.8194444444444444,216
local_iiia_lda_full,BCI_IV_2a,1,v1_lda,max-prob,0.8020833333333334,0.8,0.4632013800394881,0.1991341991341991,0.8008658008658008,231
local_iiia_lda_full,BCI_IV_2a,1,v1_lda,max-prob,0.8506944444444444,0.85,0.440340650969616,0.2204081632653061,0.7795918367346939,245
local_iiia_lda_full,BCI_IV_2a,1,v1_lda,max-prob,0.9027777777777778,0.9,0.4160886315981008,0.2307692307692307,0.7692307692307693,260
local_iiia_lda_full,BCI_IV_2a,1,v1_lda,max-prob,0.9513888888888888,0.95,0.3721090162249319,0.2445255474452554,0.7554744525547445,274
local_iiia_lda_full,BCI_IV_2a,1,v1_lda,max-prob,1.0,1.0,0.2828625676731469,0.2743055555555556,0.7256944444444444,288
local_iiia_lda_full,BCI_IV_2a,2,v1_lda,max-prob,0.0520833333333333,0.05,0.5980331876372637,0.1333333333333333,0.8666666666666667,15
local_iiia_lda_full,BCI_IV_2a,2,v1_lda,max-prob,0.1006944444444444,0.1,0.5876272899074868,0.3103448275862068,0.6896551724137931,29
local_iiia_lda_full,BCI_IV_2a,2,v1_lda,max-prob,0.1527777777777778,0.15,0.5810848606210667,0.4545454545454546,0.5454545454545454,44
local_iiia_lda_full,BCI_IV_2a,2,v1_lda,max-prob,0.2013888888888889,0.2,0.5760380219569335,0.396551724137931,0.603448275862069,58
local_iiia_lda_full,BCI_IV_2a,2,v1_lda,max-prob,0.25,0.25,0.5727519507645569,0.4444444444444444,0.5555555555555556,72
local_iiia_lda_full,BCI_IV_2a,2,v1_lda,max-prob,0.3020833333333333,0.3,0.5659209673269942,0.4712643678160919,0.5287356321839081,87
local_iiia_lda_full,BCI_IV_2a,2,v1_lda,max-prob,0.3506944444444444,0.35,0.5618577500943905,0.4851485148514851,0.5148514851485149,101
local_iiia_lda_full,BCI_IV_2a,2,v1_lda,max-prob,0.4027777777777778,0.4,0.5563305953738215,0.5258620689655172,0.4741379310344827,116
local_iiia_lda_full,BCI_IV_2a,2,v1_lda,max-prob,0.4513888888888889,0.45,0.5537083731977239,0.5692307692307692,0.4307692307692308,130
local_iiia_lda_full,BCI_IV_2a,2,v1_lda,max-prob,0.5,0.5,0.5495862589746021,0.5972222222222222,0.4027777777777778,144
local_iiia_lda_full,BCI_IV_2a,2,v1_lda,max-prob,0.5520833333333334,0.55,0.5437045517741088,0.6352201257861636,0.3647798742138364,159
local_iiia_lda_full,BCI_IV_2a,2,v1_lda,max-prob,0.6006944444444444,0.6,0.5384421341504679,0.653179190751445,0.3468208092485549,173
local_iiia_lda_full,BCI_IV_2a,2,v1_lda,max-prob,0.6527777777777778,0.65,0.5335056699725763,0.6542553191489362,0.3457446808510638,188
local_iiia_lda_full,BCI_IV_2a,2,v1_lda,max-prob,0.7013888888888888,0.7,0.5288197433699675,0.6633663366336633,0.3366336633663366,202
local_iiia_lda_full,BCI_IV_2a,2,v1_lda,max-prob,0.75,0.75,0.5220891082151187,0.6805555555555556,0.3194444444444444,216
local_iiia_lda_full,BCI_IV_2a,2,v1_lda,max-prob,0.8020833333333334,0.8,0.5136545545131977,0.6926406926406927,0.3073593073593073,231
local_iiia_lda_full,BCI_IV_2a,2,v1_lda,max-prob,0.8506944444444444,0.85,0.5063995959180524,0.7102040816326531,0.2897959183673469,245
local_iiia_lda_full,BCI_IV_2a,2,v1_lda,max-prob,0.9027777777777778,0.9,0.4945668868791406,0.7230769230769231,0.2769230769230769,260
local_iiia_lda_full,BCI_IV_2a,2,v1_lda,max-prob,0.9513888888888888,0.95,0.4817394508599792,0.7372262773722628,0.2627737226277372,274
local_iiia_lda_full,BCI_IV_2a,2,v1_lda,max-prob,1.0,1.0,0.4466662721267816,0.75,0.25,288
local_iiia_lda_full,BCI_IV_2a,3,v1_lda,max-prob,0.0520833333333333,0.05,0.8256026253891373,0.0,1.0,15
local_iiia_lda_full,BCI_IV_2a,3,v1_lda,max-prob,0.1006944444444444,0.1,0.7849570237955671,0.0,1.0,29
local_iiia_lda_full,BCI_IV_2a,3,v1_lda,max-prob,0.1527777777777778,0.15,0.7662058328876215,0.0227272727272727,0.9772727272727272,44
local_iiia_lda_full,BCI_IV_2a,3,v1_lda,max-prob,0.2013888888888889,0.2,0.7441402067953465,0.0172413793103448,0.9827586206896552,58
local_iiia_lda_full,BCI_IV_2a,3,v1_lda,max-prob,0.25,0.25,0.7166664095267846,0.0277777777777777,0.9722222222222222,72
local_iiia_lda_full,BCI_IV_2a,3,v1_lda,max-prob,0.3020833333333333,0.3,0.6855125737299718,0.0344827586206896,0.9655172413793104,87
local_iiia_lda_full,BCI_IV_2a,3,v1_lda,max-prob,0.3506944444444444,0.35,0.6713519636775495,0.0495049504950495,0.9504950495049505,101
local_iiia_lda_full,BCI_IV_2a,3,v1_lda,max-prob,0.4027777777777778,0.4,0.6537994288376746,0.0517241379310344,0.9482758620689656,116
local_iiia_lda_full,BCI_IV_2a,3,v1_lda,max-prob,0.4513888888888889,0.45,0.6296685717812908,0.0769230769230768,0.9230769230769232,130
local_iiia_lda_full,BCI_IV_2a,3,v1_lda,max-prob,0.5,0.5,0.6055594116147597,0.0833333333333333,0.9166666666666666,144
local_iiia_lda_full,BCI_IV_2a,3,v1_lda,max-prob,0.5520833333333334,0.55,0.5791486264721493,0.0943396226415094,0.9056603773584906,159
local_iiia_lda_full,BCI_IV_2a,3,v1_lda,max-prob,0.6006944444444444,0.6,0.561546792123562,0.1098265895953757,0.8901734104046243,173
local_iiia_lda_full,BCI_IV_2a,3,v1_lda,max-prob,0.6527777777777778,0.65,0.538072196781192,0.127659574468085,0.8723404255319149,188
local_iiia_lda_full,BCI_IV_2a,3,v1_lda,max-prob,0.7013888888888888,0.7,0.5191888973998027,0.1584158415841584,0.8415841584158416,202
local_iiia_lda_full,BCI_IV_2a,3,v1_lda,max-prob,0.75,0.75,0.4984352959011296,0.1712962962962962,0.8287037037037037,216
local_iiia_lda_full,BCI_IV_2a,3,v1_lda,max-prob,0.8020833333333334,0.8,0.4792332980054388,0.1774891774891774,0.8225108225108225,231
local_iiia_lda_full,BCI_IV_2a,3,v1_lda,max-prob,0.8506944444444444,0.85,0.4544798569983082,0.1755102040816326,0.8244897959183674,245
local_iiia_lda_full,BCI_IV_2a,3,v1_lda,max-prob,0.9027777777777778,0.9,0.42820557889808,0.2038461538461539,0.7961538461538461,260
local_iiia_lda_full,BCI_IV_2a,3,v1_lda,max-prob,0.9513888888888888,0.95,0.3992524450190814,0.22992700729927,0.7700729927007299,274
local_iiia_lda_full,BCI_IV_2a,3,v1_lda,max-prob,1.0,1.0,0.2984318420779279,0.2361111111111111,0.7638888888888888,288
local_iiia_lda_full,BCI_IV_2a,4,v1_lda,max-prob,0.0520833333333333,0.05,0.3987817710587396,0.4666666666666667,0.5333333333333333,15
local_iiia_lda_full,BCI_IV_2a,4,v1_lda,max-prob,0.1006944444444444,0.1,0.3825574515775341,0.6206896551724138,0.3793103448275862,29
local_iiia_lda_full,BCI_IV_2a,4,v1_lda,max-prob,0.1527777777777778,0.15,0.3736035561789592,0.5909090909090908,0.4090909090909091,44
local_iiia_lda_full,BCI_IV_2a,4,v1_lda,max-prob,0.2013888888888889,0.2,0.3655039084064855,0.603448275862069,0.396551724137931,58
local_iiia_lda_full,BCI_IV_2a,4,v1_lda,max-prob,0.25,0.25,0.3600437678958149,0.5833333333333333,0.4166666666666667,72
local_iiia_lda_full,BCI_IV_2a,4,v1_lda,max-prob,0.3020833333333333,0.3,0.356781378138002,0.5977011494252873,0.4022988505747126,87
local_iiia_lda_full,BCI_IV_2a,4,v1_lda,max-prob,0.3506944444444444,0.35,0.3543405914699245,0.6138613861386139,0.3861386138613861,101
local_iiia_lda_full,BCI_IV_2a,4,v1_lda,max-prob,0.4027777777777778,0.4,0.3514718842877798,0.6293103448275862,0.3706896551724138,116
local_iiia_lda_full,BCI_IV_2a,4,v1_lda,max-prob,0.4513888888888889,0.45,0.3498522900724722,0.6307692307692307,0.3692307692307692,130
local_iiia_lda_full,BCI_IV_2a,4,v1_lda,max-prob,0.5,0.5,0.3479086973807401,0.6527777777777778,0.3472222222222222,144
local_iiia_lda_full,BCI_IV_2a,4,v1_lda,max-prob,0.5520833333333334,0.55,0.3456766549414045,0.679245283018868,0.320754716981132,159
local_iiia_lda_full,BCI_IV_2a,4,v1_lda,max-prob,0.6006944444444444,0.6,0.3431588691591489,0.676300578034682,0.3236994219653179,173
local_iiia_lda_full,BCI_IV_2a,4,v1_lda,max-prob,0.6527777777777778,0.65,0.3417225427288552,0.6861702127659575,0.3138297872340425,188
local_iiia_lda_full,BCI_IV_2a,4,v1_lda,max-prob,0.7013888888888888,0.7,0.3406132608838707,0.698019801980198,0.3019801980198019,202
local_iiia_lda_full,BCI_IV_2a,4,v1_lda,max-prob,0.75,0.75,0.3396974513301032,0.7083333333333333,0.2916666666666667,216
local_iiia_lda_full,BCI_IV_2a,4,v1_lda,max-prob,0.8020833333333334,0.8,0.338029339397958,0.7142857142857143,0.2857142857142857,231
local_iiia_lda_full,BCI_IV_2a,4,v1_lda,max-prob,0.8506944444444444,0.85,0.3366935734232593,0.726530612244898,0.273469387755102,245
local_iiia_lda_full,BCI_IV_2a,4,v1_lda,max-prob,0.9027777777777778,0.9,0.335684083720791,0.7307692307692308,0.2692307692307692,260
local_iiia_lda_full,BCI_IV_2a,4,v1_lda,max-prob,0.9513888888888888,0.95,0.3343431266047769,0.7408759124087592,0.2591240875912409,274
local_iiia_lda_full,BCI_IV_2a,4,v1_lda,max-prob,1.0,1.0,0.3323567369927771,0.75,0.25,288
local_iiia_lda_full,BCI_IV_2a,5,v1_lda,max-prob,0.0520833333333333,0.05,0.4624780289621474,0.7333333333333334,0.2666666666666666,15
local_iiia_lda_full,BCI_IV_2a,5,v1_lda,max-prob,0.1006944444444444,0.1,0.4563008636896133,0.6896551724137931,0.3103448275862069,29
local_iiia_lda_full,BCI_IV_2a,5,v1_lda,max-prob,0.1527777777777778,0.15,0.4518810420265191,0.6818181818181819,0.3181818181818182,44
local_iiia_lda_full,BCI_IV_2a,5,v1_lda,max-prob,0.2013888888888889,0.2,0.448074229927431,0.6206896551724138,0.3793103448275862,58
local_iiia_lda_full,BCI_IV_2a,5,v1_lda,max-prob,0.25,0.25,0.4459027999300513,0.6527777777777778,0.3472222222222222,72
local_iiia_lda_full,BCI_IV_2a,5,v1_lda,max-prob,0.3020833333333333,0.3,0.4434616700187351,0.6436781609195402,0.3563218390804598,87
local_iiia_lda_full,BCI_IV_2a,5,v1_lda,max-prob,0.3506944444444444,0.35,0.4415736950593297,0.6435643564356436,0.3564356435643564,101
local_iiia_lda_full,BCI_IV_2a,5,v1_lda,max-prob,0.4027777777777778,0.4,0.4395669877192443,0.6551724137931034,0.3448275862068966,116
local_iiia_lda_full,BCI_IV_2a,5,v1_lda,max-prob,0.4513888888888889,0.45,0.4372215764874445,0.6692307692307693,0.3307692307692307,130
local_iiia_lda_full,BCI_IV_2a,5,v1_lda,max-prob,0.5,0.5,0.4357878994409046,0.7013888888888888,0.2986111111111111,144
local_iiia_lda_full,BCI_IV_2a,5,v1_lda,max-prob,0.5520833333333334,0.55,0.4337375142320814,0.7044025157232705,0.2955974842767295,159
local_iiia_lda_full,BCI_IV_2a,5,v1_lda,max-prob,0.6006944444444444,0.6,0.432595368114175,0.6936416184971098,0.3063583815028902,173
local_iiia_lda_full,BCI_IV_2a,5,v1_lda,max-prob,0.6527777777777778,0.65,0.4308280322906317,0.6968085106382979,0.3031914893617021,188
local_iiia_lda_full,BCI_IV_2a,5,v1_lda,max-prob,0.7013888888888888,0.7,0.4294329619160217,0.7029702970297029,0.297029702970297,202
local_iiia_lda_full,BCI_IV_2a,5,v1_lda,max-prob,0.75,0.75,0.4282466394481429,0.6944444444444444,0.3055555555555556,216
local_iiia_lda_full,BCI_IV_2a,5,v1_lda,max-prob,0.8020833333333334,0.8,0.4260133457246174,0.7056277056277056,0.2943722943722944,231
local_iiia_lda_full,BCI_IV_2a,5,v1_lda,max-prob,0.8506944444444444,0.85,0.4240349367570368,0.7020408163265306,0.2979591836734694,245
local_iiia_lda_full,BCI_IV_2a,5,v1_lda,max-prob,0.9027777777777778,0.9,0.4210884960689755,0.6961538461538461,0.3038461538461538,260
local_iiia_lda_full,BCI_IV_2a,5,v1_lda,max-prob,0.9513888888888888,0.95,0.4183665120293494,0.6934306569343065,0.3065693430656934,274
local_iiia_lda_full,BCI_IV_2a,5,v1_lda,max-prob,1.0,1.0,0.3988798158711989,0.6944444444444444,0.3055555555555556,288
local_iiia_lda_full,BCI_IV_2a,6,v1_lda,max-prob,0.0520833333333333,0.05,0.601388925069526,0.6666666666666667,0.3333333333333333,15
local_iiia_lda_full,BCI_IV_2a,6,v1_lda,max-prob,0.1006944444444444,0.1,0.5904091065807621,0.5862068965517242,0.4137931034482758,29
local_iiia_lda_full,BCI_IV_2a,6,v1_lda,max-prob,0.1527777777777778,0.15,0.5781194116049412,0.5227272727272727,0.4772727272727273,44
local_iiia_lda_full,BCI_IV_2a,6,v1_lda,max-prob,0.2013888888888889,0.2,0.572225122984525,0.5344827586206897,0.4655172413793103,58
local_iiia_lda_full,BCI_IV_2a,6,v1_lda,max-prob,0.25,0.25,0.5684586944426194,0.5416666666666667,0.4583333333333333,72
local_iiia_lda_full,BCI_IV_2a,6,v1_lda,max-prob,0.3020833333333333,0.3,0.560765715890693,0.5632183908045977,0.4367816091954023,87
local_iiia_lda_full,BCI_IV_2a,6,v1_lda,max-prob,0.3506944444444444,0.35,0.5554693640117554,0.6039603960396039,0.396039603960396,101
local_iiia_lda_full,BCI_IV_2a,6,v1_lda,max-prob,0.4027777777777778,0.4,0.5513872127880214,0.6379310344827587,0.3620689655172414,116
local_iiia_lda_full,BCI_IV_2a,6,v1_lda,max-prob,0.4513888888888889,0.45,0.5443309766591518,0.6538461538461539,0.3461538461538461,130
local_iiia_lda_full,BCI_IV_2a,6,v1_lda,max-prob,0.5,0.5,0.5396720742234076,0.6736111111111112,0.3263888888888889,144
local_iiia_lda_full,BCI_IV_2a,6,v1_lda,max-prob,0.5520833333333334,0.55,0.5357812566307898,0.6666666666666667,0.3333333333333333,159
local_iiia_lda_full,BCI_IV_2a,6,v1_lda,max-prob,0.6006944444444444,0.6,0.5319579924554659,0.676300578034682,0.3236994219653179,173
local_iiia_lda_full,BCI_IV_2a,6,v1_lda,max-prob,0.6527777777777778,0.65,0.5271576204587715,0.6808510638297872,0.3191489361702128,188
local_iiia_lda_full,BCI_IV_2a,6,v1_lda,max-prob,0.7013888888888888,0.7,0.5227400938288362,0.693069306930693,0.3069306930693069,202
local_iiia_lda_full,BCI_IV_2a,6,v1_lda,max-prob,0.75,0.75,0.5173620147472158,0.7037037037037037,0.2962962962962963,216
local_iiia_lda_full,BCI_IV_2a,6,v1_lda,max-prob,0.8020833333333334,0.8,0.5128472832573202,0.7099567099567099,0.29004329004329,231
local_iiia_lda_full,BCI_IV_2a,6,v1_lda,max-prob,0.8506944444444444,0.85,0.5047133609880514,0.7102040816326531,0.2897959183673469,245
local_iiia_lda_full,BCI_IV_2a,6,v1_lda,max-prob,0.9027777777777778,0.9,0.4970803877243899,0.726923076923077,0.273076923076923,260
local_iiia_lda_full,BCI_IV_2a,6,v1_lda,max-prob,0.9513888888888888,0.95,0.4890861974271908,0.7408759124087592,0.2591240875912409,274
local_iiia_lda_full,BCI_IV_2a,6,v1_lda,max-prob,1.0,1.0,0.4291337575306338,0.75,0.25,288
local_iiia_lda_full,BCI_IV_2a,7,v1_lda,max-prob,0.0520833333333333,0.05,0.5254528026645378,0.0,1.0,15
local_iiia_lda_full,BCI_IV_2a,7,v1_lda,max-prob,0.1006944444444444,0.1,0.5020882741268134,0.0344827586206896,0.9655172413793104,29
local_iiia_lda_full,BCI_IV_2a,7,v1_lda,max-prob,0.1527777777777778,0.15,0.4838719762321584,0.0909090909090909,0.9090909090909092,44
local_iiia_lda_full,BCI_IV_2a,7,v1_lda,max-prob,0.2013888888888889,0.2,0.4585740033699912,0.1724137931034483,0.8275862068965517,58
local_iiia_lda_full,BCI_IV_2a,7,v1_lda,max-prob,0.25,0.25,0.4473426600825136,0.2361111111111111,0.7638888888888888,72
local_iiia_lda_full,BCI_IV_2a,7,v1_lda,max-prob,0.3020833333333333,0.3,0.434685482318727,0.3103448275862068,0.6896551724137931,87
local_iiia_lda_full,BCI_IV_2a,7,v1_lda,max-prob,0.3506944444444444,0.35,0.4256983043656158,0.3366336633663366,0.6633663366336634,101
local_iiia_lda_full,BCI_IV_2a,7,v1_lda,max-prob,0.4027777777777778,0.4,0.4152417117851616,0.3706896551724138,0.6293103448275862,116
local_iiia_lda_full,BCI_IV_2a,7,v1_lda,max-prob,0.4513888888888889,0.45,0.4031440430953044,0.3923076923076923,0.6076923076923076,130
local_iiia_lda_full,BCI_IV_2a,7,v1_lda,max-prob,0.5,0.5,0.3974990729699509,0.4375,0.5625,144
local_iiia_lda_full,BCI_IV_2a,7,v1_lda,max-prob,0.5520833333333334,0.55,0.3926459083974481,0.4591194968553459,0.5408805031446541,159
local_iiia_lda_full,BCI_IV_2a,7,v1_lda,max-prob,0.6006944444444444,0.6,0.3867032795702469,0.4855491329479768,0.5144508670520231,173
local_iiia_lda_full,BCI_IV_2a,7,v1_lda,max-prob,0.6527777777777778,0.65,0.3818272337916348,0.5106382978723405,0.4893617021276595,188
local_iiia_lda_full,BCI_IV_2a,7,v1_lda,max-prob,0.7013888888888888,0.7,0.3771566674959345,0.5297029702970297,0.4702970297029702,202
local_iiia_lda_full,BCI_IV_2a,7,v1_lda,max-prob,0.75,0.75,0.3733273024845289,0.5416666666666667,0.4583333333333333,216
local_iiia_lda_full,BCI_IV_2a,7,v1_lda,max-prob,0.8020833333333334,0.8,0.3682734530145199,0.5627705627705628,0.4372294372294372,231
local_iiia_lda_full,BCI_IV_2a,7,v1_lda,max-prob,0.8506944444444444,0.85,0.3617061824070819,0.5836734693877551,0.4163265306122449,245
local_iiia_lda_full,BCI_IV_2a,7,v1_lda,max-prob,0.9027777777777778,0.9,0.3567908851372451,0.6076923076923078,0.3923076923076923,260
local_iiia_lda_full,BCI_IV_2a,7,v1_lda,max-prob,0.9513888888888888,0.95,0.3496704101351837,0.6131386861313868,0.3868613138686131,274
local_iiia_lda_full,BCI_IV_2a,7,v1_lda,max-prob,1.0,1.0,0.340460812307495,0.6284722222222222,0.3715277777777778,288
local_iiia_lda_full,BCI_IV_2a,8,v1_lda,max-prob,0.0520833333333333,0.05,0.5916802506217842,0.1333333333333333,0.8666666666666667,15
local_iiia_lda_full,BCI_IV_2a,8,v1_lda,max-prob,0.1006944444444444,0.1,0.5351536740584132,0.1724137931034483,0.8275862068965517,29
local_iiia_lda_full,BCI_IV_2a,8,v1_lda,max-prob,0.1527777777777778,0.15,0.4771135990446962,0.25,0.75,44
local_iiia_lda_full,BCI_IV_2a,8,v1_lda,max-prob,0.2013888888888889,0.2,0.4656897581512749,0.2586206896551724,0.7413793103448276,58
local_iiia_lda_full,BCI_IV_2a,8,v1_lda,max-prob,0.25,0.25,0.4561550279851651,0.2777777777777778,0.7222222222222222,72
local_iiia_lda_full,BCI_IV_2a,8,v1_lda,max-prob,0.3020833333333333,0.3,0.445661479809684,0.2528735632183908,0.7471264367816092,87
local_iiia_lda_full,BCI_IV_2a,8,v1_lda,max-prob,0.3506944444444444,0.35,0.4304894824589573,0.2376237623762376,0.7623762376237624,101
local_iiia_lda_full,BCI_IV_2a,8,v1_lda,max-prob,0.4027777777777778,0.4,0.4227878760122182,0.2327586206896551,0.7672413793103449,116
local_iiia_lda_full,BCI_IV_2a,8,v1_lda,max-prob,0.4513888888888889,0.45,0.4164646641669887,0.2384615384615385,0.7615384615384615,130
local_iiia_lda_full,BCI_IV_2a,8,v1_lda,max-prob,0.5,0.5,0.4078837148463504,0.2708333333333333,0.7291666666666666,144
local_iiia_lda_full,BCI_IV_2a,8,v1_lda,max-prob,0.5520833333333334,0.55,0.401015610019987,0.289308176100629,0.710691823899371,159
local_iiia_lda_full,BCI_IV_2a,8,v1_lda,max-prob,0.6006944444444444,0.6,0.3922461392974185,0.2890173410404624,0.7109826589595376,173
local_iiia_lda_full,BCI_IV_2a,8,v1_lda,max-prob,0.6527777777777778,0.65,0.385837517038597,0.3085106382978723,0.6914893617021277,188
local_iiia_lda_full,BCI_IV_2a,8,v1_lda,max-prob,0.7013888888888888,0.7,0.3770390344626741,0.3168316831683168,0.6831683168316832,202
local_iiia_lda_full,BCI_IV_2a,8,v1_lda,max-prob,0.75,0.75,0.3658418665697806,0.3194444444444444,0.6805555555555556,216
local_iiia_lda_full,BCI_IV_2a,8,v1_lda,max-prob,0.8020833333333334,0.8,0.35796587380451,0.3203463203463204,0.6796536796536796,231
local_iiia_lda_full,BCI_IV_2a,8,v1_lda,max-prob,0.8506944444444444,0.85,0.3409760735375478,0.3387755102040816,0.6612244897959184,245
local_iiia_lda_full,BCI_IV_2a,8,v1_lda,max-prob,0.9027777777777778,0.9,0.3288468878026045,0.35,0.65,260
local_iiia_lda_full,BCI_IV_2a,8,v1_lda,max-prob,0.9513888888888888,0.95,0.3081620771831106,0.3686131386861314,0.6313868613138686,274
local_iiia_lda_full,BCI_IV_2a,8,v1_lda,max-prob,1.0,1.0,0.2761143854321864,0.3854166666666666,0.6145833333333334,288
local_iiia_lda_full,BCI_IV_2a,9,v1_lda,max-prob,0.053030303030303,0.05,0.435783939093395,0.4285714285714286,0.5714285714285714,14
local_iiia_lda_full,BCI_IV_2a,9,v1_lda,max-prob,0.1022727272727272,0.1,0.4157546944504264,0.4814814814814815,0.5185185185185185,27
local_iiia_lda_full,BCI_IV_2a,9,v1_lda,max-prob,0.1515151515151515,0.15,0.4067099015787306,0.375,0.625,40
local_iiia_lda_full,BCI_IV_2a,9,v1_lda,max-prob,0.2007575757575757,0.2,0.3989330448480089,0.4528301886792453,0.5471698113207547,53
local_iiia_lda_full,BCI_IV_2a,9,v1_lda,max-prob,0.25,0.25,0.3917424105321725,0.4545454545454546,0.5454545454545454,66
local_iiia_lda_full,BCI_IV_2a,9,v1_lda,max-prob,0.303030303030303,0.3,0.385983296499754,0.4875,0.5125,80
local_iiia_lda_full,BCI_IV_2a,9,v1_lda,max-prob,0.3522727272727273,0.35,0.3825644166593455,0.5268817204301075,0.4731182795698925,93
local_iiia_lda_full,BCI_IV_2a,9,v1_lda,max-prob,0.4015151515151515,0.4,0.3766893329846871,0.5471698113207547,0.4528301886792453,106
local_iiia_lda_full,BCI_IV_2a,9,v1_lda,max-prob,0.4507575757575757,0.45,0.3700627622312967,0.5378151260504201,0.4621848739495798,119
local_iiia_lda_full,BCI_IV_2a,9,v1_lda,max-prob,0.5,0.5,0.3647990487918642,0.5227272727272727,0.4772727272727273,132
local_iiia_lda_full,BCI_IV_2a,9,v1_lda,max-prob,0.553030303030303,0.55,0.3597799812518445,0.5410958904109588,0.4589041095890411,146
local_iiia_lda_full,BCI_IV_2a,9,v1_lda,max-prob,0.6022727272727273,0.6,0.3560445501612575,0.5471698113207547,0.4528301886792453,159
local_iiia_lda_full,BCI_IV_2a,9,v1_lda,max-prob,0.6515151515151515,0.65,0.3500338812374626,0.563953488372093,0.436046511627907,172
local_iiia_lda_full,BCI_IV_2a,9,v1_lda,max-prob,0.7007575757575758,0.7,0.3448920203407181,0.5783783783783784,0.4216216216216216,185
local_iiia_lda_full,BCI_IV_2a,9,v1_lda,max-prob,0.75,0.75,0.3397757992912966,0.5757575757575757,0.4242424242424242,198
local_iiia_lda_full,BCI_IV_2a,9,v1_lda,max-prob,0.803030303030303,0.8,0.3357135227594,0.5801886792452831,0.419811320754717,212
local_iiia_lda_full,BCI_IV_2a,9,v1_lda,max-prob,0.8522727272727273,0.85,0.3298322412795144,0.5955555555555556,0.4044444444444444,225
local_iiia_lda_full,BCI_IV_2a,9,v1_lda,max-prob,0.9015151515151516,0.9,0.3248312161603379,0.6050420168067228,0.3949579831932773,238
local_iiia_lda_full,BCI_IV_2a,9,v1_lda,max-prob,0.9507575757575758,0.95,0.317653371552539,0.6095617529880478,0.3904382470119522,251
local_iiia_lda_full,BCI_IV_2a,9,v1_lda,max-prob,1.0,1.0,0.3011377640754762,0.6174242424242424,0.3825757575757575,264
local_iiia_lda_full,BCI_IIIa,k3b,v1_lda,max-prob,0.0634920634920634,0.05,0.7744593535869272,0.0,1.0,4
local_iiia_lda_full,BCI_IIIa,k3b,v1_lda,max-prob,0.1111111111111111,0.1,0.7556267704161188,0.0,1.0,7
local_iiia_lda_full,BCI_IIIa,k3b,v1_lda,max-prob,0.1587301587301587,0.15,0.734010962297771,0.0,1.0,10
local_iiia_lda_full,BCI_IIIa,k3b,v1_lda,max-prob,0.2063492063492063,0.2,0.7295880572537947,0.0,1.0,13
local_iiia_lda_full,BCI_IIIa,k3b,v1_lda,max-prob,0.2539682539682539,0.25,0.7030637783212043,0.0,1.0,16
local_iiia_lda_full,BCI_IIIa,k3b,v1_lda,max-prob,0.3015873015873015,0.3,0.6935158007465518,0.0,1.0,19
local_iiia_lda_full,BCI_IIIa,k3b,v1_lda,max-prob,0.365079365079365,0.35,0.6735613566431685,0.0,1.0,23
local_iiia_lda_full,BCI_IIIa,k3b,v1_lda,max-prob,0.4126984126984127,0.4,0.6509875393019273,0.0,1.0,26
local_iiia_lda_full,BCI_IIIa,k3b,v1_lda,max-prob,0.4603174603174603,0.45,0.6391840978479484,0.0,1.0,29
local_iiia_lda_full,BCI_IIIa,k3b,v1_lda,max-prob,0.5079365079365079,0.5,0.6305050710030234,0.0,1.0,32
local_iiia_lda_full,BCI_IIIa,k3b,v1_lda,max-prob,0.5555555555555556,0.55,0.6198499402508629,0.0,1.0,35
local_iiia_lda_full,BCI_IIIa,k3b,v1_lda,max-prob,0.6031746031746031,0.6,0.6106219100108954,0.0,1.0,38
local_iiia_lda_full,BCI_IIIa,k3b,v1_lda,max-prob,0.6507936507936508,0.65,0.6016926900615996,0.0,1.0,41
local_iiia_lda_full,BCI_IIIa,k3b,v1_lda,max-prob,0.7142857142857143,0.7,0.5777841770209556,0.0,1.0,45
local_iiia_lda_full,BCI_IIIa,k3b,v1_lda,max-prob,0.7619047619047619,0.75,0.5467461300501898,0.0208333333333333,0.9791666666666666,48
local_iiia_lda_full,BCI_IIIa,k3b,v1_lda,max-prob,0.8095238095238095,0.8,0.5093801207077833,0.0588235294117647,0.9411764705882352,51
local_iiia_lda_full,BCI_IIIa,k3b,v1_lda,max-prob,0.8571428571428571,0.85,0.4994092271624515,0.0555555555555555,0.9444444444444444,54
local_iiia_lda_full,BCI_IIIa,k3b,v1_lda,max-prob,0.9047619047619048,0.9,0.4767311084798721,0.0701754385964912,0.9298245614035088,57
local_iiia_lda_full,BCI_IIIa,k3b,v1_lda,max-prob,0.9523809523809524,0.95,0.4478261872505611,0.0999999999999999,0.9,60
local_iiia_lda_full,BCI_IIIa,k3b,v1_lda,max-prob,1.0,1.0,0.3044677240904959,0.1428571428571429,0.8571428571428571,63
local_iiia_lda_full,BCI_IIIa,k6b,v1_lda,max-prob,0.0714285714285714,0.05,0.5580162230028328,0.0,1.0,3
local_iiia_lda_full,BCI_IIIa,k6b,v1_lda,max-prob,0.119047619047619,0.1,0.5505701386027231,0.4,0.6,5
local_iiia_lda_full,BCI_IIIa,k6b,v1_lda,max-prob,0.1666666666666666,0.15,0.541595124060614,0.2857142857142857,0.7142857142857143,7
local_iiia_lda_full,BCI_IIIa,k6b,v1_lda,max-prob,0.2142857142857142,0.2,0.5075147186901283,0.2222222222222222,0.7777777777777778,9
local_iiia_lda_full,BCI_IIIa,k6b,v1_lda,max-prob,0.2619047619047619,0.25,0.4907440556571112,0.3636363636363636,0.6363636363636364,11
local_iiia_lda_full,BCI_IIIa,k6b,v1_lda,max-prob,0.3095238095238095,0.3,0.4899704194078447,0.3846153846153846,0.6153846153846154,13
local_iiia_lda_full,BCI_IIIa,k6b,v1_lda,max-prob,0.3571428571428571,0.35,0.4783811590887041,0.3333333333333333,0.6666666666666666,15
local_iiia_lda_full,BCI_IIIa,k6b,v1_lda,max-prob,0.4047619047619047,0.4,0.4617440548222507,0.3529411764705882,0.6470588235294118,17
local_iiia_lda_full,BCI_IIIa,k6b,v1_lda,max-prob,0.4523809523809524,0.45,0.4415715434452983,0.3157894736842105,0.6842105263157895,19
local_iiia_lda_full,BCI_IIIa,k6b,v1_lda,max-prob,0.5,0.5,0.4254248869148915,0.3333333333333333,0.6666666666666666,21
local_iiia_lda_full,BCI_IIIa,k6b,v1_lda,max-prob,0.5714285714285714,0.55,0.4178333623506829,0.375,0.625,24
local_iiia_lda_full,BCI_IIIa,k6b,v1_lda,max-prob,0.6190476190476191,0.6,0.41002454760375,0.3846153846153846,0.6153846153846154,26
local_iiia_lda_full,BCI_IIIa,k6b,v1_lda,max-prob,0.6666666666666666,0.65,0.3976585437239489,0.3571428571428571,0.6428571428571429,28
local_iiia_lda_full,BCI_IIIa,k6b,v1_lda,max-prob,0.7142857142857143,0.7,0.3913312117616523,0.3666666666666667,0.6333333333333333,30
local_iiia_lda_full,BCI_IIIa,k6b,v1_lda,max-prob,0.7619047619047619,0.75,0.3746544135619992,0.34375,0.65625,32
local_iiia_lda_full,BCI_IIIa,k6b,v1_lda,max-prob,0.8095238095238095,0.8,0.3725838100365427,0.3529411764705882,0.6470588235294118,34
local_iiia_lda_full,BCI_IIIa,k6b,v1_lda,max-prob,0.8571428571428571,0.85,0.3527833958491608,0.3611111111111111,0.6388888888888888,36
local_iiia_lda_full,BCI_IIIa,k6b,v1_lda,max-prob,0.9047619047619048,0.9,0.3461253247975384,0.368421052631579,0.631578947368421,38
local_iiia_lda_full,BCI_IIIa,k6b,v1_lda,max-prob,0.9523809523809524,0.95,0.3221153930771425,0.375,0.625,40
local_iiia_lda_full,BCI_IIIa,k6b,v1_lda,max-prob,1.0,1.0,0.287111246392535,0.3809523809523809,0.6190476190476191,42
local_iiia_lda_full,BCI_IIIa,l1b,v1_lda,max-prob,0.0714285714285714,0.05,0.4737275187330583,0.0,1.0,3
local_iiia_lda_full,BCI_IIIa,l1b,v1_lda,max-prob,0.119047619047619,0.1,0.4518720137480064,0.1999999999999999,0.8,5
local_iiia_lda_full,BCI_IIIa,l1b,v1_lda,max-prob,0.1666666666666666,0.15,0.4388340710107837,0.2857142857142857,0.7142857142857143,7
local_iiia_lda_full,BCI_IIIa,l1b,v1_lda,max-prob,0.2142857142857142,0.2,0.4340185243094523,0.2222222222222222,0.7777777777777778,9
local_iiia_lda_full,BCI_IIIa,l1b,v1_lda,max-prob,0.2619047619047619,0.25,0.4309727324377845,0.3636363636363636,0.6363636363636364,11
local_iiia_lda_full,BCI_IIIa,l1b,v1_lda,max-prob,0.3095238095238095,0.3,0.4014845258093105,0.3846153846153846,0.6153846153846154,13
local_iiia_lda_full,BCI_IIIa,l1b,v1_lda,max-prob,0.3571428571428571,0.35,0.398879332172297,0.3333333333333333,0.6666666666666666,15
local_iiia_lda_full,BCI_IIIa,l1b,v1_lda,max-prob,0.4047619047619047,0.4,0.3963067560896583,0.2941176470588235,0.7058823529411765,17
local_iiia_lda_full,BCI_IIIa,l1b,v1_lda,max-prob,0.4523809523809524,0.45,0.3927488900892914,0.2631578947368421,0.7368421052631579,19
local_iiia_lda_full,BCI_IIIa,l1b,v1_lda,max-prob,0.5,0.5,0.3888021949870239,0.2857142857142857,0.7142857142857143,21
local_iiia_lda_full,BCI_IIIa,l1b,v1_lda,max-prob,0.5714285714285714,0.55,0.3841369048335438,0.2916666666666666,0.7083333333333334,24
local_iiia_lda_full,BCI_IIIa,l1b,v1_lda,max-prob,0.6190476190476191,0.6,0.3748726229568215,0.3076923076923077,0.6923076923076923,26
local_iiia_lda_full,BCI_IIIa,l1b,v1_lda,max-prob,0.6666666666666666,0.65,0.3680859452426358,0.3571428571428571,0.6428571428571429,28
local_iiia_lda_full,BCI_IIIa,l1b,v1_lda,max-prob,0.7142857142857143,0.7,0.3563487877145421,0.3666666666666667,0.6333333333333333,30
local_iiia_lda_full,BCI_IIIa,l1b,v1_lda,max-prob,0.7619047619047619,0.75,0.3449034478105574,0.375,0.625,32
local_iiia_lda_full,BCI_IIIa,l1b,v1_lda,max-prob,0.8095238095238095,0.8,0.3299342319808034,0.4117647058823529,0.5882352941176471,34
local_iiia_lda_full,BCI_IIIa,l1b,v1_lda,max-prob,0.8571428571428571,0.85,0.3283947757196706,0.4444444444444444,0.5555555555555556,36
local_iiia_lda_full,BCI_IIIa,l1b,v1_lda,max-prob,0.9047619047619048,0.9,0.3132238158139381,0.4736842105263158,0.5263157894736842,38
local_iiia_lda_full,BCI_IIIa,l1b,v1_lda,max-prob,0.9523809523809524,0.95,0.2984232810910989,0.475,0.525,40
local_iiia_lda_full,BCI_IIIa,l1b,v1_lda,max-prob,1.0,1.0,0.2652080160083356,0.5,0.5,42
calibration_ablation_per_model_temp_s2_e10,BCI_IV_2a,1,v1_lda,max-prob,0.0520833333333333,0.05,0.8011724597892723,0.0,1.0,15
calibration_ablation_per_model_temp_s2_e10,BCI_IV_2a,1,v1_lda,max-prob,0.1006944444444444,0.1,0.7577859532135622,0.0,1.0,29
calibration_ablation_per_model_temp_s2_e10,BCI_IV_2a,1,v1_lda,max-prob,0.1527777777777778,0.15,0.721874611208103,0.0,1.0,44
calibration_ablation_per_model_temp_s2_e10,BCI_IV_2a,1,v1_lda,max-prob,0.2013888888888889,0.2,0.6871921054216277,0.0172413793103448,0.9827586206896552,58
calibration_ablation_per_model_temp_s2_e10,BCI_IV_2a,1,v1_lda,max-prob,0.25,0.25,0.671511757102034,0.0416666666666666,0.9583333333333334,72
calibration_ablation_per_model_temp_s2_e10,BCI_IV_2a,1,v1_lda,max-prob,0.3020833333333333,0.3,0.6543861507168381,0.0574712643678161,0.942528735632184,87
calibration_ablation_per_model_temp_s2_e10,BCI_IV_2a,1,v1_lda,max-prob,0.3506944444444444,0.35,0.6289424608012316,0.0990099009900989,0.900990099009901,101
calibration_ablation_per_model_temp_s2_e10,BCI_IV_2a,1,v1_lda,max-prob,0.4027777777777778,0.4,0.6115054851370199,0.1379310344827586,0.8620689655172413,116
calibration_ablation_per_model_temp_s2_e10,BCI_IV_2a,1,v1_lda,max-prob,0.4513888888888889,0.45,0.5957536161343504,0.1384615384615384,0.8615384615384616,130
calibration_ablation_per_model_temp_s2_e10,BCI_IV_2a,1,v1_lda,max-prob,0.5,0.5,0.5674643872790243,0.1319444444444444,0.8680555555555556,144
calibration_ablation_per_model_temp_s2_e10,BCI_IV_2a,1,v1_lda,max-prob,0.5520833333333334,0.55,0.5497576949091904,0.150943396226415,0.8490566037735849,159
calibration_ablation_per_model_temp_s2_e10,BCI_IV_2a,1,v1_lda,max-prob,0.6006944444444444,0.6,0.5210926359441823,0.1560693641618497,0.8439306358381503,173
calibration_ablation_per_model_temp_s2_e10,BCI_IV_2a,1,v1_lda,max-prob,0.6527777777777778,0.65,0.503482757348264,0.1595744680851063,0.8404255319148937,188
calibration_ablation_per_model_temp_s2_e10,BCI_IV_2a,1,v1_lda,max-prob,0.7013888888888888,0.7,0.4956762862076762,0.1732673267326733,0.8267326732673267,202
calibration_ablation_per_model_temp_s2_e10,BCI_IV_2a,1,v1_lda,max-prob,0.75,0.75,0.4800086783861479,0.1805555555555555,0.8194444444444444,216
calibration_ablation_per_model_temp_s2_e10,BCI_IV_2a,1,v1_lda,max-prob,0.8020833333333334,0.8,0.4632013800394881,0.1991341991341991,0.8008658008658008,231
calibration_ablation_per_model_temp_s2_e10,BCI_IV_2a,1,v1_lda,max-prob,0.8506944444444444,0.85,0.440340650969616,0.2204081632653061,0.7795918367346939,245
calibration_ablation_per_model_temp_s2_e10,BCI_IV_2a,1,v1_lda,max-prob,0.9027777777777778,0.9,0.4160886315981008,0.2307692307692307,0.7692307692307693,260
calibration_ablation_per_model_temp_s2_e10,BCI_IV_2a,1,v1_lda,max-prob,0.9513888888888888,0.95,0.3721090162249319,0.2445255474452554,0.7554744525547445,274
calibration_ablation_per_model_temp_s2_e10,BCI_IV_2a,1,v1_lda,max-prob,1.0,1.0,0.2828625676731469,0.2743055555555556,0.7256944444444444,288
calibration_ablation_per_model_temp_s2_e10,BCI_IV_2a,1,eegnet_uncalibrated,max-prob,0.0520833333333333,0.05,0.7199247500127398,0.2666666666666667,0.7333333333333333,15
calibration_ablation_per_model_temp_s2_e10,BCI_IV_2a,1,eegnet_uncalibrated,max-prob,0.1006944444444444,0.1,0.6546298223582708,0.3103448275862068,0.6896551724137931,29
calibration_ablation_per_model_temp_s2_e10,BCI_IV_2a,1,eegnet_uncalibrated,max-prob,0.1527777777777778,0.15,0.6089116700998037,0.2954545454545454,0.7045454545454546,44
calibration_ablation_per_model_temp_s2_e10,BCI_IV_2a,1,eegnet_uncalibrated,max-prob,0.2013888888888889,0.2,0.5726679665810263,0.3620689655172413,0.6379310344827587,58
calibration_ablation_per_model_temp_s2_e10,BCI_IV_2a,1,eegnet_uncalibrated,max-prob,0.25,0.25,0.536711252049444,0.4027777777777778,0.5972222222222222,72
calibration_ablation_per_model_temp_s2_e10,BCI_IV_2a,1,eegnet_uncalibrated,max-prob,0.3020833333333333,0.3,0.5071036765826524,0.4252873563218391,0.5747126436781609,87
calibration_ablation_per_model_temp_s2_e10,BCI_IV_2a,1,eegnet_uncalibrated,max-prob,0.3506944444444444,0.35,0.4768137409926933,0.4554455445544554,0.5445544554455446,101
calibration_ablation_per_model_temp_s2_e10,BCI_IV_2a,1,eegnet_uncalibrated,max-prob,0.4027777777777778,0.4,0.4491206591784112,0.4913793103448276,0.5086206896551724,116
calibration_ablation_per_model_temp_s2_e10,BCI_IV_2a,1,eegnet_uncalibrated,max-prob,0.4513888888888889,0.45,0.4341908959109534,0.4923076923076923,0.5076923076923077,130
calibration_ablation_per_model_temp_s2_e10,BCI_IV_2a,1,eegnet_uncalibrated,max-prob,0.5,0.5,0.4212905460103515,0.4930555555555556,0.5069444444444444,144
calibration_ablation_per_model_temp_s2_e10,BCI_IV_2a,1,eegnet_uncalibrated,max-prob,0.5520833333333334,0.55,0.4118886573074226,0.5094339622641509,0.490566037735849,159
calibration_ablation_per_model_temp_s2_e10,BCI_IV_2a,1,eegnet_uncalibrated,max-prob,0.6006944444444444,0.6,0.4036849834805389,0.4971098265895953,0.5028901734104047,173
calibration_ablation_per_model_temp_s2_e10,BCI_IV_2a,1,eegnet_uncalibrated,max-prob,0.6527777777777778,0.65,0.38774478888576,0.4946808510638297,0.5053191489361702,188
calibration_ablation_per_model_temp_s2_e10,BCI_IV_2a,1,eegnet_uncalibrated,max-prob,0.7013888888888888,0.7,0.3811245841776233,0.504950495049505,0.495049504950495,202
calibration_ablation_per_model_temp_s2_e10,BCI_IV_2a,1,eegnet_uncalibrated,max-prob,0.75,0.75,0.3721824985090118,0.5046296296296297,0.4953703703703703,216
calibration_ablation_per_model_temp_s2_e10,BCI_IV_2a,1,eegnet_uncalibrated,max-prob,0.8020833333333334,0.8,0.3548824567747541,0.4891774891774891,0.5108225108225108,231
calibration_ablation_per_model_temp_s2_e10,BCI_IV_2a,1,eegnet_uncalibrated,max-prob,0.8506944444444444,0.85,0.3346351525306852,0.5061224489795919,0.4938775510204081,245
calibration_ablation_per_model_temp_s2_e10,BCI_IV_2a,1,eegnet_uncalibrated,max-prob,0.9027777777777778,0.9,0.3144777229142709,0.5076923076923077,0.4923076923076923,260
calibration_ablation_per_model_temp_s2_e10,BCI_IV_2a,1,eegnet_uncalibrated,max-prob,0.9513888888888888,0.95,0.2923367884102153,0.5145985401459854,0.4854014598540146,274
calibration_ablation_per_model_temp_s2_e10,BCI_IV_2a,1,eegnet_uncalibrated,max-prob,1.0,1.0,0.2627376428371953,0.53125,0.46875,288
calibration_ablation_per_model_temp_s2_e10,BCI_IV_2a,1,eegnet_calibrated,max-prob,0.0520833333333333,0.05,0.8351584573794876,0.2666666666666667,0.7333333333333333,15
calibration_ablation_per_model_temp_s2_e10,BCI_IV_2a,1,eegnet_calibrated,max-prob,0.1006944444444444,0.1,0.777294237992178,0.4137931034482759,0.5862068965517241,29
calibration_ablation_per_model_temp_s2_e10,BCI_IV_2a,1,eegnet_calibrated,max-prob,0.1527777777777778,0.15,0.7225966525245205,0.3181818181818182,0.6818181818181818,44
calibration_ablation_per_model_temp_s2_e10,BCI_IV_2a,1,eegnet_calibrated,max-prob,0.2013888888888889,0.2,0.6898952285063034,0.3448275862068966,0.6551724137931034,58
calibration_ablation_per_model_temp_s2_e10,BCI_IV_2a,1,eegnet_calibrated,max-prob,0.25,0.25,0.6411005552299082,0.3888888888888888,0.6111111111111112,72
calibration_ablation_per_model_temp_s2_e10,BCI_IV_2a,1,eegnet_calibrated,max-prob,0.3020833333333333,0.3,0.6010537489030597,0.4367816091954023,0.5632183908045977,87
calibration_ablation_per_model_temp_s2_e10,BCI_IV_2a,1,eegnet_calibrated,max-prob,0.3506944444444444,0.35,0.5731617102453601,0.4554455445544554,0.5445544554455446,101
calibration_ablation_per_model_temp_s2_e10,BCI_IV_2a,1,eegnet_calibrated,max-prob,0.4027777777777778,0.4,0.5432657015637331,0.4913793103448276,0.5086206896551724,116
calibration_ablation_per_model_temp_s2_e10,BCI_IV_2a,1,eegnet_calibrated,max-prob,0.4513888888888889,0.45,0.5214887777753071,0.4923076923076923,0.5076923076923077,130
calibration_ablation_per_model_temp_s2_e10,BCI_IV_2a,1,eegnet_calibrated,max-prob,0.5,0.5,0.5015524955400251,0.4930555555555556,0.5069444444444444,144
calibration_ablation_per_model_temp_s2_e10,BCI_IV_2a,1,eegnet_calibrated,max-prob,0.5520833333333334,0.55,0.4854736633306593,0.490566037735849,0.5094339622641509,159
calibration_ablation_per_model_temp_s2_e10,BCI_IV_2a,1,eegnet_calibrated,max-prob,0.6006944444444444,0.6,0.4697715675539423,0.5028901734104047,0.4971098265895953,173
calibration_ablation_per_model_temp_s2_e10,BCI_IV_2a,1,eegnet_calibrated,max-prob,0.6527777777777778,0.65,0.4574304825609334,0.4893617021276596,0.5106382978723404,188
calibration_ablation_per_model_temp_s2_e10,BCI_IV_2a,1,eegnet_calibrated,max-prob,0.7013888888888888,0.7,0.445759506979874,0.504950495049505,0.495049504950495,202
calibration_ablation_per_model_temp_s2_e10,BCI_IV_2a,1,eegnet_calibrated,max-prob,0.75,0.75,0.4291902172077698,0.5,0.5,216
calibration_ablation_per_model_temp_s2_e10,BCI_IV_2a,1,eegnet_calibrated,max-prob,0.8020833333333334,0.8,0.4087320673748176,0.4935064935064935,0.5064935064935064,231
calibration_ablation_per_model_temp_s2_e10,BCI_IV_2a,1,eegnet_calibrated,max-prob,0.8506944444444444,0.85,0.3823582693010757,0.5061224489795919,0.4938775510204081,245
calibration_ablation_per_model_temp_s2_e10,BCI_IV_2a,1,eegnet_calibrated,max-prob,0.9027777777777778,0.9,0.3524931983159422,0.5076923076923077,0.4923076923076923,260
calibration_ablation_per_model_temp_s2_e10,BCI_IV_2a,1,eegnet_calibrated,max-prob,0.9513888888888888,0.95,0.3189479684168182,0.5145985401459854,0.4854014598540146,274
calibration_ablation_per_model_temp_s2_e10,BCI_IV_2a,1,eegnet_calibrated,max-prob,1.0,1.0,0.2704140997133723,0.53125,0.46875,288
calibration_ablation_per_model_temp_s2_e10,BCI_IV_2a,1,spatial_uncalibrated,max-prob,0.0520833333333333,0.05,0.9820562344243134,0.1333333333333333,0.8666666666666667,15
calibration_ablation_per_model_temp_s2_e10,BCI_IV_2a,1,spatial_uncalibrated,max-prob,0.1006944444444444,0.1,0.9396636865513808,0.1379310344827586,0.8620689655172413,29
calibration_ablation_per_model_temp_s2_e10,BCI_IV_2a,1,spatial_uncalibrated,max-prob,0.1527777777777778,0.15,0.9060798671397008,0.2727272727272727,0.7272727272727273,44
calibration_ablation_per_model_temp_s2_e10,BCI_IV_2a,1,spatial_uncalibrated,max-prob,0.2013888888888889,0.2,0.8459346080936734,0.2413793103448276,0.7586206896551724,58
calibration_ablation_per_model_temp_s2_e10,BCI_IV_2a,1,spatial_uncalibrated,max-prob,0.25,0.25,0.7886142578599205,0.2638888888888888,0.7361111111111112,72
calibration_ablation_per_model_temp_s2_e10,BCI_IV_2a,1,spatial_uncalibrated,max-prob,0.3020833333333333,0.3,0.7554238627060247,0.264367816091954,0.735632183908046,87
calibration_ablation_per_model_temp_s2_e10,BCI_IV_2a,1,spatial_uncalibrated,max-prob,0.3506944444444444,0.35,0.7092693565630024,0.2772277227722772,0.7227722772277227,101
calibration_ablation_per_model_temp_s2_e10,BCI_IV_2a,1,spatial_uncalibrated,max-prob,0.4027777777777778,0.4,0.6826042484271346,0.2758620689655172,0.7241379310344828,116
calibration_ablation_per_model_temp_s2_e10,BCI_IV_2a,1,spatial_uncalibrated,max-prob,0.4513888888888889,0.45,0.6621310323853937,0.2538461538461538,0.7461538461538462,130
calibration_ablation_per_model_temp_s2_e10,BCI_IV_2a,1,spatial_uncalibrated,max-prob,0.5,0.5,0.641545693790258,0.2638888888888888,0.7361111111111112,144
calibration_ablation_per_model_temp_s2_e10,BCI_IV_2a,1,spatial_uncalibrated,max-prob,0.5520833333333334,0.55,0.6207898329988736,0.2704402515723271,0.7295597484276729,159
calibration_ablation_per_model_temp_s2_e10,BCI_IV_2a,1,spatial_uncalibrated,max-prob,0.6006944444444444,0.6,0.592385024582769,0.2543352601156069,0.7456647398843931,173
calibration_ablation_per_model_temp_s2_e10,BCI_IV_2a,1,spatial_uncalibrated,max-prob,0.6527777777777778,0.65,0.5703576049171994,0.2553191489361702,0.7446808510638298,188
calibration_ablation_per_model_temp_s2_e10,BCI_IV_2a,1,spatial_uncalibrated,max-prob,0.7013888888888888,0.7,0.5602840411600657,0.2574257425742574,0.7425742574257426,202
calibration_ablation_per_model_temp_s2_e10,BCI_IV_2a,1,spatial_uncalibrated,max-prob,0.75,0.75,0.5496166288854795,0.2592592592592593,0.7407407407407407,216
calibration_ablation_per_model_temp_s2_e10,BCI_IV_2a,1,spatial_uncalibrated,max-prob,0.8020833333333334,0.8,0.5374121373969962,0.2727272727272727,0.7272727272727273,231
calibration_ablation_per_model_temp_s2_e10,BCI_IV_2a,1,spatial_uncalibrated,max-prob,0.8506944444444444,0.85,0.5274656674793187,0.273469387755102,0.726530612244898,245
calibration_ablation_per_model_temp_s2_e10,BCI_IV_2a,1,spatial_uncalibrated,max-prob,0.9027777777777778,0.9,0.5019991538137927,0.2769230769230769,0.7230769230769231,260
calibration_ablation_per_model_temp_s2_e10,BCI_IV_2a,1,spatial_uncalibrated,max-prob,0.9513888888888888,0.95,0.4665820994965345,0.2846715328467153,0.7153284671532847,274
calibration_ablation_per_model_temp_s2_e10,BCI_IV_2a,1,spatial_uncalibrated,max-prob,1.0,1.0,0.3383259734911185,0.2951388888888888,0.7048611111111112,288
calibration_ablation_per_model_temp_s2_e10,BCI_IV_2a,1,spatial_calibrated,max-prob,0.0520833333333333,0.05,0.9898819010923008,0.1333333333333333,0.8666666666666667,15
calibration_ablation_per_model_temp_s2_e10,BCI_IV_2a,1,spatial_calibrated,max-prob,0.1006944444444444,0.1,0.9585157258908285,0.1379310344827586,0.8620689655172413,29
calibration_ablation_per_model_temp_s2_e10,BCI_IV_2a,1,spatial_calibrated,max-prob,0.1527777777777778,0.15,0.9319588598292434,0.2727272727272727,0.7272727272727273,44
calibration_ablation_per_model_temp_s2_e10,BCI_IV_2a,1,spatial_calibrated,max-prob,0.2013888888888889,0.2,0.8768806848719208,0.2413793103448276,0.7586206896551724,58
calibration_ablation_per_model_temp_s2_e10,BCI_IV_2a,1,spatial_calibrated,max-prob,0.25,0.25,0.8261476243193129,0.25,0.75,72
calibration_ablation_per_model_temp_s2_e10,BCI_IV_2a,1,spatial_calibrated,max-prob,0.3020833333333333,0.3,0.7976073781041952,0.264367816091954,0.735632183908046,87
calibration_ablation_per_model_temp_s2_e10,BCI_IV_2a,1,spatial_calibrated,max-prob,0.3506944444444444,0.35,0.7431604951451627,0.2772277227722772,0.7227722772277227,101
calibration_ablation_per_model_temp_s2_e10,BCI_IV_2a,1,spatial_calibrated,max-prob,0.4027777777777778,0.4,0.716465346213511,0.2758620689655172,0.7241379310344828,116
calibration_ablation_per_model_temp_s2_e10,BCI_IV_2a,1,spatial_calibrated,max-prob,0.4513888888888889,0.45,0.6943864132445404,0.2538461538461538,0.7461538461538462,130
calibration_ablation_per_model_temp_s2_e10,BCI_IV_2a,1,spatial_calibrated,max-prob,0.5,0.5,0.6749251650126161,0.25,0.75,144
calibration_ablation_per_model_temp_s2_e10,BCI_IV_2a,1,spatial_calibrated,max-prob,0.5520833333333334,0.55,0.6444064777969206,0.2641509433962264,0.7358490566037735,159
calibration_ablation_per_model_temp_s2_e10,BCI_IV_2a,1,spatial_calibrated,max-prob,0.6006944444444444,0.6,0.6193450369455883,0.2601156069364162,0.7398843930635838,173
calibration_ablation_per_model_temp_s2_e10,BCI_IV_2a,1,spatial_calibrated,max-prob,0.6527777777777778,0.65,0.5977976621975247,0.2553191489361702,0.7446808510638298,188
calibration_ablation_per_model_temp_s2_e10,BCI_IV_2a,1,spatial_calibrated,max-prob,0.7013888888888888,0.7,0.5805543869208615,0.2425742574257425,0.7574257425742574,202
calibration_ablation_per_model_temp_s2_e10,BCI_IV_2a,1,spatial_calibrated,max-prob,0.75,0.75,0.5706256848798836,0.2592592592592593,0.7407407407407407,216
calibration_ablation_per_model_temp_s2_e10,BCI_IV_2a,1,spatial_calibrated,max-prob,0.8020833333333334,0.8,0.5598952664242393,0.2597402597402597,0.7402597402597403,231
calibration_ablation_per_model_temp_s2_e10,BCI_IV_2a,1,spatial_calibrated,max-prob,0.8506944444444444,0.85,0.5440624071284055,0.2612244897959184,0.7387755102040816,245
calibration_ablation_per_model_temp_s2_e10,BCI_IV_2a,1,spatial_calibrated,max-prob,0.9027777777777778,0.9,0.513864704142311,0.2807692307692307,0.7192307692307692,260
calibration_ablation_per_model_temp_s2_e10,BCI_IV_2a,1,spatial_calibrated,max-prob,0.9513888888888888,0.95,0.4822344325090585,0.2846715328467153,0.7153284671532847,274
calibration_ablation_per_model_temp_s2_e10,BCI_IV_2a,1,spatial_calibrated,max-prob,1.0,1.0,0.3456918209284207,0.2951388888888888,0.7048611111111112,288
calibration_ablation_per_model_temp_s2_e10,BCI_IV_2a,1,deep_ensemble_validation_weighted,max-prob,0.0520833333333333,0.05,0.9190237863879176,0.1999999999999999,0.8,15
calibration_ablation_per_model_temp_s2_e10,BCI_IV_2a,1,deep_ensemble_validation_weighted,max-prob,0.1006944444444444,0.1,0.8804526329785122,0.2068965517241379,0.7931034482758621,29
calibration_ablation_per_model_temp_s2_e10,BCI_IV_2a,1,deep_ensemble_validation_weighted,max-prob,0.1527777777777778,0.15,0.8509342513556257,0.2727272727272727,0.7272727272727273,44
calibration_ablation_per_model_temp_s2_e10,BCI_IV_2a,1,deep_ensemble_validation_weighted,max-prob,0.2013888888888889,0.2,0.7846955325230978,0.3275862068965517,0.6724137931034483,58
calibration_ablation_per_model_temp_s2_e10,BCI_IV_2a,1,deep_ensemble_validation_weighted,max-prob,0.25,0.25,0.7147636312489711,0.3194444444444444,0.6805555555555556,72
calibration_ablation_per_model_temp_s2_e10,BCI_IV_2a,1,deep_ensemble_validation_weighted,max-prob,0.3020833333333333,0.3,0.6740667034862121,0.2988505747126436,0.7011494252873564,87
calibration_ablation_per_model_temp_s2_e10,BCI_IV_2a,1,deep_ensemble_validation_weighted,max-prob,0.3506944444444444,0.35,0.6513943026231315,0.306930693069307,0.693069306930693,101
calibration_ablation_per_model_temp_s2_e10,BCI_IV_2a,1,deep_ensemble_validation_weighted,max-prob,0.4027777777777778,0.4,0.6200474896188232,0.2931034482758621,0.7068965517241379,116
calibration_ablation_per_model_temp_s2_e10,BCI_IV_2a,1,deep_ensemble_validation_weighted,max-prob,0.4513888888888889,0.45,0.602032507342561,0.2923076923076922,0.7076923076923077,130
calibration_ablation_per_model_temp_s2_e10,BCI_IV_2a,1,deep_ensemble_validation_weighted,max-prob,0.5,0.5,0.5808919230890024,0.2986111111111111,0.7013888888888888,144
calibration_ablation_per_model_temp_s2_e10,BCI_IV_2a,1,deep_ensemble_validation_weighted,max-prob,0.5520833333333334,0.55,0.5642778176482481,0.2955974842767296,0.7044025157232704,159
calibration_ablation_per_model_temp_s2_e10,BCI_IV_2a,1,deep_ensemble_validation_weighted,max-prob,0.6006944444444444,0.6,0.5535368062987323,0.2890173410404624,0.7109826589595376,173
calibration_ablation_per_model_temp_s2_e10,BCI_IV_2a,1,deep_ensemble_validation_weighted,max-prob,0.6527777777777778,0.65,0.5341737056125794,0.2925531914893616,0.7074468085106383,188
calibration_ablation_per_model_temp_s2_e10,BCI_IV_2a,1,deep_ensemble_validation_weighted,max-prob,0.7013888888888888,0.7,0.5214881721231451,0.2821782178217822,0.7178217821782178,202
calibration_ablation_per_model_temp_s2_e10,BCI_IV_2a,1,deep_ensemble_validation_weighted,max-prob,0.75,0.75,0.5130470684661184,0.3055555555555556,0.6944444444444444,216
calibration_ablation_per_model_temp_s2_e10,BCI_IV_2a,1,deep_ensemble_validation_weighted,max-prob,0.8020833333333334,0.8,0.5004858867660188,0.3116883116883117,0.6883116883116883,231
calibration_ablation_per_model_temp_s2_e10,BCI_IV_2a,1,deep_ensemble_validation_weighted,max-prob,0.8506944444444444,0.85,0.4906551658534208,0.310204081632653,0.689795918367347,245
calibration_ablation_per_model_temp_s2_e10,BCI_IV_2a,1,deep_ensemble_validation_weighted,max-prob,0.9027777777777778,0.9,0.4694926641836847,0.323076923076923,0.676923076923077,260
calibration_ablation_per_model_temp_s2_e10,BCI_IV_2a,1,deep_ensemble_validation_weighted,max-prob,0.9513888888888888,0.95,0.4281468709438255,0.3248175182481752,0.6751824817518248,274
calibration_ablation_per_model_temp_s2_e10,BCI_IV_2a,1,deep_ensemble_validation_weighted,max-prob,1.0,1.0,0.3178120733469586,0.3333333333333333,0.6666666666666666,288
calibration_ablation_per_model_temp_s2_e10,BCI_IV_2a,2,v1_lda,max-prob,0.0520833333333333,0.05,0.5980331876372637,0.1333333333333333,0.8666666666666667,15
calibration_ablation_per_model_temp_s2_e10,BCI_IV_2a,2,v1_lda,max-prob,0.1006944444444444,0.1,0.5876272899074868,0.3103448275862068,0.6896551724137931,29
calibration_ablation_per_model_temp_s2_e10,BCI_IV_2a,2,v1_lda,max-prob,0.1527777777777778,0.15,0.5810848606210667,0.4545454545454546,0.5454545454545454,44
calibration_ablation_per_model_temp_s2_e10,BCI_IV_2a,2,v1_lda,max-prob,0.2013888888888889,0.2,0.5760380219569335,0.396551724137931,0.603448275862069,58
calibration_ablation_per_model_temp_s2_e10,BCI_IV_2a,2,v1_lda,max-prob,0.25,0.25,0.5727519507645569,0.4444444444444444,0.5555555555555556,72
calibration_ablation_per_model_temp_s2_e10,BCI_IV_2a,2,v1_lda,max-prob,0.3020833333333333,0.3,0.5659209673269942,0.4712643678160919,0.5287356321839081,87
calibration_ablation_per_model_temp_s2_e10,BCI_IV_2a,2,v1_lda,max-prob,0.3506944444444444,0.35,0.5618577500943905,0.4851485148514851,0.5148514851485149,101
calibration_ablation_per_model_temp_s2_e10,BCI_IV_2a,2,v1_lda,max-prob,0.4027777777777778,0.4,0.5563305953738215,0.5258620689655172,0.4741379310344827,116
calibration_ablation_per_model_temp_s2_e10,BCI_IV_2a,2,v1_lda,max-prob,0.4513888888888889,0.45,0.5537083731977239,0.5692307692307692,0.4307692307692308,130
calibration_ablation_per_model_temp_s2_e10,BCI_IV_2a,2,v1_lda,max-prob,0.5,0.5,0.5495862589746021,0.5972222222222222,0.4027777777777778,144
calibration_ablation_per_model_temp_s2_e10,BCI_IV_2a,2,v1_lda,max-prob,0.5520833333333334,0.55,0.5437045517741088,0.6352201257861636,0.3647798742138364,159
calibration_ablation_per_model_temp_s2_e10,BCI_IV_2a,2,v1_lda,max-prob,0.6006944444444444,0.6,0.5384421341504679,0.653179190751445,0.3468208092485549,173
calibration_ablation_per_model_temp_s2_e10,BCI_IV_2a,2,v1_lda,max-prob,0.6527777777777778,0.65,0.5335056699725763,0.6542553191489362,0.3457446808510638,188
calibration_ablation_per_model_temp_s2_e10,BCI_IV_2a,2,v1_lda,max-prob,0.7013888888888888,0.7,0.5288197433699675,0.6633663366336633,0.3366336633663366,202
calibration_ablation_per_model_temp_s2_e10,BCI_IV_2a,2,v1_lda,max-prob,0.75,0.75,0.5220891082151187,0.6805555555555556,0.3194444444444444,216
calibration_ablation_per_model_temp_s2_e10,BCI_IV_2a,2,v1_lda,max-prob,0.8020833333333334,0.8,0.5136545545131977,0.6926406926406927,0.3073593073593073,231
calibration_ablation_per_model_temp_s2_e10,BCI_IV_2a,2,v1_lda,max-prob,0.8506944444444444,0.85,0.5063995959180524,0.7102040816326531,0.2897959183673469,245
calibration_ablation_per_model_temp_s2_e10,BCI_IV_2a,2,v1_lda,max-prob,0.9027777777777778,0.9,0.4945668868791406,0.7230769230769231,0.2769230769230769,260
calibration_ablation_per_model_temp_s2_e10,BCI_IV_2a,2,v1_lda,max-prob,0.9513888888888888,0.95,0.4817394508599792,0.7372262773722628,0.2627737226277372,274
calibration_ablation_per_model_temp_s2_e10,BCI_IV_2a,2,v1_lda,max-prob,1.0,1.0,0.4466662721267816,0.75,0.25,288
calibration_ablation_per_model_temp_s2_e10,BCI_IV_2a,2,eegnet_uncalibrated,max-prob,0.0520833333333333,0.05,0.3277894417159313,0.2666666666666667,0.7333333333333333,15
calibration_ablation_per_model_temp_s2_e10,BCI_IV_2a,2,eegnet_uncalibrated,max-prob,0.1006944444444444,0.1,0.3059055166948736,0.4482758620689655,0.5517241379310345,29
calibration_ablation_per_model_temp_s2_e10,BCI_IV_2a,2,eegnet_uncalibrated,max-prob,0.1527777777777778,0.15,0.2976308774901914,0.4318181818181817,0.5681818181818182,44
calibration_ablation_per_model_temp_s2_e10,BCI_IV_2a,2,eegnet_uncalibrated,max-prob,0.2013888888888889,0.2,0.2952385449915148,0.4482758620689655,0.5517241379310345,58
calibration_ablation_per_model_temp_s2_e10,BCI_IV_2a,2,eegnet_uncalibrated,max-prob,0.25,0.25,0.290655550687702,0.4305555555555556,0.5694444444444444,72
calibration_ablation_per_model_temp_s2_e10,BCI_IV_2a,2,eegnet_uncalibrated,max-prob,0.3020833333333333,0.3,0.2885819107944581,0.4597701149425287,0.5402298850574713,87
calibration_ablation_per_model_temp_s2_e10,BCI_IV_2a,2,eegnet_uncalibrated,max-prob,0.3506944444444444,0.35,0.2864313050908295,0.4752475247524752,0.5247524752475248,101
calibration_ablation_per_model_temp_s2_e10,BCI_IV_2a,2,eegnet_uncalibrated,max-prob,0.4027777777777778,0.4,0.2841862731583606,0.5258620689655172,0.4741379310344827,116
calibration_ablation_per_model_temp_s2_e10,BCI_IV_2a,2,eegnet_uncalibrated,max-prob,0.4513888888888889,0.45,0.2823535839178654,0.5384615384615384,0.4615384615384615,130
calibration_ablation_per_model_temp_s2_e10,BCI_IV_2a,2,eegnet_uncalibrated,max-prob,0.5,0.5,0.2802465817664117,0.5069444444444444,0.4930555555555556,144
calibration_ablation_per_model_temp_s2_e10,BCI_IV_2a,2,eegnet_uncalibrated,max-prob,0.5520833333333334,0.55,0.278360030577823,0.5094339622641509,0.490566037735849,159
calibration_ablation_per_model_temp_s2_e10,BCI_IV_2a,2,eegnet_uncalibrated,max-prob,0.6006944444444444,0.6,0.2769212413406928,0.5202312138728324,0.4797687861271676,173
calibration_ablation_per_model_temp_s2_e10,BCI_IV_2a,2,eegnet_uncalibrated,max-prob,0.6527777777777778,0.65,0.2748615242426395,0.5265957446808511,0.4734042553191489,188
calibration_ablation_per_model_temp_s2_e10,BCI_IV_2a,2,eegnet_uncalibrated,max-prob,0.7013888888888888,0.7,0.2730949786325422,0.5396039603960396,0.4603960396039604,202
calibration_ablation_per_model_temp_s2_e10,BCI_IV_2a,2,eegnet_uncalibrated,max-prob,0.75,0.75,0.2712591597131521,0.5509259259259259,0.449074074074074,216
calibration_ablation_per_model_temp_s2_e10,BCI_IV_2a,2,eegnet_uncalibrated,max-prob,0.8020833333333334,0.8,0.2697755492084184,0.5584415584415585,0.4415584415584415,231
calibration_ablation_per_model_temp_s2_e10,BCI_IV_2a,2,eegnet_uncalibrated,max-prob,0.8506944444444444,0.85,0.2668079306839687,0.5755102040816327,0.4244897959183673,245
calibration_ablation_per_model_temp_s2_e10,BCI_IV_2a,2,eegnet_uncalibrated,max-prob,0.9027777777777778,0.9,0.2639617176871463,0.5923076923076923,0.4076923076923077,260
calibration_ablation_per_model_temp_s2_e10,BCI_IV_2a,2,eegnet_uncalibrated,max-prob,0.9513888888888888,0.95,0.2595124221397756,0.6021897810218978,0.3978102189781022,274
calibration_ablation_per_model_temp_s2_e10,BCI_IV_2a,2,eegnet_uncalibrated,max-prob,1.0,1.0,0.25432728778801,0.6076388888888888,0.3923611111111111,288
calibration_ablation_per_model_temp_s2_e10,BCI_IV_2a,2,eegnet_calibrated,max-prob,0.0520833333333333,0.05,0.3597668564988019,0.2666666666666667,0.7333333333333333,15
calibration_ablation_per_model_temp_s2_e10,BCI_IV_2a,2,eegnet_calibrated,max-prob,0.1006944444444444,0.1,0.3288472421216681,0.4482758620689655,0.5517241379310345,29
calibration_ablation_per_model_temp_s2_e10,BCI_IV_2a,2,eegnet_calibrated,max-prob,0.1527777777777778,0.15,0.3176829061556233,0.4318181818181817,0.5681818181818182,44
calibration_ablation_per_model_temp_s2_e10,BCI_IV_2a,2,eegnet_calibrated,max-prob,0.2013888888888889,0.2,0.3136294242706286,0.4482758620689655,0.5517241379310345,58
calibration_ablation_per_model_temp_s2_e10,BCI_IV_2a,2,eegnet_calibrated,max-prob,0.25,0.25,0.3071119413204308,0.4583333333333333,0.5416666666666666,72
calibration_ablation_per_model_temp_s2_e10,BCI_IV_2a,2,eegnet_calibrated,max-prob,0.3020833333333333,0.3,0.3042451195962262,0.4597701149425287,0.5402298850574713,87
calibration_ablation_per_model_temp_s2_e10,BCI_IV_2a,2,eegnet_calibrated,max-prob,0.3506944444444444,0.35,0.3010727064787372,0.4851485148514851,0.5148514851485149,101
calibration_ablation_per_model_temp_s2_e10,BCI_IV_2a,2,eegnet_calibrated,max-prob,0.4027777777777778,0.4,0.2979120014681708,0.5344827586206897,0.4655172413793103,116
calibration_ablation_per_model_temp_s2_e10,BCI_IV_2a,2,eegnet_calibrated,max-prob,0.4513888888888889,0.45,0.2953992099665798,0.5384615384615384,0.4615384615384615,130
calibration_ablation_per_model_temp_s2_e10,BCI_IV_2a,2,eegnet_calibrated,max-prob,0.5,0.5,0.2917978687038409,0.5069444444444444,0.4930555555555556,144
calibration_ablation_per_model_temp_s2_e10,BCI_IV_2a,2,eegnet_calibrated,max-prob,0.5520833333333334,0.55,0.2896246500220766,0.5094339622641509,0.490566037735849,159
calibration_ablation_per_model_temp_s2_e10,BCI_IV_2a,2,eegnet_calibrated,max-prob,0.6006944444444444,0.6,0.2879311809475833,0.5144508670520231,0.4855491329479768,173
calibration_ablation_per_model_temp_s2_e10,BCI_IV_2a,2,eegnet_calibrated,max-prob,0.6527777777777778,0.65,0.2847070203702968,0.5265957446808511,0.4734042553191489,188
calibration_ablation_per_model_temp_s2_e10,BCI_IV_2a,2,eegnet_calibrated,max-prob,0.7013888888888888,0.7,0.2818395726743943,0.5396039603960396,0.4603960396039604,202
calibration_ablation_per_model_temp_s2_e10,BCI_IV_2a,2,eegnet_calibrated,max-prob,0.75,0.75,0.2796472980006745,0.5509259259259259,0.449074074074074,216
calibration_ablation_per_model_temp_s2_e10,BCI_IV_2a,2,eegnet_calibrated,max-prob,0.8020833333333334,0.8,0.2777415251352045,0.5584415584415585,0.4415584415584415,231
calibration_ablation_per_model_temp_s2_e10,BCI_IV_2a,2,eegnet_calibrated,max-prob,0.8506944444444444,0.85,0.2735660319684416,0.5755102040816327,0.4244897959183673,245
calibration_ablation_per_model_temp_s2_e10,BCI_IV_2a,2,eegnet_calibrated,max-prob,0.9027777777777778,0.9,0.2692394043957732,0.5923076923076923,0.4076923076923077,260
calibration_ablation_per_model_temp_s2_e10,BCI_IV_2a,2,eegnet_calibrated,max-prob,0.9513888888888888,0.95,0.2633367759364828,0.6021897810218978,0.3978102189781022,274
calibration_ablation_per_model_temp_s2_e10,BCI_IV_2a,2,eegnet_calibrated,max-prob,1.0,1.0,0.2560371550100144,0.6076388888888888,0.3923611111111111,288
calibration_ablation_per_model_temp_s2_e10,BCI_IV_2a,2,spatial_uncalibrated,max-prob,0.0520833333333333,0.05,0.995414336150606,0.0666666666666666,0.9333333333333332,15
calibration_ablation_per_model_temp_s2_e10,BCI_IV_2a,2,spatial_uncalibrated,max-prob,0.1006944444444444,0.1,0.9813068009400748,0.0344827586206896,0.9655172413793104,29
calibration_ablation_per_model_temp_s2_e10,BCI_IV_2a,2,spatial_uncalibrated,max-prob,0.1527777777777778,0.15,0.9585271818366085,0.0909090909090909,0.9090909090909092,44
calibration_ablation_per_model_temp_s2_e10,BCI_IV_2a,2,spatial_uncalibrated,max-prob,0.2013888888888889,0.2,0.85302967764804,0.1379310344827586,0.8620689655172413,58
calibration_ablation_per_model_temp_s2_e10,BCI_IV_2a,2,spatial_uncalibrated,max-prob,0.25,0.25,0.6782778090628674,0.1527777777777778,0.8472222222222222,72
calibration_ablation_per_model_temp_s2_e10,BCI_IV_2a,2,spatial_uncalibrated,max-prob,0.3020833333333333,0.3,0.6259422361246093,0.2068965517241379,0.7931034482758621,87
calibration_ablation_per_model_temp_s2_e10,BCI_IV_2a,2,spatial_uncalibrated,max-prob,0.3506944444444444,0.35,0.574480275744344,0.2574257425742574,0.7425742574257426,101
calibration_ablation_per_model_temp_s2_e10,BCI_IV_2a,2,spatial_uncalibrated,max-prob,0.4027777777777778,0.4,0.5369267044376659,0.2672413793103448,0.7327586206896551,116
calibration_ablation_per_model_temp_s2_e10,BCI_IV_2a,2,spatial_uncalibrated,max-prob,0.4513888888888889,0.45,0.5140990461672976,0.3076923076923077,0.6923076923076923,130
calibration_ablation_per_model_temp_s2_e10,BCI_IV_2a,2,spatial_uncalibrated,max-prob,0.5,0.5,0.4891788736780907,0.3333333333333333,0.6666666666666666,144
calibration_ablation_per_model_temp_s2_e10,BCI_IV_2a,2,spatial_uncalibrated,max-prob,0.5520833333333334,0.55,0.4725622019231691,0.3647798742138365,0.6352201257861635,159
calibration_ablation_per_model_temp_s2_e10,BCI_IV_2a,2,spatial_uncalibrated,max-prob,0.6006944444444444,0.6,0.4618189738378006,0.3641618497109826,0.6358381502890174,173
calibration_ablation_per_model_temp_s2_e10,BCI_IV_2a,2,spatial_uncalibrated,max-prob,0.6527777777777778,0.65,0.4473127218017048,0.3723404255319149,0.6276595744680851,188
calibration_ablation_per_model_temp_s2_e10,BCI_IV_2a,2,spatial_uncalibrated,max-prob,0.7013888888888888,0.7,0.4331313716876735,0.3861386138613861,0.6138613861386139,202
calibration_ablation_per_model_temp_s2_e10,BCI_IV_2a,2,spatial_uncalibrated,max-prob,0.75,0.75,0.419045258513972,0.3842592592592593,0.6157407407407407,216
calibration_ablation_per_model_temp_s2_e10,BCI_IV_2a,2,spatial_uncalibrated,max-prob,0.8020833333333334,0.8,0.4068285281952788,0.4025974025974026,0.5974025974025974,231
calibration_ablation_per_model_temp_s2_e10,BCI_IV_2a,2,spatial_uncalibrated,max-prob,0.8506944444444444,0.85,0.3942079712957334,0.4122448979591836,0.5877551020408164,245
calibration_ablation_per_model_temp_s2_e10,BCI_IV_2a,2,spatial_uncalibrated,max-prob,0.9027777777777778,0.9,0.3827745471361243,0.4192307692307692,0.5807692307692308,260
calibration_ablation_per_model_temp_s2_e10,BCI_IV_2a,2,spatial_uncalibrated,max-prob,0.9513888888888888,0.95,0.3634060870356668,0.4197080291970803,0.5802919708029197,274
calibration_ablation_per_model_temp_s2_e10,BCI_IV_2a,2,spatial_uncalibrated,max-prob,1.0,1.0,0.2638861091868201,0.4409722222222222,0.5590277777777778,288
calibration_ablation_per_model_temp_s2_e10,BCI_IV_2a,2,spatial_calibrated,max-prob,0.0520833333333333,0.05,0.9785509346415538,0.0666666666666666,0.9333333333333332,15
calibration_ablation_per_model_temp_s2_e10,BCI_IV_2a,2,spatial_calibrated,max-prob,0.1006944444444444,0.1,0.93934963854995,0.0689655172413793,0.9310344827586208,29
calibration_ablation_per_model_temp_s2_e10,BCI_IV_2a,2,spatial_calibrated,max-prob,0.1527777777777778,0.15,0.89269474854208,0.0909090909090909,0.9090909090909092,44
calibration_ablation_per_model_temp_s2_e10,BCI_IV_2a,2,spatial_calibrated,max-prob,0.2013888888888889,0.2,0.7623628963139552,0.1379310344827586,0.8620689655172413,58
calibration_ablation_per_model_temp_s2_e10,BCI_IV_2a,2,spatial_calibrated,max-prob,0.25,0.25,0.5789437853813211,0.1666666666666666,0.8333333333333334,72
calibration_ablation_per_model_temp_s2_e10,BCI_IV_2a,2,spatial_calibrated,max-prob,0.3020833333333333,0.3,0.5379801636799704,0.2183908045977011,0.7816091954022989,87
calibration_ablation_per_model_temp_s2_e10,BCI_IV_2a,2,spatial_calibrated,max-prob,0.3506944444444444,0.35,0.5012657213278813,0.2574257425742574,0.7425742574257426,101
calibration_ablation_per_model_temp_s2_e10,BCI_IV_2a,2,spatial_calibrated,max-prob,0.4027777777777778,0.4,0.475161361944489,0.2672413793103448,0.7327586206896551,116
calibration_ablation_per_model_temp_s2_e10,BCI_IV_2a,2,spatial_calibrated,max-prob,0.4513888888888889,0.45,0.4548248026265331,0.3,0.7,130
calibration_ablation_per_model_temp_s2_e10,BCI_IV_2a,2,spatial_calibrated,max-prob,0.5,0.5,0.4397359699158195,0.3402777777777778,0.6597222222222222,144
calibration_ablation_per_model_temp_s2_e10,BCI_IV_2a,2,spatial_calibrated,max-prob,0.5520833333333334,0.55,0.4266798671617862,0.3522012578616352,0.6477987421383647,159
calibration_ablation_per_model_temp_s2_e10,BCI_IV_2a,2,spatial_calibrated,max-prob,0.6006944444444444,0.6,0.4169113040272102,0.3583815028901734,0.6416184971098265,173
calibration_ablation_per_model_temp_s2_e10,BCI_IV_2a,2,spatial_calibrated,max-prob,0.6527777777777778,0.65,0.4042703215447766,0.377659574468085,0.6223404255319149,188
calibration_ablation_per_model_temp_s2_e10,BCI_IV_2a,2,spatial_calibrated,max-prob,0.7013888888888888,0.7,0.3946481064483301,0.3910891089108911,0.6089108910891089,202
calibration_ablation_per_model_temp_s2_e10,BCI_IV_2a,2,spatial_calibrated,max-prob,0.75,0.75,0.3886520527730425,0.3842592592592593,0.6157407407407407,216
calibration_ablation_per_model_temp_s2_e10,BCI_IV_2a,2,spatial_calibrated,max-prob,0.8020833333333334,0.8,0.3784403130994789,0.3896103896103896,0.6103896103896104,231
calibration_ablation_per_model_temp_s2_e10,BCI_IV_2a,2,spatial_calibrated,max-prob,0.8506944444444444,0.85,0.3664274572341513,0.4081632653061224,0.5918367346938775,245
calibration_ablation_per_model_temp_s2_e10,BCI_IV_2a,2,spatial_calibrated,max-prob,0.9027777777777778,0.9,0.3556737532200409,0.4230769230769231,0.5769230769230769,260
calibration_ablation_per_model_temp_s2_e10,BCI_IV_2a,2,spatial_calibrated,max-prob,0.9513888888888888,0.95,0.3373504831834392,0.4233576642335767,0.5766423357664233,274
calibration_ablation_per_model_temp_s2_e10,BCI_IV_2a,2,spatial_calibrated,max-prob,1.0,1.0,0.2604291928759313,0.4409722222222222,0.5590277777777778,288
calibration_ablation_per_model_temp_s2_e10,BCI_IV_2a,2,deep_ensemble_validation_weighted,max-prob,0.0520833333333333,0.05,0.686823622747103,0.1333333333333333,0.8666666666666667,15
calibration_ablation_per_model_temp_s2_e10,BCI_IV_2a,2,deep_ensemble_validation_weighted,max-prob,0.1006944444444444,0.1,0.6571323344098389,0.0689655172413793,0.9310344827586208,29
calibration_ablation_per_model_temp_s2_e10,BCI_IV_2a,2,deep_ensemble_validation_weighted,max-prob,0.1527777777777778,0.15,0.6146054999445971,0.0909090909090909,0.9090909090909092,44
calibration_ablation_per_model_temp_s2_e10,BCI_IV_2a,2,deep_ensemble_validation_weighted,max-prob,0.2013888888888889,0.2,0.5444915418658123,0.1206896551724138,0.8793103448275862,58
calibration_ablation_per_model_temp_s2_e10,BCI_IV_2a,2,deep_ensemble_validation_weighted,max-prob,0.25,0.25,0.4425396828417033,0.1944444444444444,0.8055555555555556,72
calibration_ablation_per_model_temp_s2_e10,BCI_IV_2a,2,deep_ensemble_validation_weighted,max-prob,0.3020833333333333,0.3,0.4168646456654644,0.2068965517241379,0.7931034482758621,87
calibration_ablation_per_model_temp_s2_e10,BCI_IV_2a,2,deep_ensemble_validation_weighted,max-prob,0.3506944444444444,0.35,0.3955980140482673,0.2574257425742574,0.7425742574257426,101
calibration_ablation_per_model_temp_s2_e10,BCI_IV_2a,2,deep_ensemble_validation_weighted,max-prob,0.4027777777777778,0.4,0.3836728156920474,0.2758620689655172,0.7241379310344828,116
calibration_ablation_per_model_temp_s2_e10,BCI_IV_2a,2,deep_ensemble_validation_weighted,max-prob,0.4513888888888889,0.45,0.3737051018772393,0.2923076923076922,0.7076923076923077,130
calibration_ablation_per_model_temp_s2_e10,BCI_IV_2a,2,deep_ensemble_validation_weighted,max-prob,0.5,0.5,0.3659470344286627,0.3055555555555556,0.6944444444444444,144
calibration_ablation_per_model_temp_s2_e10,BCI_IV_2a,2,deep_ensemble_validation_weighted,max-prob,0.5520833333333334,0.55,0.3576593372654828,0.3333333333333333,0.6666666666666666,159
calibration_ablation_per_model_temp_s2_e10,BCI_IV_2a,2,deep_ensemble_validation_weighted,max-prob,0.6006944444444444,0.6,0.3501032374973284,0.3583815028901734,0.6416184971098265,173
calibration_ablation_per_model_temp_s2_e10,BCI_IV_2a,2,deep_ensemble_validation_weighted,max-prob,0.6527777777777778,0.65,0.3442958490828237,0.3723404255319149,0.6276595744680851,188
calibration_ablation_per_model_temp_s2_e10,BCI_IV_2a,2,deep_ensemble_validation_weighted,max-prob,0.7013888888888888,0.7,0.3397982220314626,0.3712871287128713,0.6287128712871287,202
calibration_ablation_per_model_temp_s2_e10,BCI_IV_2a,2,deep_ensemble_validation_weighted,max-prob,0.75,0.75,0.3361839432154421,0.3842592592592593,0.6157407407407407,216
calibration_ablation_per_model_temp_s2_e10,BCI_IV_2a,2,deep_ensemble_validation_weighted,max-prob,0.8020833333333334,0.8,0.3292810271549786,0.4155844155844156,0.5844155844155844,231
calibration_ablation_per_model_temp_s2_e10,BCI_IV_2a,2,deep_ensemble_validation_weighted,max-prob,0.8506944444444444,0.85,0.3207521878285612,0.4204081632653061,0.5795918367346938,245
calibration_ablation_per_model_temp_s2_e10,BCI_IV_2a,2,deep_ensemble_validation_weighted,max-prob,0.9027777777777778,0.9,0.3145230631306157,0.4230769230769231,0.5769230769230769,260
calibration_ablation_per_model_temp_s2_e10,BCI_IV_2a,2,deep_ensemble_validation_weighted,max-prob,0.9513888888888888,0.95,0.3040880909799245,0.437956204379562,0.5620437956204379,274
calibration_ablation_per_model_temp_s2_e10,BCI_IV_2a,2,deep_ensemble_validation_weighted,max-prob,1.0,1.0,0.2710587437017193,0.4479166666666666,0.5520833333333334,288
calibration_ablation_no_temp_s2_e10,BCI_IV_2a,1,v1_lda,max-prob,0.0520833333333333,0.05,0.8011724597892723,0.0,1.0,15
calibration_ablation_no_temp_s2_e10,BCI_IV_2a,1,v1_lda,max-prob,0.1006944444444444,0.1,0.7577859532135622,0.0,1.0,29
calibration_ablation_no_temp_s2_e10,BCI_IV_2a,1,v1_lda,max-prob,0.1527777777777778,0.15,0.721874611208103,0.0,1.0,44
calibration_ablation_no_temp_s2_e10,BCI_IV_2a,1,v1_lda,max-prob,0.2013888888888889,0.2,0.6871921054216277,0.0172413793103448,0.9827586206896552,58
calibration_ablation_no_temp_s2_e10,BCI_IV_2a,1,v1_lda,max-prob,0.25,0.25,0.671511757102034,0.0416666666666666,0.9583333333333334,72
calibration_ablation_no_temp_s2_e10,BCI_IV_2a,1,v1_lda,max-prob,0.3020833333333333,0.3,0.6543861507168381,0.0574712643678161,0.942528735632184,87
calibration_ablation_no_temp_s2_e10,BCI_IV_2a,1,v1_lda,max-prob,0.3506944444444444,0.35,0.6289424608012316,0.0990099009900989,0.900990099009901,101
calibration_ablation_no_temp_s2_e10,BCI_IV_2a,1,v1_lda,max-prob,0.4027777777777778,0.4,0.6115054851370199,0.1379310344827586,0.8620689655172413,116
calibration_ablation_no_temp_s2_e10,BCI_IV_2a,1,v1_lda,max-prob,0.4513888888888889,0.45,0.5957536161343504,0.1384615384615384,0.8615384615384616,130
calibration_ablation_no_temp_s2_e10,BCI_IV_2a,1,v1_lda,max-prob,0.5,0.5,0.5674643872790243,0.1319444444444444,0.8680555555555556,144
calibration_ablation_no_temp_s2_e10,BCI_IV_2a,1,v1_lda,max-prob,0.5520833333333334,0.55,0.5497576949091904,0.150943396226415,0.8490566037735849,159
calibration_ablation_no_temp_s2_e10,BCI_IV_2a,1,v1_lda,max-prob,0.6006944444444444,0.6,0.5210926359441823,0.1560693641618497,0.8439306358381503,173
calibration_ablation_no_temp_s2_e10,BCI_IV_2a,1,v1_lda,max-prob,0.6527777777777778,0.65,0.503482757348264,0.1595744680851063,0.8404255319148937,188
calibration_ablation_no_temp_s2_e10,BCI_IV_2a,1,v1_lda,max-prob,0.7013888888888888,0.7,0.4956762862076762,0.1732673267326733,0.8267326732673267,202
calibration_ablation_no_temp_s2_e10,BCI_IV_2a,1,v1_lda,max-prob,0.75,0.75,0.4800086783861479,0.1805555555555555,0.8194444444444444,216
calibration_ablation_no_temp_s2_e10,BCI_IV_2a,1,v1_lda,max-prob,0.8020833333333334,0.8,0.4632013800394881,0.1991341991341991,0.8008658008658008,231
calibration_ablation_no_temp_s2_e10,BCI_IV_2a,1,v1_lda,max-prob,0.8506944444444444,0.85,0.440340650969616,0.2204081632653061,0.7795918367346939,245
calibration_ablation_no_temp_s2_e10,BCI_IV_2a,1,v1_lda,max-prob,0.9027777777777778,0.9,0.4160886315981008,0.2307692307692307,0.7692307692307693,260
calibration_ablation_no_temp_s2_e10,BCI_IV_2a,1,v1_lda,max-prob,0.9513888888888888,0.95,0.3721090162249319,0.2445255474452554,0.7554744525547445,274
calibration_ablation_no_temp_s2_e10,BCI_IV_2a,1,v1_lda,max-prob,1.0,1.0,0.2828625676731469,0.2743055555555556,0.7256944444444444,288
calibration_ablation_no_temp_s2_e10,BCI_IV_2a,1,eegnet_uncalibrated,max-prob,0.0520833333333333,0.05,0.7199247500127398,0.2666666666666667,0.7333333333333333,15
calibration_ablation_no_temp_s2_e10,BCI_IV_2a,1,eegnet_uncalibrated,max-prob,0.1006944444444444,0.1,0.6546298223582708,0.3103448275862068,0.6896551724137931,29
calibration_ablation_no_temp_s2_e10,BCI_IV_2a,1,eegnet_uncalibrated,max-prob,0.1527777777777778,0.15,0.6089116700998037,0.2954545454545454,0.7045454545454546,44
calibration_ablation_no_temp_s2_e10,BCI_IV_2a,1,eegnet_uncalibrated,max-prob,0.2013888888888889,0.2,0.5726679665810263,0.3620689655172413,0.6379310344827587,58
calibration_ablation_no_temp_s2_e10,BCI_IV_2a,1,eegnet_uncalibrated,max-prob,0.25,0.25,0.536711252049444,0.4027777777777778,0.5972222222222222,72
calibration_ablation_no_temp_s2_e10,BCI_IV_2a,1,eegnet_uncalibrated,max-prob,0.3020833333333333,0.3,0.5071036765826524,0.4252873563218391,0.5747126436781609,87
calibration_ablation_no_temp_s2_e10,BCI_IV_2a,1,eegnet_uncalibrated,max-prob,0.3506944444444444,0.35,0.4768137409926933,0.4554455445544554,0.5445544554455446,101
calibration_ablation_no_temp_s2_e10,BCI_IV_2a,1,eegnet_uncalibrated,max-prob,0.4027777777777778,0.4,0.4491206591784112,0.4913793103448276,0.5086206896551724,116
calibration_ablation_no_temp_s2_e10,BCI_IV_2a,1,eegnet_uncalibrated,max-prob,0.4513888888888889,0.45,0.4341908959109534,0.4923076923076923,0.5076923076923077,130
calibration_ablation_no_temp_s2_e10,BCI_IV_2a,1,eegnet_uncalibrated,max-prob,0.5,0.5,0.4212905460103515,0.4930555555555556,0.5069444444444444,144
calibration_ablation_no_temp_s2_e10,BCI_IV_2a,1,eegnet_uncalibrated,max-prob,0.5520833333333334,0.55,0.4118886573074226,0.5094339622641509,0.490566037735849,159
calibration_ablation_no_temp_s2_e10,BCI_IV_2a,1,eegnet_uncalibrated,max-prob,0.6006944444444444,0.6,0.4036849834805389,0.4971098265895953,0.5028901734104047,173
calibration_ablation_no_temp_s2_e10,BCI_IV_2a,1,eegnet_uncalibrated,max-prob,0.6527777777777778,0.65,0.38774478888576,0.4946808510638297,0.5053191489361702,188
calibration_ablation_no_temp_s2_e10,BCI_IV_2a,1,eegnet_uncalibrated,max-prob,0.7013888888888888,0.7,0.3811245841776233,0.504950495049505,0.495049504950495,202
calibration_ablation_no_temp_s2_e10,BCI_IV_2a,1,eegnet_uncalibrated,max-prob,0.75,0.75,0.3721824985090118,0.5046296296296297,0.4953703703703703,216
calibration_ablation_no_temp_s2_e10,BCI_IV_2a,1,eegnet_uncalibrated,max-prob,0.8020833333333334,0.8,0.3548824567747541,0.4891774891774891,0.5108225108225108,231
calibration_ablation_no_temp_s2_e10,BCI_IV_2a,1,eegnet_uncalibrated,max-prob,0.8506944444444444,0.85,0.3346351525306852,0.5061224489795919,0.4938775510204081,245
calibration_ablation_no_temp_s2_e10,BCI_IV_2a,1,eegnet_uncalibrated,max-prob,0.9027777777777778,0.9,0.3144777229142709,0.5076923076923077,0.4923076923076923,260
calibration_ablation_no_temp_s2_e10,BCI_IV_2a,1,eegnet_uncalibrated,max-prob,0.9513888888888888,0.95,0.2923367884102153,0.5145985401459854,0.4854014598540146,274
calibration_ablation_no_temp_s2_e10,BCI_IV_2a,1,eegnet_uncalibrated,max-prob,1.0,1.0,0.2627376428371953,0.53125,0.46875,288
calibration_ablation_no_temp_s2_e10,BCI_IV_2a,1,spatial_uncalibrated,max-prob,0.0520833333333333,0.05,0.9820562344243134,0.1333333333333333,0.8666666666666667,15
calibration_ablation_no_temp_s2_e10,BCI_IV_2a,1,spatial_uncalibrated,max-prob,0.1006944444444444,0.1,0.9396636865513808,0.1379310344827586,0.8620689655172413,29
calibration_ablation_no_temp_s2_e10,BCI_IV_2a,1,spatial_uncalibrated,max-prob,0.1527777777777778,0.15,0.9060798671397008,0.2727272727272727,0.7272727272727273,44
calibration_ablation_no_temp_s2_e10,BCI_IV_2a,1,spatial_uncalibrated,max-prob,0.2013888888888889,0.2,0.8459346080936734,0.2413793103448276,0.7586206896551724,58
calibration_ablation_no_temp_s2_e10,BCI_IV_2a,1,spatial_uncalibrated,max-prob,0.25,0.25,0.7886142578599205,0.2638888888888888,0.7361111111111112,72
calibration_ablation_no_temp_s2_e10,BCI_IV_2a,1,spatial_uncalibrated,max-prob,0.3020833333333333,0.3,0.7554238627060247,0.264367816091954,0.735632183908046,87
calibration_ablation_no_temp_s2_e10,BCI_IV_2a,1,spatial_uncalibrated,max-prob,0.3506944444444444,0.35,0.7092693565630024,0.2772277227722772,0.7227722772277227,101
calibration_ablation_no_temp_s2_e10,BCI_IV_2a,1,spatial_uncalibrated,max-prob,0.4027777777777778,0.4,0.6826042484271346,0.2758620689655172,0.7241379310344828,116
calibration_ablation_no_temp_s2_e10,BCI_IV_2a,1,spatial_uncalibrated,max-prob,0.4513888888888889,0.45,0.6621310323853937,0.2538461538461538,0.7461538461538462,130
calibration_ablation_no_temp_s2_e10,BCI_IV_2a,1,spatial_uncalibrated,max-prob,0.5,0.5,0.641545693790258,0.2638888888888888,0.7361111111111112,144
calibration_ablation_no_temp_s2_e10,BCI_IV_2a,1,spatial_uncalibrated,max-prob,0.5520833333333334,0.55,0.6207898329988736,0.2704402515723271,0.7295597484276729,159
calibration_ablation_no_temp_s2_e10,BCI_IV_2a,1,spatial_uncalibrated,max-prob,0.6006944444444444,0.6,0.592385024582769,0.2543352601156069,0.7456647398843931,173
calibration_ablation_no_temp_s2_e10,BCI_IV_2a,1,spatial_uncalibrated,max-prob,0.6527777777777778,0.65,0.5703576049171994,0.2553191489361702,0.7446808510638298,188
calibration_ablation_no_temp_s2_e10,BCI_IV_2a,1,spatial_uncalibrated,max-prob,0.7013888888888888,0.7,0.5602840411600657,0.2574257425742574,0.7425742574257426,202
calibration_ablation_no_temp_s2_e10,BCI_IV_2a,1,spatial_uncalibrated,max-prob,0.75,0.75,0.5496166288854795,0.2592592592592593,0.7407407407407407,216
calibration_ablation_no_temp_s2_e10,BCI_IV_2a,1,spatial_uncalibrated,max-prob,0.8020833333333334,0.8,0.5374121373969962,0.2727272727272727,0.7272727272727273,231
calibration_ablation_no_temp_s2_e10,BCI_IV_2a,1,spatial_uncalibrated,max-prob,0.8506944444444444,0.85,0.5274656674793187,0.273469387755102,0.726530612244898,245
calibration_ablation_no_temp_s2_e10,BCI_IV_2a,1,spatial_uncalibrated,max-prob,0.9027777777777778,0.9,0.5019991538137927,0.2769230769230769,0.7230769230769231,260
calibration_ablation_no_temp_s2_e10,BCI_IV_2a,1,spatial_uncalibrated,max-prob,0.9513888888888888,0.95,0.4665820994965345,0.2846715328467153,0.7153284671532847,274
calibration_ablation_no_temp_s2_e10,BCI_IV_2a,1,spatial_uncalibrated,max-prob,1.0,1.0,0.3383259734911185,0.2951388888888888,0.7048611111111112,288
calibration_ablation_no_temp_s2_e10,BCI_IV_2a,1,deep_ensemble_validation_weighted,max-prob,0.0520833333333333,0.05,0.8583592175539202,0.1333333333333333,0.8666666666666667,15
calibration_ablation_no_temp_s2_e10,BCI_IV_2a,1,deep_ensemble_validation_weighted,max-prob,0.1006944444444444,0.1,0.8330072863347161,0.2068965517241379,0.7931034482758621,29
calibration_ablation_no_temp_s2_e10,BCI_IV_2a,1,deep_ensemble_validation_weighted,max-prob,0.1527777777777778,0.15,0.7942631858921255,0.25,0.75,44
calibration_ablation_no_temp_s2_e10,BCI_IV_2a,1,deep_ensemble_validation_weighted,max-prob,0.2013888888888889,0.2,0.7311971390527765,0.2931034482758621,0.7068965517241379,58
calibration_ablation_no_temp_s2_e10,BCI_IV_2a,1,deep_ensemble_validation_weighted,max-prob,0.25,0.25,0.6548354807940718,0.3055555555555556,0.6944444444444444,72
calibration_ablation_no_temp_s2_e10,BCI_IV_2a,1,deep_ensemble_validation_weighted,max-prob,0.3020833333333333,0.3,0.6238395830575827,0.2873563218390804,0.7126436781609196,87
calibration_ablation_no_temp_s2_e10,BCI_IV_2a,1,deep_ensemble_validation_weighted,max-prob,0.3506944444444444,0.35,0.6037925391843887,0.2871287128712871,0.7128712871287128,101
calibration_ablation_no_temp_s2_e10,BCI_IV_2a,1,deep_ensemble_validation_weighted,max-prob,0.4027777777777778,0.4,0.5798238955678602,0.2931034482758621,0.7068965517241379,116
calibration_ablation_no_temp_s2_e10,BCI_IV_2a,1,deep_ensemble_validation_weighted,max-prob,0.4513888888888889,0.45,0.5630684991185334,0.3,0.7,130
calibration_ablation_no_temp_s2_e10,BCI_IV_2a,1,deep_ensemble_validation_weighted,max-prob,0.5,0.5,0.5419670763145807,0.2847222222222222,0.7152777777777778,144
calibration_ablation_no_temp_s2_e10,BCI_IV_2a,1,deep_ensemble_validation_weighted,max-prob,0.5520833333333334,0.55,0.533509848459291,0.289308176100629,0.710691823899371,159
calibration_ablation_no_temp_s2_e10,BCI_IV_2a,1,deep_ensemble_validation_weighted,max-prob,0.6006944444444444,0.6,0.518111002312442,0.2774566473988439,0.7225433526011561,173
calibration_ablation_no_temp_s2_e10,BCI_IV_2a,1,deep_ensemble_validation_weighted,max-prob,0.6527777777777778,0.65,0.5025062389754393,0.276595744680851,0.723404255319149,188
calibration_ablation_no_temp_s2_e10,BCI_IV_2a,1,deep_ensemble_validation_weighted,max-prob,0.7013888888888888,0.7,0.4924124386547207,0.2871287128712871,0.7128712871287128,202
calibration_ablation_no_temp_s2_e10,BCI_IV_2a,1,deep_ensemble_validation_weighted,max-prob,0.75,0.75,0.4859077707294043,0.2962962962962963,0.7037037037037037,216
calibration_ablation_no_temp_s2_e10,BCI_IV_2a,1,deep_ensemble_validation_weighted,max-prob,0.8020833333333334,0.8,0.4770818020530339,0.303030303030303,0.696969696969697,231
calibration_ablation_no_temp_s2_e10,BCI_IV_2a,1,deep_ensemble_validation_weighted,max-prob,0.8506944444444444,0.85,0.461201679969749,0.3061224489795918,0.6938775510204082,245
calibration_ablation_no_temp_s2_e10,BCI_IV_2a,1,deep_ensemble_validation_weighted,max-prob,0.9027777777777778,0.9,0.4470396473174003,0.3,0.7,260
calibration_ablation_no_temp_s2_e10,BCI_IV_2a,1,deep_ensemble_validation_weighted,max-prob,0.9513888888888888,0.95,0.4086011857543392,0.3138686131386861,0.6861313868613139,274
calibration_ablation_no_temp_s2_e10,BCI_IV_2a,1,deep_ensemble_validation_weighted,max-prob,1.0,1.0,0.3099442206896565,0.3159722222222222,0.6840277777777778,288
calibration_ablation_no_temp_s2_e10,BCI_IV_2a,2,v1_lda,max-prob,0.0520833333333333,0.05,0.5980331876372637,0.1333333333333333,0.8666666666666667,15
calibration_ablation_no_temp_s2_e10,BCI_IV_2a,2,v1_lda,max-prob,0.1006944444444444,0.1,0.5876272899074868,0.3103448275862068,0.6896551724137931,29
calibration_ablation_no_temp_s2_e10,BCI_IV_2a,2,v1_lda,max-prob,0.1527777777777778,0.15,0.5810848606210667,0.4545454545454546,0.5454545454545454,44
calibration_ablation_no_temp_s2_e10,BCI_IV_2a,2,v1_lda,max-prob,0.2013888888888889,0.2,0.5760380219569335,0.396551724137931,0.603448275862069,58
calibration_ablation_no_temp_s2_e10,BCI_IV_2a,2,v1_lda,max-prob,0.25,0.25,0.5727519507645569,0.4444444444444444,0.5555555555555556,72
calibration_ablation_no_temp_s2_e10,BCI_IV_2a,2,v1_lda,max-prob,0.3020833333333333,0.3,0.5659209673269942,0.4712643678160919,0.5287356321839081,87
calibration_ablation_no_temp_s2_e10,BCI_IV_2a,2,v1_lda,max-prob,0.3506944444444444,0.35,0.5618577500943905,0.4851485148514851,0.5148514851485149,101
calibration_ablation_no_temp_s2_e10,BCI_IV_2a,2,v1_lda,max-prob,0.4027777777777778,0.4,0.5563305953738215,0.5258620689655172,0.4741379310344827,116
calibration_ablation_no_temp_s2_e10,BCI_IV_2a,2,v1_lda,max-prob,0.4513888888888889,0.45,0.5537083731977239,0.5692307692307692,0.4307692307692308,130
calibration_ablation_no_temp_s2_e10,BCI_IV_2a,2,v1_lda,max-prob,0.5,0.5,0.5495862589746021,0.5972222222222222,0.4027777777777778,144
calibration_ablation_no_temp_s2_e10,BCI_IV_2a,2,v1_lda,max-prob,0.5520833333333334,0.55,0.5437045517741088,0.6352201257861636,0.3647798742138364,159
calibration_ablation_no_temp_s2_e10,BCI_IV_2a,2,v1_lda,max-prob,0.6006944444444444,0.6,0.5384421341504679,0.653179190751445,0.3468208092485549,173
calibration_ablation_no_temp_s2_e10,BCI_IV_2a,2,v1_lda,max-prob,0.6527777777777778,0.65,0.5335056699725763,0.6542553191489362,0.3457446808510638,188
calibration_ablation_no_temp_s2_e10,BCI_IV_2a,2,v1_lda,max-prob,0.7013888888888888,0.7,0.5288197433699675,0.6633663366336633,0.3366336633663366,202
calibration_ablation_no_temp_s2_e10,BCI_IV_2a,2,v1_lda,max-prob,0.75,0.75,0.5220891082151187,0.6805555555555556,0.3194444444444444,216
calibration_ablation_no_temp_s2_e10,BCI_IV_2a,2,v1_lda,max-prob,0.8020833333333334,0.8,0.5136545545131977,0.6926406926406927,0.3073593073593073,231
calibration_ablation_no_temp_s2_e10,BCI_IV_2a,2,v1_lda,max-prob,0.8506944444444444,0.85,0.5063995959180524,0.7102040816326531,0.2897959183673469,245
calibration_ablation_no_temp_s2_e10,BCI_IV_2a,2,v1_lda,max-prob,0.9027777777777778,0.9,0.4945668868791406,0.7230769230769231,0.2769230769230769,260
calibration_ablation_no_temp_s2_e10,BCI_IV_2a,2,v1_lda,max-prob,0.9513888888888888,0.95,0.4817394508599792,0.7372262773722628,0.2627737226277372,274
calibration_ablation_no_temp_s2_e10,BCI_IV_2a,2,v1_lda,max-prob,1.0,1.0,0.4466662721267816,0.75,0.25,288
calibration_ablation_no_temp_s2_e10,BCI_IV_2a,2,eegnet_uncalibrated,max-prob,0.0520833333333333,0.05,0.3277894417159313,0.2666666666666667,0.7333333333333333,15
calibration_ablation_no_temp_s2_e10,BCI_IV_2a,2,eegnet_uncalibrated,max-prob,0.1006944444444444,0.1,0.3059055166948736,0.4482758620689655,0.5517241379310345,29
calibration_ablation_no_temp_s2_e10,BCI_IV_2a,2,eegnet_uncalibrated,max-prob,0.1527777777777778,0.15,0.2976308774901914,0.4318181818181817,0.5681818181818182,44
calibration_ablation_no_temp_s2_e10,BCI_IV_2a,2,eegnet_uncalibrated,max-prob,0.2013888888888889,0.2,0.2952385449915148,0.4482758620689655,0.5517241379310345,58
calibration_ablation_no_temp_s2_e10,BCI_IV_2a,2,eegnet_uncalibrated,max-prob,0.25,0.25,0.290655550687702,0.4305555555555556,0.5694444444444444,72
calibration_ablation_no_temp_s2_e10,BCI_IV_2a,2,eegnet_uncalibrated,max-prob,0.3020833333333333,0.3,0.2885819107944581,0.4597701149425287,0.5402298850574713,87
calibration_ablation_no_temp_s2_e10,BCI_IV_2a,2,eegnet_uncalibrated,max-prob,0.3506944444444444,0.35,0.2864313050908295,0.4752475247524752,0.5247524752475248,101
calibration_ablation_no_temp_s2_e10,BCI_IV_2a,2,eegnet_uncalibrated,max-prob,0.4027777777777778,0.4,0.2841862731583606,0.5258620689655172,0.4741379310344827,116
calibration_ablation_no_temp_s2_e10,BCI_IV_2a,2,eegnet_uncalibrated,max-prob,0.4513888888888889,0.45,0.2823535839178654,0.5384615384615384,0.4615384615384615,130
calibration_ablation_no_temp_s2_e10,BCI_IV_2a,2,eegnet_uncalibrated,max-prob,0.5,0.5,0.2802465817664117,0.5069444444444444,0.4930555555555556,144
calibration_ablation_no_temp_s2_e10,BCI_IV_2a,2,eegnet_uncalibrated,max-prob,0.5520833333333334,0.55,0.278360030577823,0.5094339622641509,0.490566037735849,159
calibration_ablation_no_temp_s2_e10,BCI_IV_2a,2,eegnet_uncalibrated,max-prob,0.6006944444444444,0.6,0.2769212413406928,0.5202312138728324,0.4797687861271676,173
calibration_ablation_no_temp_s2_e10,BCI_IV_2a,2,eegnet_uncalibrated,max-prob,0.6527777777777778,0.65,0.2748615242426395,0.5265957446808511,0.4734042553191489,188
calibration_ablation_no_temp_s2_e10,BCI_IV_2a,2,eegnet_uncalibrated,max-prob,0.7013888888888888,0.7,0.2730949786325422,0.5396039603960396,0.4603960396039604,202
calibration_ablation_no_temp_s2_e10,BCI_IV_2a,2,eegnet_uncalibrated,max-prob,0.75,0.75,0.2712591597131521,0.5509259259259259,0.449074074074074,216
calibration_ablation_no_temp_s2_e10,BCI_IV_2a,2,eegnet_uncalibrated,max-prob,0.8020833333333334,0.8,0.2697755492084184,0.5584415584415585,0.4415584415584415,231
calibration_ablation_no_temp_s2_e10,BCI_IV_2a,2,eegnet_uncalibrated,max-prob,0.8506944444444444,0.85,0.2668079306839687,0.5755102040816327,0.4244897959183673,245
calibration_ablation_no_temp_s2_e10,BCI_IV_2a,2,eegnet_uncalibrated,max-prob,0.9027777777777778,0.9,0.2639617176871463,0.5923076923076923,0.4076923076923077,260
calibration_ablation_no_temp_s2_e10,BCI_IV_2a,2,eegnet_uncalibrated,max-prob,0.9513888888888888,0.95,0.2595124221397756,0.6021897810218978,0.3978102189781022,274
calibration_ablation_no_temp_s2_e10,BCI_IV_2a,2,eegnet_uncalibrated,max-prob,1.0,1.0,0.25432728778801,0.6076388888888888,0.3923611111111111,288
calibration_ablation_no_temp_s2_e10,BCI_IV_2a,2,spatial_uncalibrated,max-prob,0.0520833333333333,0.05,0.995414336150606,0.0666666666666666,0.9333333333333332,15
calibration_ablation_no_temp_s2_e10,BCI_IV_2a,2,spatial_uncalibrated,max-prob,0.1006944444444444,0.1,0.9813068009400748,0.0344827586206896,0.9655172413793104,29
calibration_ablation_no_temp_s2_e10,BCI_IV_2a,2,spatial_uncalibrated,max-prob,0.1527777777777778,0.15,0.9585271818366085,0.0909090909090909,0.9090909090909092,44
calibration_ablation_no_temp_s2_e10,BCI_IV_2a,2,spatial_uncalibrated,max-prob,0.2013888888888889,0.2,0.85302967764804,0.1379310344827586,0.8620689655172413,58
calibration_ablation_no_temp_s2_e10,BCI_IV_2a,2,spatial_uncalibrated,max-prob,0.25,0.25,0.6782778090628674,0.1527777777777778,0.8472222222222222,72
calibration_ablation_no_temp_s2_e10,BCI_IV_2a,2,spatial_uncalibrated,max-prob,0.3020833333333333,0.3,0.6259422361246093,0.2068965517241379,0.7931034482758621,87
calibration_ablation_no_temp_s2_e10,BCI_IV_2a,2,spatial_uncalibrated,max-prob,0.3506944444444444,0.35,0.574480275744344,0.2574257425742574,0.7425742574257426,101
calibration_ablation_no_temp_s2_e10,BCI_IV_2a,2,spatial_uncalibrated,max-prob,0.4027777777777778,0.4,0.5369267044376659,0.2672413793103448,0.7327586206896551,116
calibration_ablation_no_temp_s2_e10,BCI_IV_2a,2,spatial_uncalibrated,max-prob,0.4513888888888889,0.45,0.5140990461672976,0.3076923076923077,0.6923076923076923,130
calibration_ablation_no_temp_s2_e10,BCI_IV_2a,2,spatial_uncalibrated,max-prob,0.5,0.5,0.4891788736780907,0.3333333333333333,0.6666666666666666,144
calibration_ablation_no_temp_s2_e10,BCI_IV_2a,2,spatial_uncalibrated,max-prob,0.5520833333333334,0.55,0.4725622019231691,0.3647798742138365,0.6352201257861635,159
calibration_ablation_no_temp_s2_e10,BCI_IV_2a,2,spatial_uncalibrated,max-prob,0.6006944444444444,0.6,0.4618189738378006,0.3641618497109826,0.6358381502890174,173
calibration_ablation_no_temp_s2_e10,BCI_IV_2a,2,spatial_uncalibrated,max-prob,0.6527777777777778,0.65,0.4473127218017048,0.3723404255319149,0.6276595744680851,188
calibration_ablation_no_temp_s2_e10,BCI_IV_2a,2,spatial_uncalibrated,max-prob,0.7013888888888888,0.7,0.4331313716876735,0.3861386138613861,0.6138613861386139,202
calibration_ablation_no_temp_s2_e10,BCI_IV_2a,2,spatial_uncalibrated,max-prob,0.75,0.75,0.419045258513972,0.3842592592592593,0.6157407407407407,216
calibration_ablation_no_temp_s2_e10,BCI_IV_2a,2,spatial_uncalibrated,max-prob,0.8020833333333334,0.8,0.4068285281952788,0.4025974025974026,0.5974025974025974,231
calibration_ablation_no_temp_s2_e10,BCI_IV_2a,2,spatial_uncalibrated,max-prob,0.8506944444444444,0.85,0.3942079712957334,0.4122448979591836,0.5877551020408164,245
calibration_ablation_no_temp_s2_e10,BCI_IV_2a,2,spatial_uncalibrated,max-prob,0.9027777777777778,0.9,0.3827745471361243,0.4192307692307692,0.5807692307692308,260
calibration_ablation_no_temp_s2_e10,BCI_IV_2a,2,spatial_uncalibrated,max-prob,0.9513888888888888,0.95,0.3634060870356668,0.4197080291970803,0.5802919708029197,274
calibration_ablation_no_temp_s2_e10,BCI_IV_2a,2,spatial_uncalibrated,max-prob,1.0,1.0,0.2638861091868201,0.4409722222222222,0.5590277777777778,288
calibration_ablation_no_temp_s2_e10,BCI_IV_2a,2,deep_ensemble_validation_weighted,max-prob,0.0520833333333333,0.05,0.6831815744024724,0.1333333333333333,0.8666666666666667,15
calibration_ablation_no_temp_s2_e10,BCI_IV_2a,2,deep_ensemble_validation_weighted,max-prob,0.1006944444444444,0.1,0.6680542507138512,0.1379310344827586,0.8620689655172413,29
calibration_ablation_no_temp_s2_e10,BCI_IV_2a,2,deep_ensemble_validation_weighted,max-prob,0.1527777777777778,0.15,0.6466269713619387,0.0909090909090909,0.9090909090909092,44
calibration_ablation_no_temp_s2_e10,BCI_IV_2a,2,deep_ensemble_validation_weighted,max-prob,0.2013888888888889,0.2,0.5947464091909758,0.1206896551724138,0.8793103448275862,58
calibration_ablation_no_temp_s2_e10,BCI_IV_2a,2,deep_ensemble_validation_weighted,max-prob,0.25,0.25,0.4888428959545234,0.1805555555555555,0.8194444444444444,72
calibration_ablation_no_temp_s2_e10,BCI_IV_2a,2,deep_ensemble_validation_weighted,max-prob,0.3020833333333333,0.3,0.4572810387395946,0.2068965517241379,0.7931034482758621,87
calibration_ablation_no_temp_s2_e10,BCI_IV_2a,2,deep_ensemble_validation_weighted,max-prob,0.3506944444444444,0.35,0.4308967305700132,0.2574257425742574,0.7425742574257426,101
calibration_ablation_no_temp_s2_e10,BCI_IV_2a,2,deep_ensemble_validation_weighted,max-prob,0.4027777777777778,0.4,0.417778103291158,0.2844827586206896,0.7155172413793104,116
calibration_ablation_no_temp_s2_e10,BCI_IV_2a,2,deep_ensemble_validation_weighted,max-prob,0.4513888888888889,0.45,0.4021754990721826,0.3,0.7,130
calibration_ablation_no_temp_s2_e10,BCI_IV_2a,2,deep_ensemble_validation_weighted,max-prob,0.5,0.5,0.3902113118965087,0.3194444444444444,0.6805555555555556,144
calibration_ablation_no_temp_s2_e10,BCI_IV_2a,2,deep_ensemble_validation_weighted,max-prob,0.5520833333333334,0.55,0.3804626481887984,0.3459119496855346,0.6540880503144654,159
calibration_ablation_no_temp_s2_e10,BCI_IV_2a,2,deep_ensemble_validation_weighted,max-prob,0.6006944444444444,0.6,0.3697528195874304,0.3583815028901734,0.6416184971098265,173
calibration_ablation_no_temp_s2_e10,BCI_IV_2a,2,deep_ensemble_validation_weighted,max-prob,0.6527777777777778,0.65,0.3633356266653744,0.3617021276595744,0.6382978723404256,188
calibration_ablation_no_temp_s2_e10,BCI_IV_2a,2,deep_ensemble_validation_weighted,max-prob,0.7013888888888888,0.7,0.3566520912227177,0.3712871287128713,0.6287128712871287,202
calibration_ablation_no_temp_s2_e10,BCI_IV_2a,2,deep_ensemble_validation_weighted,max-prob,0.75,0.75,0.3503259936739337,0.3888888888888888,0.6111111111111112,216
calibration_ablation_no_temp_s2_e10,BCI_IV_2a,2,deep_ensemble_validation_weighted,max-prob,0.8020833333333334,0.8,0.3426667846908425,0.4112554112554112,0.5887445887445888,231
calibration_ablation_no_temp_s2_e10,BCI_IV_2a,2,deep_ensemble_validation_weighted,max-prob,0.8506944444444444,0.85,0.3351275198524188,0.4244897959183673,0.5755102040816327,245
calibration_ablation_no_temp_s2_e10,BCI_IV_2a,2,deep_ensemble_validation_weighted,max-prob,0.9027777777777778,0.9,0.3272077031719339,0.4346153846153846,0.5653846153846154,260
calibration_ablation_no_temp_s2_e10,BCI_IV_2a,2,deep_ensemble_validation_weighted,max-prob,0.9513888888888888,0.95,0.3136249165539869,0.4306569343065693,0.5693430656934306,274
calibration_ablation_no_temp_s2_e10,BCI_IV_2a,2,deep_ensemble_validation_weighted,max-prob,1.0,1.0,0.2672226651384967,0.4513888888888888,0.5486111111111112,288
moabb_smoke_3datasets_lda,BCI_IV_2a,1,v1_lda,max-prob,0.0520833333333333,0.05,0.8011724597892723,0.0,1.0,15
moabb_smoke_3datasets_lda,BCI_IV_2a,1,v1_lda,max-prob,0.1006944444444444,0.1,0.7577859532135622,0.0,1.0,29
moabb_smoke_3datasets_lda,BCI_IV_2a,1,v1_lda,max-prob,0.1527777777777778,0.15,0.721874611208103,0.0,1.0,44
moabb_smoke_3datasets_lda,BCI_IV_2a,1,v1_lda,max-prob,0.2013888888888889,0.2,0.6871921054216277,0.0172413793103448,0.9827586206896552,58
moabb_smoke_3datasets_lda,BCI_IV_2a,1,v1_lda,max-prob,0.25,0.25,0.671511757102034,0.0416666666666666,0.9583333333333334,72
moabb_smoke_3datasets_lda,BCI_IV_2a,1,v1_lda,max-prob,0.3020833333333333,0.3,0.6543861507168381,0.0574712643678161,0.942528735632184,87
moabb_smoke_3datasets_lda,BCI_IV_2a,1,v1_lda,max-prob,0.3506944444444444,0.35,0.6289424608012316,0.0990099009900989,0.900990099009901,101
moabb_smoke_3datasets_lda,BCI_IV_2a,1,v1_lda,max-prob,0.4027777777777778,0.4,0.6115054851370199,0.1379310344827586,0.8620689655172413,116
moabb_smoke_3datasets_lda,BCI_IV_2a,1,v1_lda,max-prob,0.4513888888888889,0.45,0.5957536161343504,0.1384615384615384,0.8615384615384616,130
moabb_smoke_3datasets_lda,BCI_IV_2a,1,v1_lda,max-prob,0.5,0.5,0.5674643872790243,0.1319444444444444,0.8680555555555556,144
moabb_smoke_3datasets_lda,BCI_IV_2a,1,v1_lda,max-prob,0.5520833333333334,0.55,0.5497576949091904,0.150943396226415,0.8490566037735849,159
moabb_smoke_3datasets_lda,BCI_IV_2a,1,v1_lda,max-prob,0.6006944444444444,0.6,0.5210926359441823,0.1560693641618497,0.8439306358381503,173
moabb_smoke_3datasets_lda,BCI_IV_2a,1,v1_lda,max-prob,0.6527777777777778,0.65,0.503482757348264,0.1595744680851063,0.8404255319148937,188
moabb_smoke_3datasets_lda,BCI_IV_2a,1,v1_lda,max-prob,0.7013888888888888,0.7,0.4956762862076762,0.1732673267326733,0.8267326732673267,202
moabb_smoke_3datasets_lda,BCI_IV_2a,1,v1_lda,max-prob,0.75,0.75,0.4800086783861479,0.1805555555555555,0.8194444444444444,216
moabb_smoke_3datasets_lda,BCI_IV_2a,1,v1_lda,max-prob,0.8020833333333334,0.8,0.4632013800394881,0.1991341991341991,0.8008658008658008,231
moabb_smoke_3datasets_lda,BCI_IV_2a,1,v1_lda,max-prob,0.8506944444444444,0.85,0.440340650969616,0.2204081632653061,0.7795918367346939,245
moabb_smoke_3datasets_lda,BCI_IV_2a,1,v1_lda,max-prob,0.9027777777777778,0.9,0.4160886315981008,0.2307692307692307,0.7692307692307693,260
moabb_smoke_3datasets_lda,BCI_IV_2a,1,v1_lda,max-prob,0.9513888888888888,0.95,0.3721090162249319,0.2445255474452554,0.7554744525547445,274
moabb_smoke_3datasets_lda,BCI_IV_2a,1,v1_lda,max-prob,1.0,1.0,0.2828625676731469,0.2743055555555556,0.7256944444444444,288
moabb_smoke_3datasets_lda,BCI_IV_2a,2,v1_lda,max-prob,0.0520833333333333,0.05,0.5980331876372637,0.1333333333333333,0.8666666666666667,15
moabb_smoke_3datasets_lda,BCI_IV_2a,2,v1_lda,max-prob,0.1006944444444444,0.1,0.5876272899074868,0.3103448275862068,0.6896551724137931,29
moabb_smoke_3datasets_lda,BCI_IV_2a,2,v1_lda,max-prob,0.1527777777777778,0.15,0.5810848606210667,0.4545454545454546,0.5454545454545454,44
moabb_smoke_3datasets_lda,BCI_IV_2a,2,v1_lda,max-prob,0.2013888888888889,0.2,0.5760380219569335,0.396551724137931,0.603448275862069,58
moabb_smoke_3datasets_lda,BCI_IV_2a,2,v1_lda,max-prob,0.25,0.25,0.5727519507645569,0.4444444444444444,0.5555555555555556,72
moabb_smoke_3datasets_lda,BCI_IV_2a,2,v1_lda,max-prob,0.3020833333333333,0.3,0.5659209673269942,0.4712643678160919,0.5287356321839081,87
moabb_smoke_3datasets_lda,BCI_IV_2a,2,v1_lda,max-prob,0.3506944444444444,0.35,0.5618577500943905,0.4851485148514851,0.5148514851485149,101
moabb_smoke_3datasets_lda,BCI_IV_2a,2,v1_lda,max-prob,0.4027777777777778,0.4,0.5563305953738215,0.5258620689655172,0.4741379310344827,116
moabb_smoke_3datasets_lda,BCI_IV_2a,2,v1_lda,max-prob,0.4513888888888889,0.45,0.5537083731977239,0.5692307692307692,0.4307692307692308,130
moabb_smoke_3datasets_lda,BCI_IV_2a,2,v1_lda,max-prob,0.5,0.5,0.5495862589746021,0.5972222222222222,0.4027777777777778,144
moabb_smoke_3datasets_lda,BCI_IV_2a,2,v1_lda,max-prob,0.5520833333333334,0.55,0.5437045517741088,0.6352201257861636,0.3647798742138364,159
moabb_smoke_3datasets_lda,BCI_IV_2a,2,v1_lda,max-prob,0.6006944444444444,0.6,0.5384421341504679,0.653179190751445,0.3468208092485549,173
moabb_smoke_3datasets_lda,BCI_IV_2a,2,v1_lda,max-prob,0.6527777777777778,0.65,0.5335056699725763,0.6542553191489362,0.3457446808510638,188
moabb_smoke_3datasets_lda,BCI_IV_2a,2,v1_lda,max-prob,0.7013888888888888,0.7,0.5288197433699675,0.6633663366336633,0.3366336633663366,202
moabb_smoke_3datasets_lda,BCI_IV_2a,2,v1_lda,max-prob,0.75,0.75,0.5220891082151187,0.6805555555555556,0.3194444444444444,216
moabb_smoke_3datasets_lda,BCI_IV_2a,2,v1_lda,max-prob,0.8020833333333334,0.8,0.5136545545131977,0.6926406926406927,0.3073593073593073,231
moabb_smoke_3datasets_lda,BCI_IV_2a,2,v1_lda,max-prob,0.8506944444444444,0.85,0.5063995959180524,0.7102040816326531,0.2897959183673469,245
moabb_smoke_3datasets_lda,BCI_IV_2a,2,v1_lda,max-prob,0.9027777777777778,0.9,0.4945668868791406,0.7230769230769231,0.2769230769230769,260
moabb_smoke_3datasets_lda,BCI_IV_2a,2,v1_lda,max-prob,0.9513888888888888,0.95,0.4817394508599792,0.7372262773722628,0.2627737226277372,274
moabb_smoke_3datasets_lda,BCI_IV_2a,2,v1_lda,max-prob,1.0,1.0,0.4466662721267816,0.75,0.25,288
moabb_smoke_3datasets_lda,BCI_IV_2a,3,v1_lda,max-prob,0.0520833333333333,0.05,0.8256026253891373,0.0,1.0,15
moabb_smoke_3datasets_lda,BCI_IV_2a,3,v1_lda,max-prob,0.1006944444444444,0.1,0.7849570237955671,0.0,1.0,29
moabb_smoke_3datasets_lda,BCI_IV_2a,3,v1_lda,max-prob,0.1527777777777778,0.15,0.7662058328876215,0.0227272727272727,0.9772727272727272,44
moabb_smoke_3datasets_lda,BCI_IV_2a,3,v1_lda,max-prob,0.2013888888888889,0.2,0.7441402067953465,0.0172413793103448,0.9827586206896552,58
moabb_smoke_3datasets_lda,BCI_IV_2a,3,v1_lda,max-prob,0.25,0.25,0.7166664095267846,0.0277777777777777,0.9722222222222222,72
moabb_smoke_3datasets_lda,BCI_IV_2a,3,v1_lda,max-prob,0.3020833333333333,0.3,0.6855125737299718,0.0344827586206896,0.9655172413793104,87
moabb_smoke_3datasets_lda,BCI_IV_2a,3,v1_lda,max-prob,0.3506944444444444,0.35,0.6713519636775495,0.0495049504950495,0.9504950495049505,101
moabb_smoke_3datasets_lda,BCI_IV_2a,3,v1_lda,max-prob,0.4027777777777778,0.4,0.6537994288376746,0.0517241379310344,0.9482758620689656,116
moabb_smoke_3datasets_lda,BCI_IV_2a,3,v1_lda,max-prob,0.4513888888888889,0.45,0.6296685717812908,0.0769230769230768,0.9230769230769232,130
moabb_smoke_3datasets_lda,BCI_IV_2a,3,v1_lda,max-prob,0.5,0.5,0.6055594116147597,0.0833333333333333,0.9166666666666666,144
moabb_smoke_3datasets_lda,BCI_IV_2a,3,v1_lda,max-prob,0.5520833333333334,0.55,0.5791486264721493,0.0943396226415094,0.9056603773584906,159
moabb_smoke_3datasets_lda,BCI_IV_2a,3,v1_lda,max-prob,0.6006944444444444,0.6,0.561546792123562,0.1098265895953757,0.8901734104046243,173
moabb_smoke_3datasets_lda,BCI_IV_2a,3,v1_lda,max-prob,0.6527777777777778,0.65,0.538072196781192,0.127659574468085,0.8723404255319149,188
moabb_smoke_3datasets_lda,BCI_IV_2a,3,v1_lda,max-prob,0.7013888888888888,0.7,0.5191888973998027,0.1584158415841584,0.8415841584158416,202
moabb_smoke_3datasets_lda,BCI_IV_2a,3,v1_lda,max-prob,0.75,0.75,0.4984352959011296,0.1712962962962962,0.8287037037037037,216
moabb_smoke_3datasets_lda,BCI_IV_2a,3,v1_lda,max-prob,0.8020833333333334,0.8,0.4792332980054388,0.1774891774891774,0.8225108225108225,231
moabb_smoke_3datasets_lda,BCI_IV_2a,3,v1_lda,max-prob,0.8506944444444444,0.85,0.4544798569983082,0.1755102040816326,0.8244897959183674,245
moabb_smoke_3datasets_lda,BCI_IV_2a,3,v1_lda,max-prob,0.9027777777777778,0.9,0.42820557889808,0.2038461538461539,0.7961538461538461,260
moabb_smoke_3datasets_lda,BCI_IV_2a,3,v1_lda,max-prob,0.9513888888888888,0.95,0.3992524450190814,0.22992700729927,0.7700729927007299,274
moabb_smoke_3datasets_lda,BCI_IV_2a,3,v1_lda,max-prob,1.0,1.0,0.2984318420779279,0.2361111111111111,0.7638888888888888,288
moabb_smoke_3datasets_lda,BCI_IV_2a,4,v1_lda,max-prob,0.0520833333333333,0.05,0.3987817710587396,0.4666666666666667,0.5333333333333333,15
moabb_smoke_3datasets_lda,BCI_IV_2a,4,v1_lda,max-prob,0.1006944444444444,0.1,0.3825574515775341,0.6206896551724138,0.3793103448275862,29
moabb_smoke_3datasets_lda,BCI_IV_2a,4,v1_lda,max-prob,0.1527777777777778,0.15,0.3736035561789592,0.5909090909090908,0.4090909090909091,44
moabb_smoke_3datasets_lda,BCI_IV_2a,4,v1_lda,max-prob,0.2013888888888889,0.2,0.3655039084064855,0.603448275862069,0.396551724137931,58
moabb_smoke_3datasets_lda,BCI_IV_2a,4,v1_lda,max-prob,0.25,0.25,0.3600437678958149,0.5833333333333333,0.4166666666666667,72
moabb_smoke_3datasets_lda,BCI_IV_2a,4,v1_lda,max-prob,0.3020833333333333,0.3,0.356781378138002,0.5977011494252873,0.4022988505747126,87
moabb_smoke_3datasets_lda,BCI_IV_2a,4,v1_lda,max-prob,0.3506944444444444,0.35,0.3543405914699245,0.6138613861386139,0.3861386138613861,101
moabb_smoke_3datasets_lda,BCI_IV_2a,4,v1_lda,max-prob,0.4027777777777778,0.4,0.3514718842877798,0.6293103448275862,0.3706896551724138,116
moabb_smoke_3datasets_lda,BCI_IV_2a,4,v1_lda,max-prob,0.4513888888888889,0.45,0.3498522900724722,0.6307692307692307,0.3692307692307692,130
moabb_smoke_3datasets_lda,BCI_IV_2a,4,v1_lda,max-prob,0.5,0.5,0.3479086973807401,0.6527777777777778,0.3472222222222222,144
moabb_smoke_3datasets_lda,BCI_IV_2a,4,v1_lda,max-prob,0.5520833333333334,0.55,0.3456766549414045,0.679245283018868,0.320754716981132,159
moabb_smoke_3datasets_lda,BCI_IV_2a,4,v1_lda,max-prob,0.6006944444444444,0.6,0.3431588691591489,0.676300578034682,0.3236994219653179,173
moabb_smoke_3datasets_lda,BCI_IV_2a,4,v1_lda,max-prob,0.6527777777777778,0.65,0.3417225427288552,0.6861702127659575,0.3138297872340425,188
moabb_smoke_3datasets_lda,BCI_IV_2a,4,v1_lda,max-prob,0.7013888888888888,0.7,0.3406132608838707,0.698019801980198,0.3019801980198019,202
moabb_smoke_3datasets_lda,BCI_IV_2a,4,v1_lda,max-prob,0.75,0.75,0.3396974513301032,0.7083333333333333,0.2916666666666667,216
moabb_smoke_3datasets_lda,BCI_IV_2a,4,v1_lda,max-prob,0.8020833333333334,0.8,0.338029339397958,0.7142857142857143,0.2857142857142857,231
moabb_smoke_3datasets_lda,BCI_IV_2a,4,v1_lda,max-prob,0.8506944444444444,0.85,0.3366935734232593,0.726530612244898,0.273469387755102,245
moabb_smoke_3datasets_lda,BCI_IV_2a,4,v1_lda,max-prob,0.9027777777777778,0.9,0.335684083720791,0.7307692307692308,0.2692307692307692,260
moabb_smoke_3datasets_lda,BCI_IV_2a,4,v1_lda,max-prob,0.9513888888888888,0.95,0.3343431266047769,0.7408759124087592,0.2591240875912409,274
moabb_smoke_3datasets_lda,BCI_IV_2a,4,v1_lda,max-prob,1.0,1.0,0.3323567369927771,0.75,0.25,288
moabb_smoke_3datasets_lda,BCI_IV_2a,5,v1_lda,max-prob,0.0520833333333333,0.05,0.4624780289621474,0.7333333333333334,0.2666666666666666,15
moabb_smoke_3datasets_lda,BCI_IV_2a,5,v1_lda,max-prob,0.1006944444444444,0.1,0.4563008636896133,0.6896551724137931,0.3103448275862069,29
moabb_smoke_3datasets_lda,BCI_IV_2a,5,v1_lda,max-prob,0.1527777777777778,0.15,0.4518810420265191,0.6818181818181819,0.3181818181818182,44
moabb_smoke_3datasets_lda,BCI_IV_2a,5,v1_lda,max-prob,0.2013888888888889,0.2,0.448074229927431,0.6206896551724138,0.3793103448275862,58
moabb_smoke_3datasets_lda,BCI_IV_2a,5,v1_lda,max-prob,0.25,0.25,0.4459027999300513,0.6527777777777778,0.3472222222222222,72
moabb_smoke_3datasets_lda,BCI_IV_2a,5,v1_lda,max-prob,0.3020833333333333,0.3,0.4434616700187351,0.6436781609195402,0.3563218390804598,87
moabb_smoke_3datasets_lda,BCI_IV_2a,5,v1_lda,max-prob,0.3506944444444444,0.35,0.4415736950593297,0.6435643564356436,0.3564356435643564,101
moabb_smoke_3datasets_lda,BCI_IV_2a,5,v1_lda,max-prob,0.4027777777777778,0.4,0.4395669877192443,0.6551724137931034,0.3448275862068966,116
moabb_smoke_3datasets_lda,BCI_IV_2a,5,v1_lda,max-prob,0.4513888888888889,0.45,0.4372215764874445,0.6692307692307693,0.3307692307692307,130
moabb_smoke_3datasets_lda,BCI_IV_2a,5,v1_lda,max-prob,0.5,0.5,0.4357878994409046,0.7013888888888888,0.2986111111111111,144
moabb_smoke_3datasets_lda,BCI_IV_2a,5,v1_lda,max-prob,0.5520833333333334,0.55,0.4337375142320814,0.7044025157232705,0.2955974842767295,159
moabb_smoke_3datasets_lda,BCI_IV_2a,5,v1_lda,max-prob,0.6006944444444444,0.6,0.432595368114175,0.6936416184971098,0.3063583815028902,173
moabb_smoke_3datasets_lda,BCI_IV_2a,5,v1_lda,max-prob,0.6527777777777778,0.65,0.4308280322906317,0.6968085106382979,0.3031914893617021,188
moabb_smoke_3datasets_lda,BCI_IV_2a,5,v1_lda,max-prob,0.7013888888888888,0.7,0.4294329619160217,0.7029702970297029,0.297029702970297,202
moabb_smoke_3datasets_lda,BCI_IV_2a,5,v1_lda,max-prob,0.75,0.75,0.4282466394481429,0.6944444444444444,0.3055555555555556,216
moabb_smoke_3datasets_lda,BCI_IV_2a,5,v1_lda,max-prob,0.8020833333333334,0.8,0.4260133457246174,0.7056277056277056,0.2943722943722944,231
moabb_smoke_3datasets_lda,BCI_IV_2a,5,v1_lda,max-prob,0.8506944444444444,0.85,0.4240349367570368,0.7020408163265306,0.2979591836734694,245
moabb_smoke_3datasets_lda,BCI_IV_2a,5,v1_lda,max-prob,0.9027777777777778,0.9,0.4210884960689755,0.6961538461538461,0.3038461538461538,260
moabb_smoke_3datasets_lda,BCI_IV_2a,5,v1_lda,max-prob,0.9513888888888888,0.95,0.4183665120293494,0.6934306569343065,0.3065693430656934,274
moabb_smoke_3datasets_lda,BCI_IV_2a,5,v1_lda,max-prob,1.0,1.0,0.3988798158711989,0.6944444444444444,0.3055555555555556,288
moabb_smoke_3datasets_lda,BCI_IV_2a,6,v1_lda,max-prob,0.0520833333333333,0.05,0.601388925069526,0.6666666666666667,0.3333333333333333,15
moabb_smoke_3datasets_lda,BCI_IV_2a,6,v1_lda,max-prob,0.1006944444444444,0.1,0.5904091065807621,0.5862068965517242,0.4137931034482758,29
moabb_smoke_3datasets_lda,BCI_IV_2a,6,v1_lda,max-prob,0.1527777777777778,0.15,0.5781194116049412,0.5227272727272727,0.4772727272727273,44
moabb_smoke_3datasets_lda,BCI_IV_2a,6,v1_lda,max-prob,0.2013888888888889,0.2,0.572225122984525,0.5344827586206897,0.4655172413793103,58
moabb_smoke_3datasets_lda,BCI_IV_2a,6,v1_lda,max-prob,0.25,0.25,0.5684586944426194,0.5416666666666667,0.4583333333333333,72
moabb_smoke_3datasets_lda,BCI_IV_2a,6,v1_lda,max-prob,0.3020833333333333,0.3,0.560765715890693,0.5632183908045977,0.4367816091954023,87
moabb_smoke_3datasets_lda,BCI_IV_2a,6,v1_lda,max-prob,0.3506944444444444,0.35,0.5554693640117554,0.6039603960396039,0.396039603960396,101
moabb_smoke_3datasets_lda,BCI_IV_2a,6,v1_lda,max-prob,0.4027777777777778,0.4,0.5513872127880214,0.6379310344827587,0.3620689655172414,116
moabb_smoke_3datasets_lda,BCI_IV_2a,6,v1_lda,max-prob,0.4513888888888889,0.45,0.5443309766591518,0.6538461538461539,0.3461538461538461,130
moabb_smoke_3datasets_lda,BCI_IV_2a,6,v1_lda,max-prob,0.5,0.5,0.5396720742234076,0.6736111111111112,0.3263888888888889,144
moabb_smoke_3datasets_lda,BCI_IV_2a,6,v1_lda,max-prob,0.5520833333333334,0.55,0.5357812566307898,0.6666666666666667,0.3333333333333333,159
moabb_smoke_3datasets_lda,BCI_IV_2a,6,v1_lda,max-prob,0.6006944444444444,0.6,0.5319579924554659,0.676300578034682,0.3236994219653179,173
moabb_smoke_3datasets_lda,BCI_IV_2a,6,v1_lda,max-prob,0.6527777777777778,0.65,0.5271576204587715,0.6808510638297872,0.3191489361702128,188
moabb_smoke_3datasets_lda,BCI_IV_2a,6,v1_lda,max-prob,0.7013888888888888,0.7,0.5227400938288362,0.693069306930693,0.3069306930693069,202
moabb_smoke_3datasets_lda,BCI_IV_2a,6,v1_lda,max-prob,0.75,0.75,0.5173620147472158,0.7037037037037037,0.2962962962962963,216
moabb_smoke_3datasets_lda,BCI_IV_2a,6,v1_lda,max-prob,0.8020833333333334,0.8,0.5128472832573202,0.7099567099567099,0.29004329004329,231
moabb_smoke_3datasets_lda,BCI_IV_2a,6,v1_lda,max-prob,0.8506944444444444,0.85,0.5047133609880514,0.7102040816326531,0.2897959183673469,245
moabb_smoke_3datasets_lda,BCI_IV_2a,6,v1_lda,max-prob,0.9027777777777778,0.9,0.4970803877243899,0.726923076923077,0.273076923076923,260
moabb_smoke_3datasets_lda,BCI_IV_2a,6,v1_lda,max-prob,0.9513888888888888,0.95,0.4890861974271908,0.7408759124087592,0.2591240875912409,274
moabb_smoke_3datasets_lda,BCI_IV_2a,6,v1_lda,max-prob,1.0,1.0,0.4291337575306338,0.75,0.25,288
moabb_smoke_3datasets_lda,BCI_IV_2a,7,v1_lda,max-prob,0.0520833333333333,0.05,0.5254528026645378,0.0,1.0,15
moabb_smoke_3datasets_lda,BCI_IV_2a,7,v1_lda,max-prob,0.1006944444444444,0.1,0.5020882741268134,0.0344827586206896,0.9655172413793104,29
moabb_smoke_3datasets_lda,BCI_IV_2a,7,v1_lda,max-prob,0.1527777777777778,0.15,0.4838719762321584,0.0909090909090909,0.9090909090909092,44
moabb_smoke_3datasets_lda,BCI_IV_2a,7,v1_lda,max-prob,0.2013888888888889,0.2,0.4585740033699912,0.1724137931034483,0.8275862068965517,58
moabb_smoke_3datasets_lda,BCI_IV_2a,7,v1_lda,max-prob,0.25,0.25,0.4473426600825136,0.2361111111111111,0.7638888888888888,72
moabb_smoke_3datasets_lda,BCI_IV_2a,7,v1_lda,max-prob,0.3020833333333333,0.3,0.434685482318727,0.3103448275862068,0.6896551724137931,87
moabb_smoke_3datasets_lda,BCI_IV_2a,7,v1_lda,max-prob,0.3506944444444444,0.35,0.4256983043656158,0.3366336633663366,0.6633663366336634,101
moabb_smoke_3datasets_lda,BCI_IV_2a,7,v1_lda,max-prob,0.4027777777777778,0.4,0.4152417117851616,0.3706896551724138,0.6293103448275862,116
moabb_smoke_3datasets_lda,BCI_IV_2a,7,v1_lda,max-prob,0.4513888888888889,0.45,0.4031440430953044,0.3923076923076923,0.6076923076923076,130
moabb_smoke_3datasets_lda,BCI_IV_2a,7,v1_lda,max-prob,0.5,0.5,0.3974990729699509,0.4375,0.5625,144
moabb_smoke_3datasets_lda,BCI_IV_2a,7,v1_lda,max-prob,0.5520833333333334,0.55,0.3926459083974481,0.4591194968553459,0.5408805031446541,159
moabb_smoke_3datasets_lda,BCI_IV_2a,7,v1_lda,max-prob,0.6006944444444444,0.6,0.3867032795702469,0.4855491329479768,0.5144508670520231,173
moabb_smoke_3datasets_lda,BCI_IV_2a,7,v1_lda,max-prob,0.6527777777777778,0.65,0.3818272337916348,0.5106382978723405,0.4893617021276595,188
moabb_smoke_3datasets_lda,BCI_IV_2a,7,v1_lda,max-prob,0.7013888888888888,0.7,0.3771566674959345,0.5297029702970297,0.4702970297029702,202
moabb_smoke_3datasets_lda,BCI_IV_2a,7,v1_lda,max-prob,0.75,0.75,0.3733273024845289,0.5416666666666667,0.4583333333333333,216
moabb_smoke_3datasets_lda,BCI_IV_2a,7,v1_lda,max-prob,0.8020833333333334,0.8,0.3682734530145199,0.5627705627705628,0.4372294372294372,231
moabb_smoke_3datasets_lda,BCI_IV_2a,7,v1_lda,max-prob,0.8506944444444444,0.85,0.3617061824070819,0.5836734693877551,0.4163265306122449,245
moabb_smoke_3datasets_lda,BCI_IV_2a,7,v1_lda,max-prob,0.9027777777777778,0.9,0.3567908851372451,0.6076923076923078,0.3923076923076923,260
moabb_smoke_3datasets_lda,BCI_IV_2a,7,v1_lda,max-prob,0.9513888888888888,0.95,0.3496704101351837,0.6131386861313868,0.3868613138686131,274
moabb_smoke_3datasets_lda,BCI_IV_2a,7,v1_lda,max-prob,1.0,1.0,0.340460812307495,0.6284722222222222,0.3715277777777778,288
moabb_smoke_3datasets_lda,BCI_IV_2a,8,v1_lda,max-prob,0.0520833333333333,0.05,0.5916802506217842,0.1333333333333333,0.8666666666666667,15
moabb_smoke_3datasets_lda,BCI_IV_2a,8,v1_lda,max-prob,0.1006944444444444,0.1,0.5351536740584132,0.1724137931034483,0.8275862068965517,29
moabb_smoke_3datasets_lda,BCI_IV_2a,8,v1_lda,max-prob,0.1527777777777778,0.15,0.4771135990446962,0.25,0.75,44
moabb_smoke_3datasets_lda,BCI_IV_2a,8,v1_lda,max-prob,0.2013888888888889,0.2,0.4656897581512749,0.2586206896551724,0.7413793103448276,58
moabb_smoke_3datasets_lda,BCI_IV_2a,8,v1_lda,max-prob,0.25,0.25,0.4561550279851651,0.2777777777777778,0.7222222222222222,72
moabb_smoke_3datasets_lda,BCI_IV_2a,8,v1_lda,max-prob,0.3020833333333333,0.3,0.445661479809684,0.2528735632183908,0.7471264367816092,87
moabb_smoke_3datasets_lda,BCI_IV_2a,8,v1_lda,max-prob,0.3506944444444444,0.35,0.4304894824589573,0.2376237623762376,0.7623762376237624,101
moabb_smoke_3datasets_lda,BCI_IV_2a,8,v1_lda,max-prob,0.4027777777777778,0.4,0.4227878760122182,0.2327586206896551,0.7672413793103449,116
moabb_smoke_3datasets_lda,BCI_IV_2a,8,v1_lda,max-prob,0.4513888888888889,0.45,0.4164646641669887,0.2384615384615385,0.7615384615384615,130
moabb_smoke_3datasets_lda,BCI_IV_2a,8,v1_lda,max-prob,0.5,0.5,0.4078837148463504,0.2708333333333333,0.7291666666666666,144
moabb_smoke_3datasets_lda,BCI_IV_2a,8,v1_lda,max-prob,0.5520833333333334,0.55,0.401015610019987,0.289308176100629,0.710691823899371,159
moabb_smoke_3datasets_lda,BCI_IV_2a,8,v1_lda,max-prob,0.6006944444444444,0.6,0.3922461392974185,0.2890173410404624,0.7109826589595376,173
moabb_smoke_3datasets_lda,BCI_IV_2a,8,v1_lda,max-prob,0.6527777777777778,0.65,0.385837517038597,0.3085106382978723,0.6914893617021277,188
moabb_smoke_3datasets_lda,BCI_IV_2a,8,v1_lda,max-prob,0.7013888888888888,0.7,0.3770390344626741,0.3168316831683168,0.6831683168316832,202
moabb_smoke_3datasets_lda,BCI_IV_2a,8,v1_lda,max-prob,0.75,0.75,0.3658418665697806,0.3194444444444444,0.6805555555555556,216
moabb_smoke_3datasets_lda,BCI_IV_2a,8,v1_lda,max-prob,0.8020833333333334,0.8,0.35796587380451,0.3203463203463204,0.6796536796536796,231
moabb_smoke_3datasets_lda,BCI_IV_2a,8,v1_lda,max-prob,0.8506944444444444,0.85,0.3409760735375478,0.3387755102040816,0.6612244897959184,245
moabb_smoke_3datasets_lda,BCI_IV_2a,8,v1_lda,max-prob,0.9027777777777778,0.9,0.3288468878026045,0.35,0.65,260
moabb_smoke_3datasets_lda,BCI_IV_2a,8,v1_lda,max-prob,0.9513888888888888,0.95,0.3081620771831106,0.3686131386861314,0.6313868613138686,274
moabb_smoke_3datasets_lda,BCI_IV_2a,8,v1_lda,max-prob,1.0,1.0,0.2761143854321864,0.3854166666666666,0.6145833333333334,288
moabb_smoke_3datasets_lda,BCI_IV_2a,9,v1_lda,max-prob,0.053030303030303,0.05,0.435783939093395,0.4285714285714286,0.5714285714285714,14
moabb_smoke_3datasets_lda,BCI_IV_2a,9,v1_lda,max-prob,0.1022727272727272,0.1,0.4157546944504264,0.4814814814814815,0.5185185185185185,27
moabb_smoke_3datasets_lda,BCI_IV_2a,9,v1_lda,max-prob,0.1515151515151515,0.15,0.4067099015787306,0.375,0.625,40
moabb_smoke_3datasets_lda,BCI_IV_2a,9,v1_lda,max-prob,0.2007575757575757,0.2,0.3989330448480089,0.4528301886792453,0.5471698113207547,53
moabb_smoke_3datasets_lda,BCI_IV_2a,9,v1_lda,max-prob,0.25,0.25,0.3917424105321725,0.4545454545454546,0.5454545454545454,66
moabb_smoke_3datasets_lda,BCI_IV_2a,9,v1_lda,max-prob,0.303030303030303,0.3,0.385983296499754,0.4875,0.5125,80
moabb_smoke_3datasets_lda,BCI_IV_2a,9,v1_lda,max-prob,0.3522727272727273,0.35,0.3825644166593455,0.5268817204301075,0.4731182795698925,93
moabb_smoke_3datasets_lda,BCI_IV_2a,9,v1_lda,max-prob,0.4015151515151515,0.4,0.3766893329846871,0.5471698113207547,0.4528301886792453,106
moabb_smoke_3datasets_lda,BCI_IV_2a,9,v1_lda,max-prob,0.4507575757575757,0.45,0.3700627622312967,0.5378151260504201,0.4621848739495798,119
moabb_smoke_3datasets_lda,BCI_IV_2a,9,v1_lda,max-prob,0.5,0.5,0.3647990487918642,0.5227272727272727,0.4772727272727273,132
moabb_smoke_3datasets_lda,BCI_IV_2a,9,v1_lda,max-prob,0.553030303030303,0.55,0.3597799812518445,0.5410958904109588,0.4589041095890411,146
moabb_smoke_3datasets_lda,BCI_IV_2a,9,v1_lda,max-prob,0.6022727272727273,0.6,0.3560445501612575,0.5471698113207547,0.4528301886792453,159
moabb_smoke_3datasets_lda,BCI_IV_2a,9,v1_lda,max-prob,0.6515151515151515,0.65,0.3500338812374626,0.563953488372093,0.436046511627907,172
moabb_smoke_3datasets_lda,BCI_IV_2a,9,v1_lda,max-prob,0.7007575757575758,0.7,0.3448920203407181,0.5783783783783784,0.4216216216216216,185
moabb_smoke_3datasets_lda,BCI_IV_2a,9,v1_lda,max-prob,0.75,0.75,0.3397757992912966,0.5757575757575757,0.4242424242424242,198
moabb_smoke_3datasets_lda,BCI_IV_2a,9,v1_lda,max-prob,0.803030303030303,0.8,0.3357135227594,0.5801886792452831,0.419811320754717,212
moabb_smoke_3datasets_lda,BCI_IV_2a,9,v1_lda,max-prob,0.8522727272727273,0.85,0.3298322412795144,0.5955555555555556,0.4044444444444444,225
moabb_smoke_3datasets_lda,BCI_IV_2a,9,v1_lda,max-prob,0.9015151515151516,0.9,0.3248312161603379,0.6050420168067228,0.3949579831932773,238
moabb_smoke_3datasets_lda,BCI_IV_2a,9,v1_lda,max-prob,0.9507575757575758,0.95,0.317653371552539,0.6095617529880478,0.3904382470119522,251
moabb_smoke_3datasets_lda,BCI_IV_2a,9,v1_lda,max-prob,1.0,1.0,0.3011377640754762,0.6174242424242424,0.3825757575757575,264
moabb_smoke_3datasets_lda,Cho2017,1,v1_lda,max-prob,0.0571428571428571,0.05,0.7324114673370518,0.25,0.75,4
moabb_smoke_3datasets_lda,Cho2017,1,v1_lda,max-prob,0.1,0.1,0.6966101050055372,0.1428571428571429,0.8571428571428571,7
moabb_smoke_3datasets_lda,Cho2017,1,v1_lda,max-prob,0.1571428571428571,0.15,0.680605371562648,0.2727272727272727,0.7272727272727273,11
moabb_smoke_3datasets_lda,Cho2017,1,v1_lda,max-prob,0.2,0.2,0.6501033548081799,0.2857142857142857,0.7142857142857143,14
moabb_smoke_3datasets_lda,Cho2017,1,v1_lda,max-prob,0.2571428571428571,0.25,0.6363067695130722,0.3333333333333333,0.6666666666666666,18
moabb_smoke_3datasets_lda,Cho2017,1,v1_lda,max-prob,0.3,0.3,0.6261667122206028,0.2857142857142857,0.7142857142857143,21
moabb_smoke_3datasets_lda,Cho2017,1,v1_lda,max-prob,0.3571428571428571,0.35,0.6209761178307031,0.36,0.64,25
moabb_smoke_3datasets_lda,Cho2017,1,v1_lda,max-prob,0.4,0.4,0.6064652839701934,0.3214285714285714,0.6785714285714286,28
moabb_smoke_3datasets_lda,Cho2017,1,v1_lda,max-prob,0.4571428571428571,0.45,0.5920516636549168,0.375,0.625,32
moabb_smoke_3datasets_lda,Cho2017,1,v1_lda,max-prob,0.5,0.5,0.5826623439788029,0.3714285714285714,0.6285714285714286,35
moabb_smoke_3datasets_lda,Cho2017,1,v1_lda,max-prob,0.5571428571428572,0.55,0.5705768469907081,0.3589743589743589,0.6410256410256411,39
moabb_smoke_3datasets_lda,Cho2017,1,v1_lda,max-prob,0.6,0.6,0.5635097257943762,0.3571428571428571,0.6428571428571429,42
moabb_smoke_3datasets_lda,Cho2017,1,v1_lda,max-prob,0.6571428571428571,0.65,0.5605517799992182,0.3695652173913043,0.6304347826086957,46
moabb_smoke_3datasets_lda,Cho2017,1,v1_lda,max-prob,0.7,0.7,0.5519430967723556,0.3877551020408163,0.6122448979591837,49
moabb_smoke_3datasets_lda,Cho2017,1,v1_lda,max-prob,0.7571428571428571,0.75,0.5423624396178872,0.3773584905660377,0.6226415094339622,53
moabb_smoke_3datasets_lda,Cho2017,1,v1_lda,max-prob,0.8,0.8,0.5377569745777474,0.4107142857142857,0.5892857142857143,56
moabb_smoke_3datasets_lda,Cho2017,1,v1_lda,max-prob,0.8571428571428571,0.85,0.5262419875776018,0.4166666666666666,0.5833333333333334,60
moabb_smoke_3datasets_lda,Cho2017,1,v1_lda,max-prob,0.9,0.9,0.5173986914303916,0.4126984126984127,0.5873015873015873,63
moabb_smoke_3datasets_lda,Cho2017,1,v1_lda,max-prob,0.9571428571428572,0.95,0.5087797833290283,0.417910447761194,0.582089552238806,67
moabb_smoke_3datasets_lda,Cho2017,1,v1_lda,max-prob,1.0,1.0,0.5046908272247854,0.4428571428571428,0.5571428571428572,70
moabb_smoke_3datasets_lda,PhysionetMI,1,v1_lda,max-prob,0.0666666666666666,0.05,0.6930509912328691,1.0,0.0,1
moabb_smoke_3datasets_lda,PhysionetMI,1,v1_lda,max-prob,0.1333333333333333,0.1,0.6600861135095403,1.0,0.0,2
moabb_smoke_3datasets_lda,PhysionetMI,1,v1_lda,max-prob,0.2,0.15,0.6324648795697527,0.6666666666666667,0.3333333333333333,3
moabb_smoke_3datasets_lda,PhysionetMI,1,v1_lda,max-prob,0.2,0.2,0.6324648795697527,0.6666666666666667,0.3333333333333333,3
moabb_smoke_3datasets_lda,PhysionetMI,1,v1_lda,max-prob,0.2666666666666666,0.25,0.6267107790480804,0.5,0.5,4
moabb_smoke_3datasets_lda,PhysionetMI,1,v1_lda,max-prob,0.3333333333333333,0.3,0.6266143193443608,0.4,0.6,5
moabb_smoke_3datasets_lda,PhysionetMI,1,v1_lda,max-prob,0.4,0.35,0.6251843350266102,0.3333333333333333,0.6666666666666666,6
moabb_smoke_3datasets_lda,PhysionetMI,1,v1_lda,max-prob,0.4,0.4,0.6251843350266102,0.3333333333333333,0.6666666666666666,6
moabb_smoke_3datasets_lda,PhysionetMI,1,v1_lda,max-prob,0.4666666666666667,0.45,0.6176283326324784,0.2857142857142857,0.7142857142857143,7
moabb_smoke_3datasets_lda,PhysionetMI,1,v1_lda,max-prob,0.5333333333333333,0.5,0.6102114959273824,0.25,0.75,8
moabb_smoke_3datasets_lda,PhysionetMI,1,v1_lda,max-prob,0.6,0.55,0.5933175796169595,0.2222222222222222,0.7777777777777778,9
moabb_smoke_3datasets_lda,PhysionetMI,1,v1_lda,max-prob,0.6,0.6,0.5933175796169595,0.2222222222222222,0.7777777777777778,9
moabb_smoke_3datasets_lda,PhysionetMI,1,v1_lda,max-prob,0.6666666666666666,0.65,0.582532934384061,0.3,0.7,10
moabb_smoke_3datasets_lda,PhysionetMI,1,v1_lda,max-prob,0.7333333333333333,0.7,0.5636751383719375,0.2727272727272727,0.7272727272727273,11
moabb_smoke_3datasets_lda,PhysionetMI,1,v1_lda,max-prob,0.8,0.75,0.5536685800196895,0.25,0.75,12
moabb_smoke_3datasets_lda,PhysionetMI,1,v1_lda,max-prob,0.8,0.8,0.5536685800196895,0.25,0.75,12
moabb_smoke_3datasets_lda,PhysionetMI,1,v1_lda,max-prob,0.8666666666666667,0.85,0.5428655327674079,0.2307692307692307,0.7692307692307693,13
moabb_smoke_3datasets_lda,PhysionetMI,1,v1_lda,max-prob,0.9333333333333332,0.9,0.5333719186379986,0.2142857142857143,0.7857142857142857,14
moabb_smoke_3datasets_lda,PhysionetMI,1,v1_lda,max-prob,1.0,0.95,0.5092128093047753,0.2666666666666667,0.7333333333333333,15
moabb_smoke_3datasets_lda,PhysionetMI,1,v1_lda,max-prob,1.0,1.0,0.5092128093047753,0.2666666666666667,0.7333333333333333,15
moabb_smoke_3datasets_lda,BNCI2014_001,1,v1_lda,max-prob,0.0555555555555555,0.05,0.7611457992703939,0.0,1.0,8
moabb_smoke_3datasets_lda,BNCI2014_001,1,v1_lda,max-prob,0.1041666666666666,0.1,0.7287226998921384,0.0666666666666666,0.9333333333333332,15
moabb_smoke_3datasets_lda,BNCI2014_001,1,v1_lda,max-prob,0.1527777777777778,0.15,0.7038201596513888,0.0454545454545454,0.9545454545454546,22
moabb_smoke_3datasets_lda,BNCI2014_001,1,v1_lda,max-prob,0.2013888888888889,0.2,0.6812130966266966,0.0689655172413793,0.9310344827586208,29
moabb_smoke_3datasets_lda,BNCI2014_001,1,v1_lda,max-prob,0.25,0.25,0.6730673438110508,0.1111111111111111,0.8888888888888888,36
moabb_smoke_3datasets_lda,BNCI2014_001,1,v1_lda,max-prob,0.3055555555555556,0.3,0.65325639643684,0.0909090909090909,0.9090909090909092,44
moabb_smoke_3datasets_lda,BNCI2014_001,1,v1_lda,max-prob,0.3541666666666667,0.35,0.6328273170366163,0.0980392156862745,0.9019607843137256,51
moabb_smoke_3datasets_lda,BNCI2014_001,1,v1_lda,max-prob,0.4027777777777778,0.4,0.6180379701058498,0.086206896551724,0.913793103448276,58
moabb_smoke_3datasets_lda,BNCI2014_001,1,v1_lda,max-prob,0.4513888888888889,0.45,0.6055976253973613,0.1384615384615384,0.8615384615384616,65
moabb_smoke_3datasets_lda,BNCI2014_001,1,v1_lda,max-prob,0.5,0.5,0.597555186263574,0.125,0.875,72
moabb_smoke_3datasets_lda,BNCI2014_001,1,v1_lda,max-prob,0.5555555555555556,0.55,0.5875059106461924,0.15,0.85,80
moabb_smoke_3datasets_lda,BNCI2014_001,1,v1_lda,max-prob,0.6041666666666666,0.6,0.5798175212648969,0.1494252873563218,0.8505747126436781,87
moabb_smoke_3datasets_lda,BNCI2014_001,1,v1_lda,max-prob,0.6527777777777778,0.65,0.5712215390256452,0.1702127659574468,0.8297872340425532,94
moabb_smoke_3datasets_lda,BNCI2014_001,1,v1_lda,max-prob,0.7013888888888888,0.7,0.559482094536467,0.1683168316831683,0.8316831683168316,101
moabb_smoke_3datasets_lda,BNCI2014_001,1,v1_lda,max-prob,0.75,0.75,0.5464895458851101,0.1666666666666666,0.8333333333333334,108
moabb_smoke_3datasets_lda,BNCI2014_001,1,v1_lda,max-prob,0.8055555555555556,0.8,0.537212424620745,0.1724137931034483,0.8275862068965517,116
moabb_smoke_3datasets_lda,BNCI2014_001,1,v1_lda,max-prob,0.8541666666666666,0.85,0.5284014338384686,0.2032520325203252,0.7967479674796748,123
moabb_smoke_3datasets_lda,BNCI2014_001,1,v1_lda,max-prob,0.9027777777777778,0.9,0.5166467962792824,0.1999999999999999,0.8,130
moabb_smoke_3datasets_lda,BNCI2014_001,1,v1_lda,max-prob,0.9513888888888888,0.95,0.505721159135591,0.2189781021897809,0.781021897810219,137
moabb_smoke_3datasets_lda,BNCI2014_001,1,v1_lda,max-prob,1.0,1.0,0.5012116886280567,0.2222222222222222,0.7777777777777778,144
smoke_iiia_lda,BCI_IV_2a,1,v1_lda,max-prob,0.0520833333333333,0.05,0.8011724597892723,0.0,1.0,15
smoke_iiia_lda,BCI_IV_2a,1,v1_lda,max-prob,0.1006944444444444,0.1,0.7577859532135622,0.0,1.0,29
smoke_iiia_lda,BCI_IV_2a,1,v1_lda,max-prob,0.1527777777777778,0.15,0.721874611208103,0.0,1.0,44
smoke_iiia_lda,BCI_IV_2a,1,v1_lda,max-prob,0.2013888888888889,0.2,0.6871921054216277,0.0172413793103448,0.9827586206896552,58
smoke_iiia_lda,BCI_IV_2a,1,v1_lda,max-prob,0.25,0.25,0.671511757102034,0.0416666666666666,0.9583333333333334,72
smoke_iiia_lda,BCI_IV_2a,1,v1_lda,max-prob,0.3020833333333333,0.3,0.6543861507168381,0.0574712643678161,0.942528735632184,87
smoke_iiia_lda,BCI_IV_2a,1,v1_lda,max-prob,0.3506944444444444,0.35,0.6289424608012316,0.0990099009900989,0.900990099009901,101
smoke_iiia_lda,BCI_IV_2a,1,v1_lda,max-prob,0.4027777777777778,0.4,0.6115054851370199,0.1379310344827586,0.8620689655172413,116
smoke_iiia_lda,BCI_IV_2a,1,v1_lda,max-prob,0.4513888888888889,0.45,0.5957536161343504,0.1384615384615384,0.8615384615384616,130
smoke_iiia_lda,BCI_IV_2a,1,v1_lda,max-prob,0.5,0.5,0.5674643872790243,0.1319444444444444,0.8680555555555556,144
smoke_iiia_lda,BCI_IV_2a,1,v1_lda,max-prob,0.5520833333333334,0.55,0.5497576949091904,0.150943396226415,0.8490566037735849,159
smoke_iiia_lda,BCI_IV_2a,1,v1_lda,max-prob,0.6006944444444444,0.6,0.5210926359441823,0.1560693641618497,0.8439306358381503,173
smoke_iiia_lda,BCI_IV_2a,1,v1_lda,max-prob,0.6527777777777778,0.65,0.503482757348264,0.1595744680851063,0.8404255319148937,188
smoke_iiia_lda,BCI_IV_2a,1,v1_lda,max-prob,0.7013888888888888,0.7,0.4956762862076762,0.1732673267326733,0.8267326732673267,202
smoke_iiia_lda,BCI_IV_2a,1,v1_lda,max-prob,0.75,0.75,0.4800086783861479,0.1805555555555555,0.8194444444444444,216
smoke_iiia_lda,BCI_IV_2a,1,v1_lda,max-prob,0.8020833333333334,0.8,0.4632013800394881,0.1991341991341991,0.8008658008658008,231
smoke_iiia_lda,BCI_IV_2a,1,v1_lda,max-prob,0.8506944444444444,0.85,0.440340650969616,0.2204081632653061,0.7795918367346939,245
smoke_iiia_lda,BCI_IV_2a,1,v1_lda,max-prob,0.9027777777777778,0.9,0.4160886315981008,0.2307692307692307,0.7692307692307693,260
smoke_iiia_lda,BCI_IV_2a,1,v1_lda,max-prob,0.9513888888888888,0.95,0.3721090162249319,0.2445255474452554,0.7554744525547445,274
smoke_iiia_lda,BCI_IV_2a,1,v1_lda,max-prob,1.0,1.0,0.2828625676731469,0.2743055555555556,0.7256944444444444,288
smoke_iiia_lda,BCI_IIIa,k3b,v1_lda,max-prob,0.0634920634920634,0.05,0.7744593535869272,0.0,1.0,4
smoke_iiia_lda,BCI_IIIa,k3b,v1_lda,max-prob,0.1111111111111111,0.1,0.7556267704161188,0.0,1.0,7
smoke_iiia_lda,BCI_IIIa,k3b,v1_lda,max-prob,0.1587301587301587,0.15,0.734010962297771,0.0,1.0,10
smoke_iiia_lda,BCI_IIIa,k3b,v1_lda,max-prob,0.2063492063492063,0.2,0.7295880572537947,0.0,1.0,13
smoke_iiia_lda,BCI_IIIa,k3b,v1_lda,max-prob,0.2539682539682539,0.25,0.7030637783212043,0.0,1.0,16
smoke_iiia_lda,BCI_IIIa,k3b,v1_lda,max-prob,0.3015873015873015,0.3,0.6935158007465518,0.0,1.0,19
smoke_iiia_lda,BCI_IIIa,k3b,v1_lda,max-prob,0.365079365079365,0.35,0.6735613566431685,0.0,1.0,23
smoke_iiia_lda,BCI_IIIa,k3b,v1_lda,max-prob,0.4126984126984127,0.4,0.6509875393019273,0.0,1.0,26
smoke_iiia_lda,BCI_IIIa,k3b,v1_lda,max-prob,0.4603174603174603,0.45,0.6391840978479484,0.0,1.0,29
smoke_iiia_lda,BCI_IIIa,k3b,v1_lda,max-prob,0.5079365079365079,0.5,0.6305050710030234,0.0,1.0,32
smoke_iiia_lda,BCI_IIIa,k3b,v1_lda,max-prob,0.5555555555555556,0.55,0.6198499402508629,0.0,1.0,35
smoke_iiia_lda,BCI_IIIa,k3b,v1_lda,max-prob,0.6031746031746031,0.6,0.6106219100108954,0.0,1.0,38
smoke_iiia_lda,BCI_IIIa,k3b,v1_lda,max-prob,0.6507936507936508,0.65,0.6016926900615996,0.0,1.0,41
smoke_iiia_lda,BCI_IIIa,k3b,v1_lda,max-prob,0.7142857142857143,0.7,0.5777841770209556,0.0,1.0,45
smoke_iiia_lda,BCI_IIIa,k3b,v1_lda,max-prob,0.7619047619047619,0.75,0.5467461300501898,0.0208333333333333,0.9791666666666666,48
smoke_iiia_lda,BCI_IIIa,k3b,v1_lda,max-prob,0.8095238095238095,0.8,0.5093801207077833,0.0588235294117647,0.9411764705882352,51
smoke_iiia_lda,BCI_IIIa,k3b,v1_lda,max-prob,0.8571428571428571,0.85,0.4994092271624515,0.0555555555555555,0.9444444444444444,54
smoke_iiia_lda,BCI_IIIa,k3b,v1_lda,max-prob,0.9047619047619048,0.9,0.4767311084798721,0.0701754385964912,0.9298245614035088,57
smoke_iiia_lda,BCI_IIIa,k3b,v1_lda,max-prob,0.9523809523809524,0.95,0.4478261872505611,0.0999999999999999,0.9,60
smoke_iiia_lda,BCI_IIIa,k3b,v1_lda,max-prob,1.0,1.0,0.3044677240904959,0.1428571428571429,0.8571428571428571,63
smoke_iiia_lda,BCI_IIIa,k6b,v1_lda,max-prob,0.0714285714285714,0.05,0.5580162230028328,0.0,1.0,3
smoke_iiia_lda,BCI_IIIa,k6b,v1_lda,max-prob,0.119047619047619,0.1,0.5505701386027231,0.4,0.6,5
smoke_iiia_lda,BCI_IIIa,k6b,v1_lda,max-prob,0.1666666666666666,0.15,0.541595124060614,0.2857142857142857,0.7142857142857143,7
smoke_iiia_lda,BCI_IIIa,k6b,v1_lda,max-prob,0.2142857142857142,0.2,0.5075147186901283,0.2222222222222222,0.7777777777777778,9
smoke_iiia_lda,BCI_IIIa,k6b,v1_lda,max-prob,0.2619047619047619,0.25,0.4907440556571112,0.3636363636363636,0.6363636363636364,11
smoke_iiia_lda,BCI_IIIa,k6b,v1_lda,max-prob,0.3095238095238095,0.3,0.4899704194078447,0.3846153846153846,0.6153846153846154,13
smoke_iiia_lda,BCI_IIIa,k6b,v1_lda,max-prob,0.3571428571428571,0.35,0.4783811590887041,0.3333333333333333,0.6666666666666666,15
smoke_iiia_lda,BCI_IIIa,k6b,v1_lda,max-prob,0.4047619047619047,0.4,0.4617440548222507,0.3529411764705882,0.6470588235294118,17
smoke_iiia_lda,BCI_IIIa,k6b,v1_lda,max-prob,0.4523809523809524,0.45,0.4415715434452983,0.3157894736842105,0.6842105263157895,19
smoke_iiia_lda,BCI_IIIa,k6b,v1_lda,max-prob,0.5,0.5,0.4254248869148915,0.3333333333333333,0.6666666666666666,21
smoke_iiia_lda,BCI_IIIa,k6b,v1_lda,max-prob,0.5714285714285714,0.55,0.4178333623506829,0.375,0.625,24
smoke_iiia_lda,BCI_IIIa,k6b,v1_lda,max-prob,0.6190476190476191,0.6,0.41002454760375,0.3846153846153846,0.6153846153846154,26
smoke_iiia_lda,BCI_IIIa,k6b,v1_lda,max-prob,0.6666666666666666,0.65,0.3976585437239489,0.3571428571428571,0.6428571428571429,28
smoke_iiia_lda,BCI_IIIa,k6b,v1_lda,max-prob,0.7142857142857143,0.7,0.3913312117616523,0.3666666666666667,0.6333333333333333,30
smoke_iiia_lda,BCI_IIIa,k6b,v1_lda,max-prob,0.7619047619047619,0.75,0.3746544135619992,0.34375,0.65625,32
smoke_iiia_lda,BCI_IIIa,k6b,v1_lda,max-prob,0.8095238095238095,0.8,0.3725838100365427,0.3529411764705882,0.6470588235294118,34
smoke_iiia_lda,BCI_IIIa,k6b,v1_lda,max-prob,0.8571428571428571,0.85,0.3527833958491608,0.3611111111111111,0.6388888888888888,36
smoke_iiia_lda,BCI_IIIa,k6b,v1_lda,max-prob,0.9047619047619048,0.9,0.3461253247975384,0.368421052631579,0.631578947368421,38
smoke_iiia_lda,BCI_IIIa,k6b,v1_lda,max-prob,0.9523809523809524,0.95,0.3221153930771425,0.375,0.625,40
smoke_iiia_lda,BCI_IIIa,k6b,v1_lda,max-prob,1.0,1.0,0.287111246392535,0.3809523809523809,0.6190476190476191,42
smoke_iiia_lda,BCI_IIIa,l1b,v1_lda,max-prob,0.0714285714285714,0.05,0.4737275187330583,0.0,1.0,3
smoke_iiia_lda,BCI_IIIa,l1b,v1_lda,max-prob,0.119047619047619,0.1,0.4518720137480064,0.1999999999999999,0.8,5
smoke_iiia_lda,BCI_IIIa,l1b,v1_lda,max-prob,0.1666666666666666,0.15,0.4388340710107837,0.2857142857142857,0.7142857142857143,7
smoke_iiia_lda,BCI_IIIa,l1b,v1_lda,max-prob,0.2142857142857142,0.2,0.4340185243094523,0.2222222222222222,0.7777777777777778,9
smoke_iiia_lda,BCI_IIIa,l1b,v1_lda,max-prob,0.2619047619047619,0.25,0.4309727324377845,0.3636363636363636,0.6363636363636364,11
smoke_iiia_lda,BCI_IIIa,l1b,v1_lda,max-prob,0.3095238095238095,0.3,0.4014845258093105,0.3846153846153846,0.6153846153846154,13
smoke_iiia_lda,BCI_IIIa,l1b,v1_lda,max-prob,0.3571428571428571,0.35,0.398879332172297,0.3333333333333333,0.6666666666666666,15
smoke_iiia_lda,BCI_IIIa,l1b,v1_lda,max-prob,0.4047619047619047,0.4,0.3963067560896583,0.2941176470588235,0.7058823529411765,17
smoke_iiia_lda,BCI_IIIa,l1b,v1_lda,max-prob,0.4523809523809524,0.45,0.3927488900892914,0.2631578947368421,0.7368421052631579,19
smoke_iiia_lda,BCI_IIIa,l1b,v1_lda,max-prob,0.5,0.5,0.3888021949870239,0.2857142857142857,0.7142857142857143,21
smoke_iiia_lda,BCI_IIIa,l1b,v1_lda,max-prob,0.5714285714285714,0.55,0.3841369048335438,0.2916666666666666,0.7083333333333334,24
smoke_iiia_lda,BCI_IIIa,l1b,v1_lda,max-prob,0.6190476190476191,0.6,0.3748726229568215,0.3076923076923077,0.6923076923076923,26
smoke_iiia_lda,BCI_IIIa,l1b,v1_lda,max-prob,0.6666666666666666,0.65,0.3680859452426358,0.3571428571428571,0.6428571428571429,28
smoke_iiia_lda,BCI_IIIa,l1b,v1_lda,max-prob,0.7142857142857143,0.7,0.3563487877145421,0.3666666666666667,0.6333333333333333,30
smoke_iiia_lda,BCI_IIIa,l1b,v1_lda,max-prob,0.7619047619047619,0.75,0.3449034478105574,0.375,0.625,32
smoke_iiia_lda,BCI_IIIa,l1b,v1_lda,max-prob,0.8095238095238095,0.8,0.3299342319808034,0.4117647058823529,0.5882352941176471,34
smoke_iiia_lda,BCI_IIIa,l1b,v1_lda,max-prob,0.8571428571428571,0.85,0.3283947757196706,0.4444444444444444,0.5555555555555556,36
smoke_iiia_lda,BCI_IIIa,l1b,v1_lda,max-prob,0.9047619047619048,0.9,0.3132238158139381,0.4736842105263158,0.5263157894736842,38
smoke_iiia_lda,BCI_IIIa,l1b,v1_lda,max-prob,0.9523809523809524,0.95,0.2984232810910989,0.475,0.525,40
smoke_iiia_lda,BCI_IIIa,l1b,v1_lda,max-prob,1.0,1.0,0.2652080160083356,0.5,0.5,42
moabb_5subj_3datasets_lda,BCI_IV_2a,1,v1_lda,max-prob,0.0520833333333333,0.05,0.8011724597892723,0.0,1.0,15
moabb_5subj_3datasets_lda,BCI_IV_2a,1,v1_lda,max-prob,0.1006944444444444,0.1,0.7577859532135622,0.0,1.0,29
moabb_5subj_3datasets_lda,BCI_IV_2a,1,v1_lda,max-prob,0.1527777777777778,0.15,0.721874611208103,0.0,1.0,44
moabb_5subj_3datasets_lda,BCI_IV_2a,1,v1_lda,max-prob,0.2013888888888889,0.2,0.6871921054216277,0.0172413793103448,0.9827586206896552,58
moabb_5subj_3datasets_lda,BCI_IV_2a,1,v1_lda,max-prob,0.25,0.25,0.671511757102034,0.0416666666666666,0.9583333333333334,72
moabb_5subj_3datasets_lda,BCI_IV_2a,1,v1_lda,max-prob,0.3020833333333333,0.3,0.6543861507168381,0.0574712643678161,0.942528735632184,87
moabb_5subj_3datasets_lda,BCI_IV_2a,1,v1_lda,max-prob,0.3506944444444444,0.35,0.6289424608012316,0.0990099009900989,0.900990099009901,101
moabb_5subj_3datasets_lda,BCI_IV_2a,1,v1_lda,max-prob,0.4027777777777778,0.4,0.6115054851370199,0.1379310344827586,0.8620689655172413,116
moabb_5subj_3datasets_lda,BCI_IV_2a,1,v1_lda,max-prob,0.4513888888888889,0.45,0.5957536161343504,0.1384615384615384,0.8615384615384616,130
moabb_5subj_3datasets_lda,BCI_IV_2a,1,v1_lda,max-prob,0.5,0.5,0.5674643872790243,0.1319444444444444,0.8680555555555556,144
moabb_5subj_3datasets_lda,BCI_IV_2a,1,v1_lda,max-prob,0.5520833333333334,0.55,0.5497576949091904,0.150943396226415,0.8490566037735849,159
moabb_5subj_3datasets_lda,BCI_IV_2a,1,v1_lda,max-prob,0.6006944444444444,0.6,0.5210926359441823,0.1560693641618497,0.8439306358381503,173
moabb_5subj_3datasets_lda,BCI_IV_2a,1,v1_lda,max-prob,0.6527777777777778,0.65,0.503482757348264,0.1595744680851063,0.8404255319148937,188
moabb_5subj_3datasets_lda,BCI_IV_2a,1,v1_lda,max-prob,0.7013888888888888,0.7,0.4956762862076762,0.1732673267326733,0.8267326732673267,202
moabb_5subj_3datasets_lda,BCI_IV_2a,1,v1_lda,max-prob,0.75,0.75,0.4800086783861479,0.1805555555555555,0.8194444444444444,216
moabb_5subj_3datasets_lda,BCI_IV_2a,1,v1_lda,max-prob,0.8020833333333334,0.8,0.4632013800394881,0.1991341991341991,0.8008658008658008,231
moabb_5subj_3datasets_lda,BCI_IV_2a,1,v1_lda,max-prob,0.8506944444444444,0.85,0.440340650969616,0.2204081632653061,0.7795918367346939,245
moabb_5subj_3datasets_lda,BCI_IV_2a,1,v1_lda,max-prob,0.9027777777777778,0.9,0.4160886315981008,0.2307692307692307,0.7692307692307693,260
moabb_5subj_3datasets_lda,BCI_IV_2a,1,v1_lda,max-prob,0.9513888888888888,0.95,0.3721090162249319,0.2445255474452554,0.7554744525547445,274
moabb_5subj_3datasets_lda,BCI_IV_2a,1,v1_lda,max-prob,1.0,1.0,0.2828625676731469,0.2743055555555556,0.7256944444444444,288
moabb_5subj_3datasets_lda,BCI_IV_2a,2,v1_lda,max-prob,0.0520833333333333,0.05,0.5980331876372637,0.1333333333333333,0.8666666666666667,15
moabb_5subj_3datasets_lda,BCI_IV_2a,2,v1_lda,max-prob,0.1006944444444444,0.1,0.5876272899074868,0.3103448275862068,0.6896551724137931,29
moabb_5subj_3datasets_lda,BCI_IV_2a,2,v1_lda,max-prob,0.1527777777777778,0.15,0.5810848606210667,0.4545454545454546,0.5454545454545454,44
moabb_5subj_3datasets_lda,BCI_IV_2a,2,v1_lda,max-prob,0.2013888888888889,0.2,0.5760380219569335,0.396551724137931,0.603448275862069,58
moabb_5subj_3datasets_lda,BCI_IV_2a,2,v1_lda,max-prob,0.25,0.25,0.5727519507645569,0.4444444444444444,0.5555555555555556,72
moabb_5subj_3datasets_lda,BCI_IV_2a,2,v1_lda,max-prob,0.3020833333333333,0.3,0.5659209673269942,0.4712643678160919,0.5287356321839081,87
moabb_5subj_3datasets_lda,BCI_IV_2a,2,v1_lda,max-prob,0.3506944444444444,0.35,0.5618577500943905,0.4851485148514851,0.5148514851485149,101
moabb_5subj_3datasets_lda,BCI_IV_2a,2,v1_lda,max-prob,0.4027777777777778,0.4,0.5563305953738215,0.5258620689655172,0.4741379310344827,116
moabb_5subj_3datasets_lda,BCI_IV_2a,2,v1_lda,max-prob,0.4513888888888889,0.45,0.5537083731977239,0.5692307692307692,0.4307692307692308,130
moabb_5subj_3datasets_lda,BCI_IV_2a,2,v1_lda,max-prob,0.5,0.5,0.5495862589746021,0.5972222222222222,0.4027777777777778,144
moabb_5subj_3datasets_lda,BCI_IV_2a,2,v1_lda,max-prob,0.5520833333333334,0.55,0.5437045517741088,0.6352201257861636,0.3647798742138364,159
moabb_5subj_3datasets_lda,BCI_IV_2a,2,v1_lda,max-prob,0.6006944444444444,0.6,0.5384421341504679,0.653179190751445,0.3468208092485549,173
moabb_5subj_3datasets_lda,BCI_IV_2a,2,v1_lda,max-prob,0.6527777777777778,0.65,0.5335056699725763,0.6542553191489362,0.3457446808510638,188
moabb_5subj_3datasets_lda,BCI_IV_2a,2,v1_lda,max-prob,0.7013888888888888,0.7,0.5288197433699675,0.6633663366336633,0.3366336633663366,202
moabb_5subj_3datasets_lda,BCI_IV_2a,2,v1_lda,max-prob,0.75,0.75,0.5220891082151187,0.6805555555555556,0.3194444444444444,216
moabb_5subj_3datasets_lda,BCI_IV_2a,2,v1_lda,max-prob,0.8020833333333334,0.8,0.5136545545131977,0.6926406926406927,0.3073593073593073,231
moabb_5subj_3datasets_lda,BCI_IV_2a,2,v1_lda,max-prob,0.8506944444444444,0.85,0.5063995959180524,0.7102040816326531,0.2897959183673469,245
moabb_5subj_3datasets_lda,BCI_IV_2a,2,v1_lda,max-prob,0.9027777777777778,0.9,0.4945668868791406,0.7230769230769231,0.2769230769230769,260
moabb_5subj_3datasets_lda,BCI_IV_2a,2,v1_lda,max-prob,0.9513888888888888,0.95,0.4817394508599792,0.7372262773722628,0.2627737226277372,274
moabb_5subj_3datasets_lda,BCI_IV_2a,2,v1_lda,max-prob,1.0,1.0,0.4466662721267816,0.75,0.25,288
moabb_5subj_3datasets_lda,BCI_IV_2a,3,v1_lda,max-prob,0.0520833333333333,0.05,0.8256026253891373,0.0,1.0,15
moabb_5subj_3datasets_lda,BCI_IV_2a,3,v1_lda,max-prob,0.1006944444444444,0.1,0.7849570237955671,0.0,1.0,29
moabb_5subj_3datasets_lda,BCI_IV_2a,3,v1_lda,max-prob,0.1527777777777778,0.15,0.7662058328876215,0.0227272727272727,0.9772727272727272,44
moabb_5subj_3datasets_lda,BCI_IV_2a,3,v1_lda,max-prob,0.2013888888888889,0.2,0.7441402067953465,0.0172413793103448,0.9827586206896552,58
moabb_5subj_3datasets_lda,BCI_IV_2a,3,v1_lda,max-prob,0.25,0.25,0.7166664095267846,0.0277777777777777,0.9722222222222222,72
moabb_5subj_3datasets_lda,BCI_IV_2a,3,v1_lda,max-prob,0.3020833333333333,0.3,0.6855125737299718,0.0344827586206896,0.9655172413793104,87
moabb_5subj_3datasets_lda,BCI_IV_2a,3,v1_lda,max-prob,0.3506944444444444,0.35,0.6713519636775495,0.0495049504950495,0.9504950495049505,101
moabb_5subj_3datasets_lda,BCI_IV_2a,3,v1_lda,max-prob,0.4027777777777778,0.4,0.6537994288376746,0.0517241379310344,0.9482758620689656,116
moabb_5subj_3datasets_lda,BCI_IV_2a,3,v1_lda,max-prob,0.4513888888888889,0.45,0.6296685717812908,0.0769230769230768,0.9230769230769232,130
moabb_5subj_3datasets_lda,BCI_IV_2a,3,v1_lda,max-prob,0.5,0.5,0.6055594116147597,0.0833333333333333,0.9166666666666666,144
moabb_5subj_3datasets_lda,BCI_IV_2a,3,v1_lda,max-prob,0.5520833333333334,0.55,0.5791486264721493,0.0943396226415094,0.9056603773584906,159
moabb_5subj_3datasets_lda,BCI_IV_2a,3,v1_lda,max-prob,0.6006944444444444,0.6,0.561546792123562,0.1098265895953757,0.8901734104046243,173
moabb_5subj_3datasets_lda,BCI_IV_2a,3,v1_lda,max-prob,0.6527777777777778,0.65,0.538072196781192,0.127659574468085,0.8723404255319149,188
moabb_5subj_3datasets_lda,BCI_IV_2a,3,v1_lda,max-prob,0.7013888888888888,0.7,0.5191888973998027,0.1584158415841584,0.8415841584158416,202
moabb_5subj_3datasets_lda,BCI_IV_2a,3,v1_lda,max-prob,0.75,0.75,0.4984352959011296,0.1712962962962962,0.8287037037037037,216
moabb_5subj_3datasets_lda,BCI_IV_2a,3,v1_lda,max-prob,0.8020833333333334,0.8,0.4792332980054388,0.1774891774891774,0.8225108225108225,231
moabb_5subj_3datasets_lda,BCI_IV_2a,3,v1_lda,max-prob,0.8506944444444444,0.85,0.4544798569983082,0.1755102040816326,0.8244897959183674,245
moabb_5subj_3datasets_lda,BCI_IV_2a,3,v1_lda,max-prob,0.9027777777777778,0.9,0.42820557889808,0.2038461538461539,0.7961538461538461,260
moabb_5subj_3datasets_lda,BCI_IV_2a,3,v1_lda,max-prob,0.9513888888888888,0.95,0.3992524450190814,0.22992700729927,0.7700729927007299,274
moabb_5subj_3datasets_lda,BCI_IV_2a,3,v1_lda,max-prob,1.0,1.0,0.2984318420779279,0.2361111111111111,0.7638888888888888,288
moabb_5subj_3datasets_lda,BCI_IV_2a,4,v1_lda,max-prob,0.0520833333333333,0.05,0.3987817710587396,0.4666666666666667,0.5333333333333333,15
moabb_5subj_3datasets_lda,BCI_IV_2a,4,v1_lda,max-prob,0.1006944444444444,0.1,0.3825574515775341,0.6206896551724138,0.3793103448275862,29
moabb_5subj_3datasets_lda,BCI_IV_2a,4,v1_lda,max-prob,0.1527777777777778,0.15,0.3736035561789592,0.5909090909090908,0.4090909090909091,44
moabb_5subj_3datasets_lda,BCI_IV_2a,4,v1_lda,max-prob,0.2013888888888889,0.2,0.3655039084064855,0.603448275862069,0.396551724137931,58
moabb_5subj_3datasets_lda,BCI_IV_2a,4,v1_lda,max-prob,0.25,0.25,0.3600437678958149,0.5833333333333333,0.4166666666666667,72
moabb_5subj_3datasets_lda,BCI_IV_2a,4,v1_lda,max-prob,0.3020833333333333,0.3,0.356781378138002,0.5977011494252873,0.4022988505747126,87
moabb_5subj_3datasets_lda,BCI_IV_2a,4,v1_lda,max-prob,0.3506944444444444,0.35,0.3543405914699245,0.6138613861386139,0.3861386138613861,101
moabb_5subj_3datasets_lda,BCI_IV_2a,4,v1_lda,max-prob,0.4027777777777778,0.4,0.3514718842877798,0.6293103448275862,0.3706896551724138,116
moabb_5subj_3datasets_lda,BCI_IV_2a,4,v1_lda,max-prob,0.4513888888888889,0.45,0.3498522900724722,0.6307692307692307,0.3692307692307692,130
moabb_5subj_3datasets_lda,BCI_IV_2a,4,v1_lda,max-prob,0.5,0.5,0.3479086973807401,0.6527777777777778,0.3472222222222222,144
moabb_5subj_3datasets_lda,BCI_IV_2a,4,v1_lda,max-prob,0.5520833333333334,0.55,0.3456766549414045,0.679245283018868,0.320754716981132,159
moabb_5subj_3datasets_lda,BCI_IV_2a,4,v1_lda,max-prob,0.6006944444444444,0.6,0.3431588691591489,0.676300578034682,0.3236994219653179,173
moabb_5subj_3datasets_lda,BCI_IV_2a,4,v1_lda,max-prob,0.6527777777777778,0.65,0.3417225427288552,0.6861702127659575,0.3138297872340425,188
moabb_5subj_3datasets_lda,BCI_IV_2a,4,v1_lda,max-prob,0.7013888888888888,0.7,0.3406132608838707,0.698019801980198,0.3019801980198019,202
moabb_5subj_3datasets_lda,BCI_IV_2a,4,v1_lda,max-prob,0.75,0.75,0.3396974513301032,0.7083333333333333,0.2916666666666667,216
moabb_5subj_3datasets_lda,BCI_IV_2a,4,v1_lda,max-prob,0.8020833333333334,0.8,0.338029339397958,0.7142857142857143,0.2857142857142857,231
moabb_5subj_3datasets_lda,BCI_IV_2a,4,v1_lda,max-prob,0.8506944444444444,0.85,0.3366935734232593,0.726530612244898,0.273469387755102,245
moabb_5subj_3datasets_lda,BCI_IV_2a,4,v1_lda,max-prob,0.9027777777777778,0.9,0.335684083720791,0.7307692307692308,0.2692307692307692,260
moabb_5subj_3datasets_lda,BCI_IV_2a,4,v1_lda,max-prob,0.9513888888888888,0.95,0.3343431266047769,0.7408759124087592,0.2591240875912409,274
moabb_5subj_3datasets_lda,BCI_IV_2a,4,v1_lda,max-prob,1.0,1.0,0.3323567369927771,0.75,0.25,288
moabb_5subj_3datasets_lda,BCI_IV_2a,5,v1_lda,max-prob,0.0520833333333333,0.05,0.4624780289621474,0.7333333333333334,0.2666666666666666,15
moabb_5subj_3datasets_lda,BCI_IV_2a,5,v1_lda,max-prob,0.1006944444444444,0.1,0.4563008636896133,0.6896551724137931,0.3103448275862069,29
moabb_5subj_3datasets_lda,BCI_IV_2a,5,v1_lda,max-prob,0.1527777777777778,0.15,0.4518810420265191,0.6818181818181819,0.3181818181818182,44
moabb_5subj_3datasets_lda,BCI_IV_2a,5,v1_lda,max-prob,0.2013888888888889,0.2,0.448074229927431,0.6206896551724138,0.3793103448275862,58
moabb_5subj_3datasets_lda,BCI_IV_2a,5,v1_lda,max-prob,0.25,0.25,0.4459027999300513,0.6527777777777778,0.3472222222222222,72
moabb_5subj_3datasets_lda,BCI_IV_2a,5,v1_lda,max-prob,0.3020833333333333,0.3,0.4434616700187351,0.6436781609195402,0.3563218390804598,87
moabb_5subj_3datasets_lda,BCI_IV_2a,5,v1_lda,max-prob,0.3506944444444444,0.35,0.4415736950593297,0.6435643564356436,0.3564356435643564,101
moabb_5subj_3datasets_lda,BCI_IV_2a,5,v1_lda,max-prob,0.4027777777777778,0.4,0.4395669877192443,0.6551724137931034,0.3448275862068966,116
moabb_5subj_3datasets_lda,BCI_IV_2a,5,v1_lda,max-prob,0.4513888888888889,0.45,0.4372215764874445,0.6692307692307693,0.3307692307692307,130
moabb_5subj_3datasets_lda,BCI_IV_2a,5,v1_lda,max-prob,0.5,0.5,0.4357878994409046,0.7013888888888888,0.2986111111111111,144
moabb_5subj_3datasets_lda,BCI_IV_2a,5,v1_lda,max-prob,0.5520833333333334,0.55,0.4337375142320814,0.7044025157232705,0.2955974842767295,159
moabb_5subj_3datasets_lda,BCI_IV_2a,5,v1_lda,max-prob,0.6006944444444444,0.6,0.432595368114175,0.6936416184971098,0.3063583815028902,173
moabb_5subj_3datasets_lda,BCI_IV_2a,5,v1_lda,max-prob,0.6527777777777778,0.65,0.4308280322906317,0.6968085106382979,0.3031914893617021,188
moabb_5subj_3datasets_lda,BCI_IV_2a,5,v1_lda,max-prob,0.7013888888888888,0.7,0.4294329619160217,0.7029702970297029,0.297029702970297,202
moabb_5subj_3datasets_lda,BCI_IV_2a,5,v1_lda,max-prob,0.75,0.75,0.4282466394481429,0.6944444444444444,0.3055555555555556,216
moabb_5subj_3datasets_lda,BCI_IV_2a,5,v1_lda,max-prob,0.8020833333333334,0.8,0.4260133457246174,0.7056277056277056,0.2943722943722944,231
moabb_5subj_3datasets_lda,BCI_IV_2a,5,v1_lda,max-prob,0.8506944444444444,0.85,0.4240349367570368,0.7020408163265306,0.2979591836734694,245
moabb_5subj_3datasets_lda,BCI_IV_2a,5,v1_lda,max-prob,0.9027777777777778,0.9,0.4210884960689755,0.6961538461538461,0.3038461538461538,260
moabb_5subj_3datasets_lda,BCI_IV_2a,5,v1_lda,max-prob,0.9513888888888888,0.95,0.4183665120293494,0.6934306569343065,0.3065693430656934,274
moabb_5subj_3datasets_lda,BCI_IV_2a,5,v1_lda,max-prob,1.0,1.0,0.3988798158711989,0.6944444444444444,0.3055555555555556,288
moabb_5subj_3datasets_lda,BCI_IV_2a,6,v1_lda,max-prob,0.0520833333333333,0.05,0.601388925069526,0.6666666666666667,0.3333333333333333,15
moabb_5subj_3datasets_lda,BCI_IV_2a,6,v1_lda,max-prob,0.1006944444444444,0.1,0.5904091065807621,0.5862068965517242,0.4137931034482758,29
moabb_5subj_3datasets_lda,BCI_IV_2a,6,v1_lda,max-prob,0.1527777777777778,0.15,0.5781194116049412,0.5227272727272727,0.4772727272727273,44
moabb_5subj_3datasets_lda,BCI_IV_2a,6,v1_lda,max-prob,0.2013888888888889,0.2,0.572225122984525,0.5344827586206897,0.4655172413793103,58
moabb_5subj_3datasets_lda,BCI_IV_2a,6,v1_lda,max-prob,0.25,0.25,0.5684586944426194,0.5416666666666667,0.4583333333333333,72
moabb_5subj_3datasets_lda,BCI_IV_2a,6,v1_lda,max-prob,0.3020833333333333,0.3,0.560765715890693,0.5632183908045977,0.4367816091954023,87
moabb_5subj_3datasets_lda,BCI_IV_2a,6,v1_lda,max-prob,0.3506944444444444,0.35,0.5554693640117554,0.6039603960396039,0.396039603960396,101
moabb_5subj_3datasets_lda,BCI_IV_2a,6,v1_lda,max-prob,0.4027777777777778,0.4,0.5513872127880214,0.6379310344827587,0.3620689655172414,116
moabb_5subj_3datasets_lda,BCI_IV_2a,6,v1_lda,max-prob,0.4513888888888889,0.45,0.5443309766591518,0.6538461538461539,0.3461538461538461,130
moabb_5subj_3datasets_lda,BCI_IV_2a,6,v1_lda,max-prob,0.5,0.5,0.5396720742234076,0.6736111111111112,0.3263888888888889,144
moabb_5subj_3datasets_lda,BCI_IV_2a,6,v1_lda,max-prob,0.5520833333333334,0.55,0.5357812566307898,0.6666666666666667,0.3333333333333333,159
moabb_5subj_3datasets_lda,BCI_IV_2a,6,v1_lda,max-prob,0.6006944444444444,0.6,0.5319579924554659,0.676300578034682,0.3236994219653179,173
moabb_5subj_3datasets_lda,BCI_IV_2a,6,v1_lda,max-prob,0.6527777777777778,0.65,0.5271576204587715,0.6808510638297872,0.3191489361702128,188
moabb_5subj_3datasets_lda,BCI_IV_2a,6,v1_lda,max-prob,0.7013888888888888,0.7,0.5227400938288362,0.693069306930693,0.3069306930693069,202
moabb_5subj_3datasets_lda,BCI_IV_2a,6,v1_lda,max-prob,0.75,0.75,0.5173620147472158,0.7037037037037037,0.2962962962962963,216
moabb_5subj_3datasets_lda,BCI_IV_2a,6,v1_lda,max-prob,0.8020833333333334,0.8,0.5128472832573202,0.7099567099567099,0.29004329004329,231
moabb_5subj_3datasets_lda,BCI_IV_2a,6,v1_lda,max-prob,0.8506944444444444,0.85,0.5047133609880514,0.7102040816326531,0.2897959183673469,245
moabb_5subj_3datasets_lda,BCI_IV_2a,6,v1_lda,max-prob,0.9027777777777778,0.9,0.4970803877243899,0.726923076923077,0.273076923076923,260
moabb_5subj_3datasets_lda,BCI_IV_2a,6,v1_lda,max-prob,0.9513888888888888,0.95,0.4890861974271908,0.7408759124087592,0.2591240875912409,274
moabb_5subj_3datasets_lda,BCI_IV_2a,6,v1_lda,max-prob,1.0,1.0,0.4291337575306338,0.75,0.25,288
moabb_5subj_3datasets_lda,BCI_IV_2a,7,v1_lda,max-prob,0.0520833333333333,0.05,0.5254528026645378,0.0,1.0,15
moabb_5subj_3datasets_lda,BCI_IV_2a,7,v1_lda,max-prob,0.1006944444444444,0.1,0.5020882741268134,0.0344827586206896,0.9655172413793104,29
moabb_5subj_3datasets_lda,BCI_IV_2a,7,v1_lda,max-prob,0.1527777777777778,0.15,0.4838719762321584,0.0909090909090909,0.9090909090909092,44
moabb_5subj_3datasets_lda,BCI_IV_2a,7,v1_lda,max-prob,0.2013888888888889,0.2,0.4585740033699912,0.1724137931034483,0.8275862068965517,58
moabb_5subj_3datasets_lda,BCI_IV_2a,7,v1_lda,max-prob,0.25,0.25,0.4473426600825136,0.2361111111111111,0.7638888888888888,72
moabb_5subj_3datasets_lda,BCI_IV_2a,7,v1_lda,max-prob,0.3020833333333333,0.3,0.434685482318727,0.3103448275862068,0.6896551724137931,87
moabb_5subj_3datasets_lda,BCI_IV_2a,7,v1_lda,max-prob,0.3506944444444444,0.35,0.4256983043656158,0.3366336633663366,0.6633663366336634,101
moabb_5subj_3datasets_lda,BCI_IV_2a,7,v1_lda,max-prob,0.4027777777777778,0.4,0.4152417117851616,0.3706896551724138,0.6293103448275862,116
moabb_5subj_3datasets_lda,BCI_IV_2a,7,v1_lda,max-prob,0.4513888888888889,0.45,0.4031440430953044,0.3923076923076923,0.6076923076923076,130
moabb_5subj_3datasets_lda,BCI_IV_2a,7,v1_lda,max-prob,0.5,0.5,0.3974990729699509,0.4375,0.5625,144
moabb_5subj_3datasets_lda,BCI_IV_2a,7,v1_lda,max-prob,0.5520833333333334,0.55,0.3926459083974481,0.4591194968553459,0.5408805031446541,159
moabb_5subj_3datasets_lda,BCI_IV_2a,7,v1_lda,max-prob,0.6006944444444444,0.6,0.3867032795702469,0.4855491329479768,0.5144508670520231,173
moabb_5subj_3datasets_lda,BCI_IV_2a,7,v1_lda,max-prob,0.6527777777777778,0.65,0.3818272337916348,0.5106382978723405,0.4893617021276595,188
moabb_5subj_3datasets_lda,BCI_IV_2a,7,v1_lda,max-prob,0.7013888888888888,0.7,0.3771566674959345,0.5297029702970297,0.4702970297029702,202
moabb_5subj_3datasets_lda,BCI_IV_2a,7,v1_lda,max-prob,0.75,0.75,0.3733273024845289,0.5416666666666667,0.4583333333333333,216
moabb_5subj_3datasets_lda,BCI_IV_2a,7,v1_lda,max-prob,0.8020833333333334,0.8,0.3682734530145199,0.5627705627705628,0.4372294372294372,231
moabb_5subj_3datasets_lda,BCI_IV_2a,7,v1_lda,max-prob,0.8506944444444444,0.85,0.3617061824070819,0.5836734693877551,0.4163265306122449,245
moabb_5subj_3datasets_lda,BCI_IV_2a,7,v1_lda,max-prob,0.9027777777777778,0.9,0.3567908851372451,0.6076923076923078,0.3923076923076923,260
moabb_5subj_3datasets_lda,BCI_IV_2a,7,v1_lda,max-prob,0.9513888888888888,0.95,0.3496704101351837,0.6131386861313868,0.3868613138686131,274
moabb_5subj_3datasets_lda,BCI_IV_2a,7,v1_lda,max-prob,1.0,1.0,0.340460812307495,0.6284722222222222,0.3715277777777778,288
moabb_5subj_3datasets_lda,BCI_IV_2a,8,v1_lda,max-prob,0.0520833333333333,0.05,0.5916802506217842,0.1333333333333333,0.8666666666666667,15
moabb_5subj_3datasets_lda,BCI_IV_2a,8,v1_lda,max-prob,0.1006944444444444,0.1,0.5351536740584132,0.1724137931034483,0.8275862068965517,29
moabb_5subj_3datasets_lda,BCI_IV_2a,8,v1_lda,max-prob,0.1527777777777778,0.15,0.4771135990446962,0.25,0.75,44
moabb_5subj_3datasets_lda,BCI_IV_2a,8,v1_lda,max-prob,0.2013888888888889,0.2,0.4656897581512749,0.2586206896551724,0.7413793103448276,58
moabb_5subj_3datasets_lda,BCI_IV_2a,8,v1_lda,max-prob,0.25,0.25,0.4561550279851651,0.2777777777777778,0.7222222222222222,72
moabb_5subj_3datasets_lda,BCI_IV_2a,8,v1_lda,max-prob,0.3020833333333333,0.3,0.445661479809684,0.2528735632183908,0.7471264367816092,87
moabb_5subj_3datasets_lda,BCI_IV_2a,8,v1_lda,max-prob,0.3506944444444444,0.35,0.4304894824589573,0.2376237623762376,0.7623762376237624,101
moabb_5subj_3datasets_lda,BCI_IV_2a,8,v1_lda,max-prob,0.4027777777777778,0.4,0.4227878760122182,0.2327586206896551,0.7672413793103449,116
moabb_5subj_3datasets_lda,BCI_IV_2a,8,v1_lda,max-prob,0.4513888888888889,0.45,0.4164646641669887,0.2384615384615385,0.7615384615384615,130
moabb_5subj_3datasets_lda,BCI_IV_2a,8,v1_lda,max-prob,0.5,0.5,0.4078837148463504,0.2708333333333333,0.7291666666666666,144
moabb_5subj_3datasets_lda,BCI_IV_2a,8,v1_lda,max-prob,0.5520833333333334,0.55,0.401015610019987,0.289308176100629,0.710691823899371,159
moabb_5subj_3datasets_lda,BCI_IV_2a,8,v1_lda,max-prob,0.6006944444444444,0.6,0.3922461392974185,0.2890173410404624,0.7109826589595376,173
moabb_5subj_3datasets_lda,BCI_IV_2a,8,v1_lda,max-prob,0.6527777777777778,0.65,0.385837517038597,0.3085106382978723,0.6914893617021277,188
moabb_5subj_3datasets_lda,BCI_IV_2a,8,v1_lda,max-prob,0.7013888888888888,0.7,0.3770390344626741,0.3168316831683168,0.6831683168316832,202
moabb_5subj_3datasets_lda,BCI_IV_2a,8,v1_lda,max-prob,0.75,0.75,0.3658418665697806,0.3194444444444444,0.6805555555555556,216
moabb_5subj_3datasets_lda,BCI_IV_2a,8,v1_lda,max-prob,0.8020833333333334,0.8,0.35796587380451,0.3203463203463204,0.6796536796536796,231
moabb_5subj_3datasets_lda,BCI_IV_2a,8,v1_lda,max-prob,0.8506944444444444,0.85,0.3409760735375478,0.3387755102040816,0.6612244897959184,245
moabb_5subj_3datasets_lda,BCI_IV_2a,8,v1_lda,max-prob,0.9027777777777778,0.9,0.3288468878026045,0.35,0.65,260
moabb_5subj_3datasets_lda,BCI_IV_2a,8,v1_lda,max-prob,0.9513888888888888,0.95,0.3081620771831106,0.3686131386861314,0.6313868613138686,274
moabb_5subj_3datasets_lda,BCI_IV_2a,8,v1_lda,max-prob,1.0,1.0,0.2761143854321864,0.3854166666666666,0.6145833333333334,288
moabb_5subj_3datasets_lda,BCI_IV_2a,9,v1_lda,max-prob,0.053030303030303,0.05,0.435783939093395,0.4285714285714286,0.5714285714285714,14
moabb_5subj_3datasets_lda,BCI_IV_2a,9,v1_lda,max-prob,0.1022727272727272,0.1,0.4157546944504264,0.4814814814814815,0.5185185185185185,27
moabb_5subj_3datasets_lda,BCI_IV_2a,9,v1_lda,max-prob,0.1515151515151515,0.15,0.4067099015787306,0.375,0.625,40
moabb_5subj_3datasets_lda,BCI_IV_2a,9,v1_lda,max-prob,0.2007575757575757,0.2,0.3989330448480089,0.4528301886792453,0.5471698113207547,53
moabb_5subj_3datasets_lda,BCI_IV_2a,9,v1_lda,max-prob,0.25,0.25,0.3917424105321725,0.4545454545454546,0.5454545454545454,66
moabb_5subj_3datasets_lda,BCI_IV_2a,9,v1_lda,max-prob,0.303030303030303,0.3,0.385983296499754,0.4875,0.5125,80
moabb_5subj_3datasets_lda,BCI_IV_2a,9,v1_lda,max-prob,0.3522727272727273,0.35,0.3825644166593455,0.5268817204301075,0.4731182795698925,93
moabb_5subj_3datasets_lda,BCI_IV_2a,9,v1_lda,max-prob,0.4015151515151515,0.4,0.3766893329846871,0.5471698113207547,0.4528301886792453,106
moabb_5subj_3datasets_lda,BCI_IV_2a,9,v1_lda,max-prob,0.4507575757575757,0.45,0.3700627622312967,0.5378151260504201,0.4621848739495798,119
moabb_5subj_3datasets_lda,BCI_IV_2a,9,v1_lda,max-prob,0.5,0.5,0.3647990487918642,0.5227272727272727,0.4772727272727273,132
moabb_5subj_3datasets_lda,BCI_IV_2a,9,v1_lda,max-prob,0.553030303030303,0.55,0.3597799812518445,0.5410958904109588,0.4589041095890411,146
moabb_5subj_3datasets_lda,BCI_IV_2a,9,v1_lda,max-prob,0.6022727272727273,0.6,0.3560445501612575,0.5471698113207547,0.4528301886792453,159
moabb_5subj_3datasets_lda,BCI_IV_2a,9,v1_lda,max-prob,0.6515151515151515,0.65,0.3500338812374626,0.563953488372093,0.436046511627907,172
moabb_5subj_3datasets_lda,BCI_IV_2a,9,v1_lda,max-prob,0.7007575757575758,0.7,0.3448920203407181,0.5783783783783784,0.4216216216216216,185
moabb_5subj_3datasets_lda,BCI_IV_2a,9,v1_lda,max-prob,0.75,0.75,0.3397757992912966,0.5757575757575757,0.4242424242424242,198
moabb_5subj_3datasets_lda,BCI_IV_2a,9,v1_lda,max-prob,0.803030303030303,0.8,0.3357135227594,0.5801886792452831,0.419811320754717,212
moabb_5subj_3datasets_lda,BCI_IV_2a,9,v1_lda,max-prob,0.8522727272727273,0.85,0.3298322412795144,0.5955555555555556,0.4044444444444444,225
moabb_5subj_3datasets_lda,BCI_IV_2a,9,v1_lda,max-prob,0.9015151515151516,0.9,0.3248312161603379,0.6050420168067228,0.3949579831932773,238
moabb_5subj_3datasets_lda,BCI_IV_2a,9,v1_lda,max-prob,0.9507575757575758,0.95,0.317653371552539,0.6095617529880478,0.3904382470119522,251
moabb_5subj_3datasets_lda,BCI_IV_2a,9,v1_lda,max-prob,1.0,1.0,0.3011377640754762,0.6174242424242424,0.3825757575757575,264
moabb_5subj_3datasets_lda,Cho2017,1,v1_lda,max-prob,0.0571428571428571,0.05,0.7324114673370518,0.25,0.75,4
moabb_5subj_3datasets_lda,Cho2017,1,v1_lda,max-prob,0.1,0.1,0.6966101050055372,0.1428571428571429,0.8571428571428571,7
moabb_5subj_3datasets_lda,Cho2017,1,v1_lda,max-prob,0.1571428571428571,0.15,0.680605371562648,0.2727272727272727,0.7272727272727273,11
moabb_5subj_3datasets_lda,Cho2017,1,v1_lda,max-prob,0.2,0.2,0.6501033548081799,0.2857142857142857,0.7142857142857143,14
moabb_5subj_3datasets_lda,Cho2017,1,v1_lda,max-prob,0.2571428571428571,0.25,0.6363067695130722,0.3333333333333333,0.6666666666666666,18
moabb_5subj_3datasets_lda,Cho2017,1,v1_lda,max-prob,0.3,0.3,0.6261667122206028,0.2857142857142857,0.7142857142857143,21
moabb_5subj_3datasets_lda,Cho2017,1,v1_lda,max-prob,0.3571428571428571,0.35,0.6209761178307031,0.36,0.64,25
moabb_5subj_3datasets_lda,Cho2017,1,v1_lda,max-prob,0.4,0.4,0.6064652839701934,0.3214285714285714,0.6785714285714286,28
moabb_5subj_3datasets_lda,Cho2017,1,v1_lda,max-prob,0.4571428571428571,0.45,0.5920516636549168,0.375,0.625,32
moabb_5subj_3datasets_lda,Cho2017,1,v1_lda,max-prob,0.5,0.5,0.5826623439788029,0.3714285714285714,0.6285714285714286,35
moabb_5subj_3datasets_lda,Cho2017,1,v1_lda,max-prob,0.5571428571428572,0.55,0.5705768469907081,0.3589743589743589,0.6410256410256411,39
moabb_5subj_3datasets_lda,Cho2017,1,v1_lda,max-prob,0.6,0.6,0.5635097257943762,0.3571428571428571,0.6428571428571429,42
moabb_5subj_3datasets_lda,Cho2017,1,v1_lda,max-prob,0.6571428571428571,0.65,0.5605517799992182,0.3695652173913043,0.6304347826086957,46
moabb_5subj_3datasets_lda,Cho2017,1,v1_lda,max-prob,0.7,0.7,0.5519430967723556,0.3877551020408163,0.6122448979591837,49
moabb_5subj_3datasets_lda,Cho2017,1,v1_lda,max-prob,0.7571428571428571,0.75,0.5423624396178872,0.3773584905660377,0.6226415094339622,53
moabb_5subj_3datasets_lda,Cho2017,1,v1_lda,max-prob,0.8,0.8,0.5377569745777474,0.4107142857142857,0.5892857142857143,56
moabb_5subj_3datasets_lda,Cho2017,1,v1_lda,max-prob,0.8571428571428571,0.85,0.5262419875776018,0.4166666666666666,0.5833333333333334,60
moabb_5subj_3datasets_lda,Cho2017,1,v1_lda,max-prob,0.9,0.9,0.5173986914303916,0.4126984126984127,0.5873015873015873,63
moabb_5subj_3datasets_lda,Cho2017,1,v1_lda,max-prob,0.9571428571428572,0.95,0.5087797833290283,0.417910447761194,0.582089552238806,67
moabb_5subj_3datasets_lda,Cho2017,1,v1_lda,max-prob,1.0,1.0,0.5046908272247854,0.4428571428571428,0.5571428571428572,70
moabb_5subj_3datasets_lda,Cho2017,2,v1_lda,max-prob,0.0571428571428571,0.05,0.5791555215660852,0.5,0.5,4
moabb_5subj_3datasets_lda,Cho2017,2,v1_lda,max-prob,0.1,0.1,0.5673197734027096,0.4285714285714286,0.5714285714285714,7
moabb_5subj_3datasets_lda,Cho2017,2,v1_lda,max-prob,0.1571428571428571,0.15,0.5591773263153242,0.5454545454545454,0.4545454545454545,11
moabb_5subj_3datasets_lda,Cho2017,2,v1_lda,max-prob,0.2,0.2,0.5549368705362536,0.5714285714285714,0.4285714285714285,14
moabb_5subj_3datasets_lda,Cho2017,2,v1_lda,max-prob,0.2571428571428571,0.25,0.5465486540369441,0.5555555555555556,0.4444444444444444,18
moabb_5subj_3datasets_lda,Cho2017,2,v1_lda,max-prob,0.3,0.3,0.5440850285676974,0.4761904761904761,0.5238095238095238,21
moabb_5subj_3datasets_lda,Cho2017,2,v1_lda,max-prob,0.3571428571428571,0.35,0.5409792835398824,0.52,0.48,25
moabb_5subj_3datasets_lda,Cho2017,2,v1_lda,max-prob,0.4,0.4,0.5361073248448466,0.5,0.5,28
moabb_5subj_3datasets_lda,Cho2017,2,v1_lda,max-prob,0.4571428571428571,0.45,0.5334291741248628,0.5,0.5,32
moabb_5subj_3datasets_lda,Cho2017,2,v1_lda,max-prob,0.5,0.5,0.5301823251769636,0.4571428571428572,0.5428571428571428,35
moabb_5subj_3datasets_lda,Cho2017,2,v1_lda,max-prob,0.5571428571428572,0.55,0.5269600613989609,0.4615384615384615,0.5384615384615384,39
moabb_5subj_3datasets_lda,Cho2017,2,v1_lda,max-prob,0.6,0.6,0.5252275265044403,0.4523809523809523,0.5476190476190477,42
moabb_5subj_3datasets_lda,Cho2017,2,v1_lda,max-prob,0.6571428571428571,0.65,0.5245220391450597,0.4565217391304348,0.5434782608695652,46
moabb_5subj_3datasets_lda,Cho2017,2,v1_lda,max-prob,0.7,0.7,0.5219109100475853,0.4897959183673469,0.5102040816326531,49
moabb_5subj_3datasets_lda,Cho2017,2,v1_lda,max-prob,0.7571428571428571,0.75,0.5145694622188483,0.490566037735849,0.5094339622641509,53
moabb_5subj_3datasets_lda,Cho2017,2,v1_lda,max-prob,0.8,0.8,0.5138436408609529,0.4642857142857143,0.5357142857142857,56
moabb_5subj_3datasets_lda,Cho2017,2,v1_lda,max-prob,0.8571428571428571,0.85,0.5092408837209791,0.4666666666666667,0.5333333333333333,60
moabb_5subj_3datasets_lda,Cho2017,2,v1_lda,max-prob,0.9,0.9,0.5075521284811874,0.4920634920634921,0.5079365079365079,63
moabb_5subj_3datasets_lda,Cho2017,2,v1_lda,max-prob,0.9571428571428572,0.95,0.5025657840960872,0.5074626865671642,0.4925373134328358,67
moabb_5subj_3datasets_lda,Cho2017,2,v1_lda,max-prob,1.0,1.0,0.5014667801114309,0.5142857142857142,0.4857142857142857,70
moabb_5subj_3datasets_lda,Cho2017,3,v1_lda,max-prob,0.0571428571428571,0.05,0.9534749074447454,0.0,1.0,4
moabb_5subj_3datasets_lda,Cho2017,3,v1_lda,max-prob,0.1,0.1,0.9380923794531258,0.0,1.0,7
moabb_5subj_3datasets_lda,Cho2017,3,v1_lda,max-prob,0.1571428571428571,0.15,0.8921122114396272,0.0,1.0,11
moabb_5subj_3datasets_lda,Cho2017,3,v1_lda,max-prob,0.2,0.2,0.8586399598551301,0.0,1.0,14
moabb_5subj_3datasets_lda,Cho2017,3,v1_lda,max-prob,0.2571428571428571,0.25,0.8349383379800418,0.0,1.0,18
moabb_5subj_3datasets_lda,Cho2017,3,v1_lda,max-prob,0.3,0.3,0.8149967815863678,0.0,1.0,21
moabb_5subj_3datasets_lda,Cho2017,3,v1_lda,max-prob,0.3571428571428571,0.35,0.7992852937363232,0.04,0.96,25
moabb_5subj_3datasets_lda,Cho2017,3,v1_lda,max-prob,0.4,0.4,0.7916968348760062,0.0357142857142857,0.9642857142857144,28
moabb_5subj_3datasets_lda,Cho2017,3,v1_lda,max-prob,0.4571428571428571,0.45,0.7704479048817191,0.03125,0.96875,32
moabb_5subj_3datasets_lda,Cho2017,3,v1_lda,max-prob,0.5,0.5,0.7350310287722431,0.0285714285714285,0.9714285714285714,35
moabb_5subj_3datasets_lda,Cho2017,3,v1_lda,max-prob,0.5571428571428572,0.55,0.7115580231861518,0.0512820512820513,0.9487179487179488,39
moabb_5subj_3datasets_lda,Cho2017,3,v1_lda,max-prob,0.6,0.6,0.7000262251444113,0.0714285714285714,0.9285714285714286,42
moabb_5subj_3datasets_lda,Cho2017,3,v1_lda,max-prob,0.6571428571428571,0.65,0.6541409751189251,0.0869565217391304,0.9130434782608696,46
moabb_5subj_3datasets_lda,Cho2017,3,v1_lda,max-prob,0.7,0.7,0.6133072694085232,0.1020408163265306,0.8979591836734694,49
moabb_5subj_3datasets_lda,Cho2017,3,v1_lda,max-prob,0.7571428571428571,0.75,0.5970537594562834,0.1320754716981131,0.8679245283018868,53
moabb_5subj_3datasets_lda,Cho2017,3,v1_lda,max-prob,0.8,0.8,0.5695707363107526,0.125,0.875,56
moabb_5subj_3datasets_lda,Cho2017,3,v1_lda,max-prob,0.8571428571428571,0.85,0.5532850048320702,0.1666666666666666,0.8333333333333334,60
moabb_5subj_3datasets_lda,Cho2017,3,v1_lda,max-prob,0.9,0.9,0.538900190733966,0.1904761904761904,0.8095238095238095,63
moabb_5subj_3datasets_lda,Cho2017,3,v1_lda,max-prob,0.9571428571428572,0.95,0.5202932056149036,0.2388059701492537,0.7611940298507462,67
moabb_5subj_3datasets_lda,Cho2017,3,v1_lda,max-prob,1.0,1.0,0.5101563144634732,0.2285714285714285,0.7714285714285715,70
moabb_5subj_3datasets_lda,Cho2017,4,v1_lda,max-prob,0.0571428571428571,0.05,0.8069811715085464,0.25,0.75,4
moabb_5subj_3datasets_lda,Cho2017,4,v1_lda,max-prob,0.1,0.1,0.7576287794560785,0.2857142857142857,0.7142857142857143,7
moabb_5subj_3datasets_lda,Cho2017,4,v1_lda,max-prob,0.1571428571428571,0.15,0.7417858402140602,0.1818181818181817,0.8181818181818182,11
moabb_5subj_3datasets_lda,Cho2017,4,v1_lda,max-prob,0.2,0.2,0.7143923131417136,0.2142857142857143,0.7857142857142857,14
moabb_5subj_3datasets_lda,Cho2017,4,v1_lda,max-prob,0.2571428571428571,0.25,0.7004411422638945,0.2222222222222222,0.7777777777777778,18
moabb_5subj_3datasets_lda,Cho2017,4,v1_lda,max-prob,0.3,0.3,0.6936944990601459,0.2380952380952381,0.7619047619047619,21
moabb_5subj_3datasets_lda,Cho2017,4,v1_lda,max-prob,0.3571428571428571,0.35,0.6639053588254624,0.24,0.76,25
moabb_5subj_3datasets_lda,Cho2017,4,v1_lda,max-prob,0.4,0.4,0.6550200291811707,0.25,0.75,28
moabb_5subj_3datasets_lda,Cho2017,4,v1_lda,max-prob,0.4571428571428571,0.45,0.6424665834259792,0.25,0.75,32
moabb_5subj_3datasets_lda,Cho2017,4,v1_lda,max-prob,0.5,0.5,0.6359132985134845,0.2571428571428571,0.7428571428571429,35
moabb_5subj_3datasets_lda,Cho2017,4,v1_lda,max-prob,0.5571428571428572,0.55,0.6251154735644654,0.3076923076923077,0.6923076923076923,39
moabb_5subj_3datasets_lda,Cho2017,4,v1_lda,max-prob,0.6,0.6,0.6107094629616359,0.3095238095238095,0.6904761904761905,42
moabb_5subj_3datasets_lda,Cho2017,4,v1_lda,max-prob,0.6571428571428571,0.65,0.5868634734639242,0.2826086956521739,0.717391304347826,46
moabb_5subj_3datasets_lda,Cho2017,4,v1_lda,max-prob,0.7,0.7,0.5808104607909749,0.3061224489795918,0.6938775510204082,49
moabb_5subj_3datasets_lda,Cho2017,4,v1_lda,max-prob,0.7571428571428571,0.75,0.5615982535283105,0.3018867924528302,0.6981132075471698,53
moabb_5subj_3datasets_lda,Cho2017,4,v1_lda,max-prob,0.8,0.8,0.5547869139390271,0.3214285714285714,0.6785714285714286,56
moabb_5subj_3datasets_lda,Cho2017,4,v1_lda,max-prob,0.8571428571428571,0.85,0.544472081652392,0.3166666666666666,0.6833333333333333,60
moabb_5subj_3datasets_lda,Cho2017,4,v1_lda,max-prob,0.9,0.9,0.5344458004725701,0.3492063492063492,0.6507936507936508,63
moabb_5subj_3datasets_lda,Cho2017,4,v1_lda,max-prob,0.9571428571428572,0.95,0.5151280876667345,0.3432835820895522,0.6567164179104478,67
moabb_5subj_3datasets_lda,Cho2017,4,v1_lda,max-prob,1.0,1.0,0.5092167228094641,0.3571428571428571,0.6428571428571429,70
moabb_5subj_3datasets_lda,Cho2017,5,v1_lda,max-prob,0.0571428571428571,0.05,0.8621691581387211,0.0,1.0,4
moabb_5subj_3datasets_lda,Cho2017,5,v1_lda,max-prob,0.1,0.1,0.809492435689657,0.0,1.0,7
moabb_5subj_3datasets_lda,Cho2017,5,v1_lda,max-prob,0.1571428571428571,0.15,0.7811921739474929,0.0909090909090909,0.9090909090909092,11
moabb_5subj_3datasets_lda,Cho2017,5,v1_lda,max-prob,0.2,0.2,0.7493024302323056,0.0714285714285714,0.9285714285714286,14
moabb_5subj_3datasets_lda,Cho2017,5,v1_lda,max-prob,0.2571428571428571,0.25,0.7271821731030309,0.0555555555555555,0.9444444444444444,18
moabb_5subj_3datasets_lda,Cho2017,5,v1_lda,max-prob,0.3,0.3,0.7154101978623085,0.1428571428571429,0.8571428571428571,21
moabb_5subj_3datasets_lda,Cho2017,5,v1_lda,max-prob,0.3571428571428571,0.35,0.6695221024276781,0.16,0.84,25
moabb_5subj_3datasets_lda,Cho2017,5,v1_lda,max-prob,0.4,0.4,0.6601676783102434,0.1428571428571429,0.8571428571428571,28
moabb_5subj_3datasets_lda,Cho2017,5,v1_lda,max-prob,0.4571428571428571,0.45,0.6395391772772231,0.15625,0.84375,32
moabb_5subj_3datasets_lda,Cho2017,5,v1_lda,max-prob,0.5,0.5,0.6332864575074013,0.1714285714285713,0.8285714285714286,35
moabb_5subj_3datasets_lda,Cho2017,5,v1_lda,max-prob,0.5571428571428572,0.55,0.6092739017511505,0.1794871794871795,0.8205128205128205,39
moabb_5subj_3datasets_lda,Cho2017,5,v1_lda,max-prob,0.6,0.6,0.6022352760128374,0.1904761904761904,0.8095238095238095,42
moabb_5subj_3datasets_lda,Cho2017,5,v1_lda,max-prob,0.6571428571428571,0.65,0.5948461414570144,0.217391304347826,0.782608695652174,46
moabb_5subj_3datasets_lda,Cho2017,5,v1_lda,max-prob,0.7,0.7,0.5844094838668062,0.2040816326530612,0.7959183673469388,49
moabb_5subj_3datasets_lda,Cho2017,5,v1_lda,max-prob,0.7571428571428571,0.75,0.5687733387352133,0.2264150943396226,0.7735849056603774,53
moabb_5subj_3datasets_lda,Cho2017,5,v1_lda,max-prob,0.8,0.8,0.5656052342105896,0.25,0.75,56
moabb_5subj_3datasets_lda,Cho2017,5,v1_lda,max-prob,0.8571428571428571,0.85,0.5587300494567767,0.2666666666666667,0.7333333333333333,60
moabb_5subj_3datasets_lda,Cho2017,5,v1_lda,max-prob,0.9,0.9,0.5433046952814818,0.2539682539682539,0.746031746031746,63
moabb_5subj_3datasets_lda,Cho2017,5,v1_lda,max-prob,0.9571428571428572,0.95,0.526093018137867,0.2686567164179104,0.7313432835820896,67
moabb_5subj_3datasets_lda,Cho2017,5,v1_lda,max-prob,1.0,1.0,0.5097548448573014,0.2571428571428571,0.7428571428571429,70
moabb_5subj_3datasets_lda,PhysionetMI,1,v1_lda,max-prob,0.0666666666666666,0.05,0.6930509912328691,1.0,0.0,1
moabb_5subj_3datasets_lda,PhysionetMI,1,v1_lda,max-prob,0.1333333333333333,0.1,0.6600861135095403,1.0,0.0,2
moabb_5subj_3datasets_lda,PhysionetMI,1,v1_lda,max-prob,0.2,0.15,0.6324648795697527,0.6666666666666667,0.3333333333333333,3
moabb_5subj_3datasets_lda,PhysionetMI,1,v1_lda,max-prob,0.2,0.2,0.6324648795697527,0.6666666666666667,0.3333333333333333,3
moabb_5subj_3datasets_lda,PhysionetMI,1,v1_lda,max-prob,0.2666666666666666,0.25,0.6267107790480804,0.5,0.5,4
moabb_5subj_3datasets_lda,PhysionetMI,1,v1_lda,max-prob,0.3333333333333333,0.3,0.6266143193443608,0.4,0.6,5
moabb_5subj_3datasets_lda,PhysionetMI,1,v1_lda,max-prob,0.4,0.35,0.6251843350266102,0.3333333333333333,0.6666666666666666,6
moabb_5subj_3datasets_lda,PhysionetMI,1,v1_lda,max-prob,0.4,0.4,0.6251843350266102,0.3333333333333333,0.6666666666666666,6
moabb_5subj_3datasets_lda,PhysionetMI,1,v1_lda,max-prob,0.4666666666666667,0.45,0.6176283326324784,0.2857142857142857,0.7142857142857143,7
moabb_5subj_3datasets_lda,PhysionetMI,1,v1_lda,max-prob,0.5333333333333333,0.5,0.6102114959273824,0.25,0.75,8
moabb_5subj_3datasets_lda,PhysionetMI,1,v1_lda,max-prob,0.6,0.55,0.5933175796169595,0.2222222222222222,0.7777777777777778,9
moabb_5subj_3datasets_lda,PhysionetMI,1,v1_lda,max-prob,0.6,0.6,0.5933175796169595,0.2222222222222222,0.7777777777777778,9
moabb_5subj_3datasets_lda,PhysionetMI,1,v1_lda,max-prob,0.6666666666666666,0.65,0.582532934384061,0.3,0.7,10
moabb_5subj_3datasets_lda,PhysionetMI,1,v1_lda,max-prob,0.7333333333333333,0.7,0.5636751383719375,0.2727272727272727,0.7272727272727273,11
moabb_5subj_3datasets_lda,PhysionetMI,1,v1_lda,max-prob,0.8,0.75,0.5536685800196895,0.25,0.75,12
moabb_5subj_3datasets_lda,PhysionetMI,1,v1_lda,max-prob,0.8,0.8,0.5536685800196895,0.25,0.75,12
moabb_5subj_3datasets_lda,PhysionetMI,1,v1_lda,max-prob,0.8666666666666667,0.85,0.5428655327674079,0.2307692307692307,0.7692307692307693,13
moabb_5subj_3datasets_lda,PhysionetMI,1,v1_lda,max-prob,0.9333333333333332,0.9,0.5333719186379986,0.2142857142857143,0.7857142857142857,14
moabb_5subj_3datasets_lda,PhysionetMI,1,v1_lda,max-prob,1.0,0.95,0.5092128093047753,0.2666666666666667,0.7333333333333333,15
moabb_5subj_3datasets_lda,PhysionetMI,1,v1_lda,max-prob,1.0,1.0,0.5092128093047753,0.2666666666666667,0.7333333333333333,15
moabb_5subj_3datasets_lda,PhysionetMI,2,v1_lda,max-prob,0.0666666666666666,0.05,0.8286100764617903,0.0,1.0,1
moabb_5subj_3datasets_lda,PhysionetMI,2,v1_lda,max-prob,0.1333333333333333,0.1,0.8165465279401437,0.0,1.0,2
moabb_5subj_3datasets_lda,PhysionetMI,2,v1_lda,max-prob,0.2,0.15,0.7849361349455498,0.0,1.0,3
moabb_5subj_3datasets_lda,PhysionetMI,2,v1_lda,max-prob,0.2,0.2,0.7849361349455498,0.0,1.0,3
moabb_5subj_3datasets_lda,PhysionetMI,2,v1_lda,max-prob,0.2666666666666666,0.25,0.7150920879741074,0.0,1.0,4
moabb_5subj_3datasets_lda,PhysionetMI,2,v1_lda,max-prob,0.3333333333333333,0.3,0.7080614481929173,0.1999999999999999,0.8,5
moabb_5subj_3datasets_lda,PhysionetMI,2,v1_lda,max-prob,0.4,0.35,0.7075980118507492,0.1666666666666666,0.8333333333333334,6
moabb_5subj_3datasets_lda,PhysionetMI,2,v1_lda,max-prob,0.4,0.4,0.7075980118507492,0.1666666666666666,0.8333333333333334,6
moabb_5subj_3datasets_lda,PhysionetMI,2,v1_lda,max-prob,0.4666666666666667,0.45,0.6954071118387285,0.1428571428571429,0.8571428571428571,7
moabb_5subj_3datasets_lda,PhysionetMI,2,v1_lda,max-prob,0.5333333333333333,0.5,0.6046736353198586,0.125,0.875,8
moabb_5subj_3datasets_lda,PhysionetMI,2,v1_lda,max-prob,0.6,0.55,0.6026902795469296,0.2222222222222222,0.7777777777777778,9
moabb_5subj_3datasets_lda,PhysionetMI,2,v1_lda,max-prob,0.6,0.6,0.6026902795469296,0.2222222222222222,0.7777777777777778,9
moabb_5subj_3datasets_lda,PhysionetMI,2,v1_lda,max-prob,0.6666666666666666,0.65,0.5948196727824827,0.1999999999999999,0.8,10
moabb_5subj_3datasets_lda,PhysionetMI,2,v1_lda,max-prob,0.7333333333333333,0.7,0.5907150129875264,0.1818181818181817,0.8181818181818182,11
moabb_5subj_3datasets_lda,PhysionetMI,2,v1_lda,max-prob,0.8,0.75,0.5666085383758436,0.1666666666666666,0.8333333333333334,12
moabb_5subj_3datasets_lda,PhysionetMI,2,v1_lda,max-prob,0.8,0.8,0.5666085383758436,0.1666666666666666,0.8333333333333334,12
moabb_5subj_3datasets_lda,PhysionetMI,2,v1_lda,max-prob,0.8666666666666667,0.85,0.5582840542419127,0.1538461538461538,0.8461538461538461,13
moabb_5subj_3datasets_lda,PhysionetMI,2,v1_lda,max-prob,0.9333333333333332,0.9,0.5258501348977614,0.1428571428571429,0.8571428571428571,14
moabb_5subj_3datasets_lda,PhysionetMI,2,v1_lda,max-prob,1.0,0.95,0.519217585110355,0.1999999999999999,0.8,15
moabb_5subj_3datasets_lda,PhysionetMI,2,v1_lda,max-prob,1.0,1.0,0.519217585110355,0.1999999999999999,0.8,15
moabb_5subj_3datasets_lda,PhysionetMI,3,v1_lda,max-prob,0.0666666666666666,0.05,0.5873794171674076,0.0,1.0,1
moabb_5subj_3datasets_lda,PhysionetMI,3,v1_lda,max-prob,0.1333333333333333,0.1,0.56445843482386,0.5,0.5,2
moabb_5subj_3datasets_lda,PhysionetMI,3,v1_lda,max-prob,0.2,0.15,0.5577497258314207,0.3333333333333333,0.6666666666666666,3
moabb_5subj_3datasets_lda,PhysionetMI,3,v1_lda,max-prob,0.2,0.2,0.5577497258314207,0.3333333333333333,0.6666666666666666,3
moabb_5subj_3datasets_lda,PhysionetMI,3,v1_lda,max-prob,0.2666666666666666,0.25,0.5547283586435626,0.25,0.75,4
moabb_5subj_3datasets_lda,PhysionetMI,3,v1_lda,max-prob,0.3333333333333333,0.3,0.5537267557349842,0.4,0.6,5
moabb_5subj_3datasets_lda,PhysionetMI,3,v1_lda,max-prob,0.4,0.35,0.5494697700625744,0.5,0.5,6
moabb_5subj_3datasets_lda,PhysionetMI,3,v1_lda,max-prob,0.4,0.4,0.5494697700625744,0.5,0.5,6
moabb_5subj_3datasets_lda,PhysionetMI,3,v1_lda,max-prob,0.4666666666666667,0.45,0.5457281935876833,0.5714285714285714,0.4285714285714285,7
moabb_5subj_3datasets_lda,PhysionetMI,3,v1_lda,max-prob,0.5333333333333333,0.5,0.5452272618670154,0.625,0.375,8
moabb_5subj_3datasets_lda,PhysionetMI,3,v1_lda,max-prob,0.6,0.55,0.5446603849688044,0.5555555555555556,0.4444444444444444,9
moabb_5subj_3datasets_lda,PhysionetMI,3,v1_lda,max-prob,0.6,0.6,0.5446603849688044,0.5555555555555556,0.4444444444444444,9
moabb_5subj_3datasets_lda,PhysionetMI,3,v1_lda,max-prob,0.6666666666666666,0.65,0.5325475594990478,0.6,0.4,10
moabb_5subj_3datasets_lda,PhysionetMI,3,v1_lda,max-prob,0.7333333333333333,0.7,0.5280175594398746,0.5454545454545454,0.4545454545454545,11
moabb_5subj_3datasets_lda,PhysionetMI,3,v1_lda,max-prob,0.8,0.75,0.523871552001947,0.5,0.5,12
moabb_5subj_3datasets_lda,PhysionetMI,3,v1_lda,max-prob,0.8,0.8,0.523871552001947,0.5,0.5,12
moabb_5subj_3datasets_lda,PhysionetMI,3,v1_lda,max-prob,0.8666666666666667,0.85,0.5159823772538673,0.5384615384615384,0.4615384615384615,13
moabb_5subj_3datasets_lda,PhysionetMI,3,v1_lda,max-prob,0.9333333333333332,0.9,0.5061135850998739,0.5714285714285714,0.4285714285714285,14
moabb_5subj_3datasets_lda,PhysionetMI,3,v1_lda,max-prob,1.0,0.95,0.5001497791956361,0.6,0.4,15
moabb_5subj_3datasets_lda,PhysionetMI,3,v1_lda,max-prob,1.0,1.0,0.5001497791956361,0.6,0.4,15
moabb_5subj_3datasets_lda,PhysionetMI,4,v1_lda,max-prob,0.0666666666666666,0.05,0.7682341083320986,0.0,1.0,1
moabb_5subj_3datasets_lda,PhysionetMI,4,v1_lda,max-prob,0.1333333333333333,0.1,0.7599955663487444,0.0,1.0,2
moabb_5subj_3datasets_lda,PhysionetMI,4,v1_lda,max-prob,0.2,0.15,0.7571811814746425,0.0,1.0,3
moabb_5subj_3datasets_lda,PhysionetMI,4,v1_lda,max-prob,0.2,0.2,0.7571811814746425,0.0,1.0,3
moabb_5subj_3datasets_lda,PhysionetMI,4,v1_lda,max-prob,0.2666666666666666,0.25,0.7520472722063208,0.0,1.0,4
moabb_5subj_3datasets_lda,PhysionetMI,4,v1_lda,max-prob,0.3333333333333333,0.3,0.7380176126154594,0.0,1.0,5
moabb_5subj_3datasets_lda,PhysionetMI,4,v1_lda,max-prob,0.4,0.35,0.7285680270205316,0.0,1.0,6
moabb_5subj_3datasets_lda,PhysionetMI,4,v1_lda,max-prob,0.4,0.4,0.7285680270205316,0.0,1.0,6
moabb_5subj_3datasets_lda,PhysionetMI,4,v1_lda,max-prob,0.4666666666666667,0.45,0.6987623065671492,0.1428571428571429,0.8571428571428571,7
moabb_5subj_3datasets_lda,PhysionetMI,4,v1_lda,max-prob,0.5333333333333333,0.5,0.6694622548478555,0.25,0.75,8
moabb_5subj_3datasets_lda,PhysionetMI,4,v1_lda,max-prob,0.6,0.55,0.6445450518368433,0.2222222222222222,0.7777777777777778,9
moabb_5subj_3datasets_lda,PhysionetMI,4,v1_lda,max-prob,0.6,0.6,0.6445450518368433,0.2222222222222222,0.7777777777777778,9
moabb_5subj_3datasets_lda,PhysionetMI,4,v1_lda,max-prob,0.6666666666666666,0.65,0.6285220625938815,0.3,0.7,10
moabb_5subj_3datasets_lda,PhysionetMI,4,v1_lda,max-prob,0.7333333333333333,0.7,0.6250675617589802,0.3636363636363636,0.6363636363636364,11
moabb_5subj_3datasets_lda,PhysionetMI,4,v1_lda,max-prob,0.8,0.75,0.54725705785339,0.4166666666666666,0.5833333333333334,12
moabb_5subj_3datasets_lda,PhysionetMI,4,v1_lda,max-prob,0.8,0.8,0.54725705785339,0.4166666666666666,0.5833333333333334,12
moabb_5subj_3datasets_lda,PhysionetMI,4,v1_lda,max-prob,0.8666666666666667,0.85,0.538926890820374,0.3846153846153846,0.6153846153846154,13
moabb_5subj_3datasets_lda,PhysionetMI,4,v1_lda,max-prob,0.9333333333333332,0.9,0.5374846877289373,0.4285714285714286,0.5714285714285714,14
moabb_5subj_3datasets_lda,PhysionetMI,4,v1_lda,max-prob,1.0,0.95,0.5165537963076007,0.4666666666666667,0.5333333333333333,15
moabb_5subj_3datasets_lda,PhysionetMI,4,v1_lda,max-prob,1.0,1.0,0.5165537963076007,0.4666666666666667,0.5333333333333333,15
moabb_5subj_3datasets_lda,PhysionetMI,5,v1_lda,max-prob,0.0666666666666666,0.05,0.7134375106155856,1.0,0.0,1
moabb_5subj_3datasets_lda,PhysionetMI,5,v1_lda,max-prob,0.1333333333333333,0.1,0.6893765418940783,0.5,0.5,2
moabb_5subj_3datasets_lda,PhysionetMI,5,v1_lda,max-prob,0.2,0.15,0.6529673887259201,0.6666666666666667,0.3333333333333333,3
moabb_5subj_3datasets_lda,PhysionetMI,5,v1_lda,max-prob,0.2,0.2,0.6529673887259201,0.6666666666666667,0.3333333333333333,3
moabb_5subj_3datasets_lda,PhysionetMI,5,v1_lda,max-prob,0.2666666666666666,0.25,0.6415509888747913,0.75,0.25,4
moabb_5subj_3datasets_lda,PhysionetMI,5,v1_lda,max-prob,0.3333333333333333,0.3,0.6349534079261542,0.8,0.2,5
moabb_5subj_3datasets_lda,PhysionetMI,5,v1_lda,max-prob,0.4,0.35,0.6264815740359759,0.6666666666666667,0.3333333333333333,6
moabb_5subj_3datasets_lda,PhysionetMI,5,v1_lda,max-prob,0.4,0.4,0.6264815740359759,0.6666666666666667,0.3333333333333333,6
moabb_5subj_3datasets_lda,PhysionetMI,5,v1_lda,max-prob,0.4666666666666667,0.45,0.6233138594177866,0.7142857142857143,0.2857142857142857,7
moabb_5subj_3datasets_lda,PhysionetMI,5,v1_lda,max-prob,0.5333333333333333,0.5,0.6018063806730743,0.75,0.25,8
moabb_5subj_3datasets_lda,PhysionetMI,5,v1_lda,max-prob,0.6,0.55,0.583989340367918,0.7777777777777778,0.2222222222222222,9
moabb_5subj_3datasets_lda,PhysionetMI,5,v1_lda,max-prob,0.6,0.6,0.583989340367918,0.7777777777777778,0.2222222222222222,9
moabb_5subj_3datasets_lda,PhysionetMI,5,v1_lda,max-prob,0.6666666666666666,0.65,0.5811071214973462,0.7,0.3,10
moabb_5subj_3datasets_lda,PhysionetMI,5,v1_lda,max-prob,0.7333333333333333,0.7,0.5598574580053411,0.7272727272727273,0.2727272727272727,11
moabb_5subj_3datasets_lda,PhysionetMI,5,v1_lda,max-prob,0.8,0.75,0.543851850376947,0.75,0.25,12
moabb_5subj_3datasets_lda,PhysionetMI,5,v1_lda,max-prob,0.8,0.8,0.543851850376947,0.75,0.25,12
moabb_5subj_3datasets_lda,PhysionetMI,5,v1_lda,max-prob,0.8666666666666667,0.85,0.5402682178545194,0.6923076923076923,0.3076923076923077,13
moabb_5subj_3datasets_lda,PhysionetMI,5,v1_lda,max-prob,0.9333333333333332,0.9,0.5116718004147939,0.7142857142857143,0.2857142857142857,14
moabb_5subj_3datasets_lda,PhysionetMI,5,v1_lda,max-prob,1.0,0.95,0.5023112811144039,0.6666666666666667,0.3333333333333333,15
moabb_5subj_3datasets_lda,PhysionetMI,5,v1_lda,max-prob,1.0,1.0,0.5023112811144039,0.6666666666666667,0.3333333333333333,15
moabb_5subj_3datasets_lda,BNCI2014_001,1,v1_lda,max-prob,0.0555555555555555,0.05,0.7611457992703939,0.0,1.0,8
moabb_5subj_3datasets_lda,BNCI2014_001,1,v1_lda,max-prob,0.1041666666666666,0.1,0.7287226998921384,0.0666666666666666,0.9333333333333332,15
moabb_5subj_3datasets_lda,BNCI2014_001,1,v1_lda,max-prob,0.1527777777777778,0.15,0.7038201596513888,0.0454545454545454,0.9545454545454546,22
moabb_5subj_3datasets_lda,BNCI2014_001,1,v1_lda,max-prob,0.2013888888888889,0.2,0.6812130966266966,0.0689655172413793,0.9310344827586208,29
moabb_5subj_3datasets_lda,BNCI2014_001,1,v1_lda,max-prob,0.25,0.25,0.6730673438110508,0.1111111111111111,0.8888888888888888,36
moabb_5subj_3datasets_lda,BNCI2014_001,1,v1_lda,max-prob,0.3055555555555556,0.3,0.65325639643684,0.0909090909090909,0.9090909090909092,44
moabb_5subj_3datasets_lda,BNCI2014_001,1,v1_lda,max-prob,0.3541666666666667,0.35,0.6328273170366163,0.0980392156862745,0.9019607843137256,51
moabb_5subj_3datasets_lda,BNCI2014_001,1,v1_lda,max-prob,0.4027777777777778,0.4,0.6180379701058498,0.086206896551724,0.913793103448276,58
moabb_5subj_3datasets_lda,BNCI2014_001,1,v1_lda,max-prob,0.4513888888888889,0.45,0.6055976253973613,0.1384615384615384,0.8615384615384616,65
moabb_5subj_3datasets_lda,BNCI2014_001,1,v1_lda,max-prob,0.5,0.5,0.597555186263574,0.125,0.875,72
moabb_5subj_3datasets_lda,BNCI2014_001,1,v1_lda,max-prob,0.5555555555555556,0.55,0.5875059106461924,0.15,0.85,80
moabb_5subj_3datasets_lda,BNCI2014_001,1,v1_lda,max-prob,0.6041666666666666,0.6,0.5798175212648969,0.1494252873563218,0.8505747126436781,87
moabb_5subj_3datasets_lda,BNCI2014_001,1,v1_lda,max-prob,0.6527777777777778,0.65,0.5712215390256452,0.1702127659574468,0.8297872340425532,94
moabb_5subj_3datasets_lda,BNCI2014_001,1,v1_lda,max-prob,0.7013888888888888,0.7,0.559482094536467,0.1683168316831683,0.8316831683168316,101
moabb_5subj_3datasets_lda,BNCI2014_001,1,v1_lda,max-prob,0.75,0.75,0.5464895458851101,0.1666666666666666,0.8333333333333334,108
moabb_5subj_3datasets_lda,BNCI2014_001,1,v1_lda,max-prob,0.8055555555555556,0.8,0.537212424620745,0.1724137931034483,0.8275862068965517,116
moabb_5subj_3datasets_lda,BNCI2014_001,1,v1_lda,max-prob,0.8541666666666666,0.85,0.5284014338384686,0.2032520325203252,0.7967479674796748,123
moabb_5subj_3datasets_lda,BNCI2014_001,1,v1_lda,max-prob,0.9027777777777778,0.9,0.5166467962792824,0.1999999999999999,0.8,130
moabb_5subj_3datasets_lda,BNCI2014_001,1,v1_lda,max-prob,0.9513888888888888,0.95,0.505721159135591,0.2189781021897809,0.781021897810219,137
moabb_5subj_3datasets_lda,BNCI2014_001,1,v1_lda,max-prob,1.0,1.0,0.5012116886280567,0.2222222222222222,0.7777777777777778,144
moabb_5subj_3datasets_lda,BNCI2014_001,2,v1_lda,max-prob,0.0555555555555555,0.05,0.5897391642054416,0.625,0.375,8
moabb_5subj_3datasets_lda,BNCI2014_001,2,v1_lda,max-prob,0.1041666666666666,0.1,0.575068931690993,0.7333333333333334,0.2666666666666666,15
moabb_5subj_3datasets_lda,BNCI2014_001,2,v1_lda,max-prob,0.1527777777777778,0.15,0.5684907492309134,0.7727272727272727,0.2272727272727272,22
moabb_5subj_3datasets_lda,BNCI2014_001,2,v1_lda,max-prob,0.2013888888888889,0.2,0.5627231231133378,0.7586206896551724,0.2413793103448276,29
moabb_5subj_3datasets_lda,BNCI2014_001,2,v1_lda,max-prob,0.25,0.25,0.5577153538122489,0.7222222222222222,0.2777777777777778,36
moabb_5subj_3datasets_lda,BNCI2014_001,2,v1_lda,max-prob,0.3055555555555556,0.3,0.5531202106871547,0.7045454545454546,0.2954545454545454,44
moabb_5subj_3datasets_lda,BNCI2014_001,2,v1_lda,max-prob,0.3541666666666667,0.35,0.5496024813462077,0.6862745098039216,0.3137254901960784,51
moabb_5subj_3datasets_lda,BNCI2014_001,2,v1_lda,max-prob,0.4027777777777778,0.4,0.5445682796553585,0.6724137931034483,0.3275862068965517,58
moabb_5subj_3datasets_lda,BNCI2014_001,2,v1_lda,max-prob,0.4513888888888889,0.45,0.5405611509873401,0.6461538461538461,0.3538461538461538,65
moabb_5subj_3datasets_lda,BNCI2014_001,2,v1_lda,max-prob,0.5,0.5,0.5359411561453264,0.6111111111111112,0.3888888888888889,72
moabb_5subj_3datasets_lda,BNCI2014_001,2,v1_lda,max-prob,0.5555555555555556,0.55,0.5314648419662588,0.5875,0.4125,80
moabb_5subj_3datasets_lda,BNCI2014_001,2,v1_lda,max-prob,0.6041666666666666,0.6,0.5292571157623863,0.5632183908045977,0.4367816091954023,87
moabb_5subj_3datasets_lda,BNCI2014_001,2,v1_lda,max-prob,0.6527777777777778,0.65,0.5258213205145901,0.5531914893617021,0.4468085106382978,94
moabb_5subj_3datasets_lda,BNCI2014_001,2,v1_lda,max-prob,0.7013888888888888,0.7,0.5226375553362819,0.5445544554455446,0.4554455445544554,101
moabb_5subj_3datasets_lda,BNCI2014_001,2,v1_lda,max-prob,0.75,0.75,0.5205157639744284,0.5555555555555556,0.4444444444444444,108
moabb_5subj_3datasets_lda,BNCI2014_001,2,v1_lda,max-prob,0.8055555555555556,0.8,0.516622245511301,0.5689655172413793,0.4310344827586206,116
moabb_5subj_3datasets_lda,BNCI2014_001,2,v1_lda,max-prob,0.8541666666666666,0.85,0.5136944735336281,0.5609756097560976,0.4390243902439024,123
moabb_5subj_3datasets_lda,BNCI2014_001,2,v1_lda,max-prob,0.9027777777777778,0.9,0.508762433901894,0.5538461538461539,0.4461538461538462,130
moabb_5subj_3datasets_lda,BNCI2014_001,2,v1_lda,max-prob,0.9513888888888888,0.95,0.5045793883070577,0.5401459854014599,0.4598540145985401,137
moabb_5subj_3datasets_lda,BNCI2014_001,2,v1_lda,max-prob,1.0,1.0,0.5012540617063942,0.5277777777777778,0.4722222222222222,144
moabb_5subj_3datasets_lda,BNCI2014_001,3,v1_lda,max-prob,0.0555555555555555,0.05,0.7936466741483914,0.0,1.0,8
moabb_5subj_3datasets_lda,BNCI2014_001,3,v1_lda,max-prob,0.1041666666666666,0.1,0.7498988098673817,0.0666666666666666,0.9333333333333332,15
moabb_5subj_3datasets_lda,BNCI2014_001,3,v1_lda,max-prob,0.1527777777777778,0.15,0.7333387369584699,0.1363636363636363,0.8636363636363636,22
moabb_5subj_3datasets_lda,BNCI2014_001,3,v1_lda,max-prob,0.2013888888888889,0.2,0.7091495958560815,0.1034482758620689,0.896551724137931,29
moabb_5subj_3datasets_lda,BNCI2014_001,3,v1_lda,max-prob,0.25,0.25,0.6937271881626692,0.1388888888888888,0.8611111111111112,36
moabb_5subj_3datasets_lda,BNCI2014_001,3,v1_lda,max-prob,0.3055555555555556,0.3,0.6668894572727726,0.159090909090909,0.8409090909090909,44
moabb_5subj_3datasets_lda,BNCI2014_001,3,v1_lda,max-prob,0.3541666666666667,0.35,0.6570800986259777,0.1568627450980392,0.8431372549019608,51
moabb_5subj_3datasets_lda,BNCI2014_001,3,v1_lda,max-prob,0.4027777777777778,0.4,0.6460336890804288,0.1724137931034483,0.8275862068965517,58
moabb_5subj_3datasets_lda,BNCI2014_001,3,v1_lda,max-prob,0.4513888888888889,0.45,0.6297840736656041,0.1692307692307691,0.8307692307692308,65
moabb_5subj_3datasets_lda,BNCI2014_001,3,v1_lda,max-prob,0.5,0.5,0.614974525072272,0.1805555555555555,0.8194444444444444,72
moabb_5subj_3datasets_lda,BNCI2014_001,3,v1_lda,max-prob,0.5555555555555556,0.55,0.5997203404878874,0.175,0.825,80
moabb_5subj_3datasets_lda,BNCI2014_001,3,v1_lda,max-prob,0.6041666666666666,0.6,0.5816943214466076,0.2068965517241379,0.7931034482758621,87
moabb_5subj_3datasets_lda,BNCI2014_001,3,v1_lda,max-prob,0.6527777777777778,0.65,0.568864776100379,0.2021276595744681,0.7978723404255319,94
moabb_5subj_3datasets_lda,BNCI2014_001,3,v1_lda,max-prob,0.7013888888888888,0.7,0.560558416076217,0.1980198019801979,0.801980198019802,101
moabb_5subj_3datasets_lda,BNCI2014_001,3,v1_lda,max-prob,0.75,0.75,0.5459968302250681,0.2222222222222222,0.7777777777777778,108
moabb_5subj_3datasets_lda,BNCI2014_001,3,v1_lda,max-prob,0.8055555555555556,0.8,0.5287495938833374,0.2413793103448276,0.7586206896551724,116
moabb_5subj_3datasets_lda,BNCI2014_001,3,v1_lda,max-prob,0.8541666666666666,0.85,0.5265054002332159,0.2601626016260162,0.7398373983739838,123
moabb_5subj_3datasets_lda,BNCI2014_001,3,v1_lda,max-prob,0.9027777777777778,0.9,0.5159892858128259,0.2769230769230769,0.7230769230769231,130
moabb_5subj_3datasets_lda,BNCI2014_001,3,v1_lda,max-prob,0.9513888888888888,0.95,0.5119243688915213,0.291970802919708,0.708029197080292,137
moabb_5subj_3datasets_lda,BNCI2014_001,3,v1_lda,max-prob,1.0,1.0,0.5010758598857715,0.3055555555555556,0.6944444444444444,144
moabb_5subj_3datasets_lda,BNCI2014_001,4,v1_lda,max-prob,0.0555555555555555,0.05,0.6610812982099605,0.0,1.0,8
moabb_5subj_3datasets_lda,BNCI2014_001,4,v1_lda,max-prob,0.1041666666666666,0.1,0.6508690800624012,0.1333333333333333,0.8666666666666667,15
moabb_5subj_3datasets_lda,BNCI2014_001,4,v1_lda,max-prob,0.1527777777777778,0.15,0.6328053000881967,0.1363636363636363,0.8636363636363636,22
moabb_5subj_3datasets_lda,BNCI2014_001,4,v1_lda,max-prob,0.2013888888888889,0.2,0.6169327943269427,0.1379310344827586,0.8620689655172413,29
moabb_5subj_3datasets_lda,BNCI2014_001,4,v1_lda,max-prob,0.25,0.25,0.6051262539496175,0.1111111111111111,0.8888888888888888,36
moabb_5subj_3datasets_lda,BNCI2014_001,4,v1_lda,max-prob,0.3055555555555556,0.3,0.5902322386147886,0.1363636363636363,0.8636363636363636,44
moabb_5subj_3datasets_lda,BNCI2014_001,4,v1_lda,max-prob,0.3541666666666667,0.35,0.5829367407332143,0.1764705882352941,0.8235294117647058,51
moabb_5subj_3datasets_lda,BNCI2014_001,4,v1_lda,max-prob,0.4027777777777778,0.4,0.5735699000732235,0.1724137931034483,0.8275862068965517,58
moabb_5subj_3datasets_lda,BNCI2014_001,4,v1_lda,max-prob,0.4513888888888889,0.45,0.5651783247205991,0.1999999999999999,0.8,65
moabb_5subj_3datasets_lda,BNCI2014_001,4,v1_lda,max-prob,0.5,0.5,0.5604991199091506,0.2361111111111111,0.7638888888888888,72
moabb_5subj_3datasets_lda,BNCI2014_001,4,v1_lda,max-prob,0.5555555555555556,0.55,0.5495333799724502,0.2249999999999999,0.775,80
moabb_5subj_3datasets_lda,BNCI2014_001,4,v1_lda,max-prob,0.6041666666666666,0.6,0.5432607176044358,0.2183908045977011,0.7816091954022989,87
moabb_5subj_3datasets_lda,BNCI2014_001,4,v1_lda,max-prob,0.6527777777777778,0.65,0.5416088190463878,0.2234042553191489,0.776595744680851,94
moabb_5subj_3datasets_lda,BNCI2014_001,4,v1_lda,max-prob,0.7013888888888888,0.7,0.5328998311979627,0.2277227722772277,0.7722772277227723,101
moabb_5subj_3datasets_lda,BNCI2014_001,4,v1_lda,max-prob,0.75,0.75,0.5285261790563026,0.2407407407407407,0.7592592592592593,108
moabb_5subj_3datasets_lda,BNCI2014_001,4,v1_lda,max-prob,0.8055555555555556,0.8,0.5227665031093189,0.2413793103448276,0.7586206896551724,116
moabb_5subj_3datasets_lda,BNCI2014_001,4,v1_lda,max-prob,0.8541666666666666,0.85,0.5182217768739467,0.2601626016260162,0.7398373983739838,123
moabb_5subj_3datasets_lda,BNCI2014_001,4,v1_lda,max-prob,0.9027777777777778,0.9,0.5131652770531053,0.2846153846153846,0.7153846153846154,130
moabb_5subj_3datasets_lda,BNCI2014_001,4,v1_lda,max-prob,0.9513888888888888,0.95,0.5046942853442128,0.291970802919708,0.708029197080292,137
moabb_5subj_3datasets_lda,BNCI2014_001,4,v1_lda,max-prob,1.0,1.0,0.5003764585983648,0.2986111111111111,0.7013888888888888,144
moabb_5subj_3datasets_lda,BNCI2014_001,5,v1_lda,max-prob,0.0555555555555555,0.05,0.5793534905800097,0.5,0.5,8
moabb_5subj_3datasets_lda,BNCI2014_001,5,v1_lda,max-prob,0.1041666666666666,0.1,0.5683674832235054,0.4,0.6,15
moabb_5subj_3datasets_lda,BNCI2014_001,5,v1_lda,max-prob,0.1527777777777778,0.15,0.5554288961096158,0.4545454545454546,0.5454545454545454,22
moabb_5subj_3datasets_lda,BNCI2014_001,5,v1_lda,max-prob,0.2013888888888889,0.2,0.55053301963107,0.4137931034482759,0.5862068965517241,29
moabb_5subj_3datasets_lda,BNCI2014_001,5,v1_lda,max-prob,0.25,0.25,0.5455216235218251,0.4444444444444444,0.5555555555555556,36
moabb_5subj_3datasets_lda,BNCI2014_001,5,v1_lda,max-prob,0.3055555555555556,0.3,0.5367725440848474,0.409090909090909,0.5909090909090909,44
moabb_5subj_3datasets_lda,BNCI2014_001,5,v1_lda,max-prob,0.3541666666666667,0.35,0.5347835735942071,0.4117647058823529,0.5882352941176471,51
moabb_5subj_3datasets_lda,BNCI2014_001,5,v1_lda,max-prob,0.4027777777777778,0.4,0.5314872243532814,0.4137931034482759,0.5862068965517241,58
moabb_5subj_3datasets_lda,BNCI2014_001,5,v1_lda,max-prob,0.4513888888888889,0.45,0.5290584811058909,0.4153846153846153,0.5846153846153846,65
moabb_5subj_3datasets_lda,BNCI2014_001,5,v1_lda,max-prob,0.5,0.5,0.5264702521852426,0.4166666666666666,0.5833333333333334,72
moabb_5subj_3datasets_lda,BNCI2014_001,5,v1_lda,max-prob,0.5555555555555556,0.55,0.5232563124731049,0.4125,0.5875,80
moabb_5subj_3datasets_lda,BNCI2014_001,5,v1_lda,max-prob,0.6041666666666666,0.6,0.5199938588146531,0.4022988505747126,0.5977011494252874,87
moabb_5subj_3datasets_lda,BNCI2014_001,5,v1_lda,max-prob,0.6527777777777778,0.65,0.5172663982049587,0.3936170212765957,0.6063829787234043,94
moabb_5subj_3datasets_lda,BNCI2014_001,5,v1_lda,max-prob,0.7013888888888888,0.7,0.5156341216502304,0.3861386138613861,0.6138613861386139,101
moabb_5subj_3datasets_lda,BNCI2014_001,5,v1_lda,max-prob,0.75,0.75,0.5129894136077116,0.3703703703703703,0.6296296296296297,108
moabb_5subj_3datasets_lda,BNCI2014_001,5,v1_lda,max-prob,0.8055555555555556,0.8,0.5103982494301927,0.396551724137931,0.603448275862069,116
moabb_5subj_3datasets_lda,BNCI2014_001,5,v1_lda,max-prob,0.8541666666666666,0.85,0.5075570082857166,0.3902439024390244,0.6097560975609756,123
moabb_5subj_3datasets_lda,BNCI2014_001,5,v1_lda,max-prob,0.9027777777777778,0.9,0.5059434029119964,0.3846153846153846,0.6153846153846154,130
moabb_5subj_3datasets_lda,BNCI2014_001,5,v1_lda,max-prob,0.9513888888888888,0.95,0.503222490472738,0.3795620437956204,0.6204379562043796,137
moabb_5subj_3datasets_lda,BNCI2014_001,5,v1_lda,max-prob,1.0,1.0,0.5001253169798087,0.3958333333333333,0.6041666666666666,144
local_iiia_lda_margin,BCI_IV_2a,1,v1_lda,margin,0.0520833333333333,0.05,0.6805643977489317,0.0,1.0,15
local_iiia_lda_margin,BCI_IV_2a,1,v1_lda,margin,0.1006944444444444,0.1,0.6221736702183008,0.0,1.0,29
local_iiia_lda_margin,BCI_IV_2a,1,v1_lda,margin,0.1527777777777778,0.15,0.557732844985781,0.0,1.0,44
local_iiia_lda_margin,BCI_IV_2a,1,v1_lda,margin,0.2013888888888889,0.2,0.4766571140582082,0.0,1.0,58
local_iiia_lda_margin,BCI_IV_2a,1,v1_lda,margin,0.25,0.25,0.442561152758029,0.0138888888888888,0.9861111111111112,72
local_iiia_lda_margin,BCI_IV_2a,1,v1_lda,margin,0.3020833333333333,0.3,0.4203939703938513,0.0344827586206896,0.9655172413793104,87
local_iiia_lda_margin,BCI_IV_2a,1,v1_lda,margin,0.3506944444444444,0.35,0.3888461709706926,0.0693069306930692,0.9306930693069309,101
local_iiia_lda_margin,BCI_IV_2a,1,v1_lda,margin,0.4027777777777778,0.4,0.3559952211808411,0.0948275862068965,0.9051724137931034,116
local_iiia_lda_margin,BCI_IV_2a,1,v1_lda,margin,0.4513888888888889,0.45,0.3225785250562916,0.1307692307692307,0.8692307692307693,130
local_iiia_lda_margin,BCI_IV_2a,1,v1_lda,margin,0.5,0.5,0.2964124087488218,0.1319444444444444,0.8680555555555556,144
local_iiia_lda_margin,BCI_IV_2a,1,v1_lda,margin,0.5520833333333334,0.55,0.2746653515046072,0.1446540880503144,0.8553459119496856,159
local_iiia_lda_margin,BCI_IV_2a,1,v1_lda,margin,0.6006944444444444,0.6,0.2321737769084751,0.1734104046242774,0.8265895953757225,173
local_iiia_lda_margin,BCI_IV_2a,1,v1_lda,margin,0.6527777777777778,0.65,0.1950737228915552,0.1808510638297872,0.8191489361702128,188
local_iiia_lda_margin,BCI_IV_2a,1,v1_lda,margin,0.7013888888888888,0.7,0.1548466243675875,0.193069306930693,0.806930693069307,202
local_iiia_lda_margin,BCI_IV_2a,1,v1_lda,margin,0.75,0.75,0.1217314783339129,0.2083333333333333,0.7916666666666666,216
local_iiia_lda_margin,BCI_IV_2a,1,v1_lda,margin,0.8020833333333334,0.8,0.1007167071735223,0.2294372294372294,0.7705627705627706,231
local_iiia_lda_margin,BCI_IV_2a,1,v1_lda,margin,0.8506944444444444,0.85,0.062253754289394,0.2326530612244898,0.7673469387755102,245
local_iiia_lda_margin,BCI_IV_2a,1,v1_lda,margin,0.9027777777777778,0.9,0.0465811880943281,0.2538461538461538,0.7461538461538462,260
local_iiia_lda_margin,BCI_IV_2a,1,v1_lda,margin,0.9513888888888888,0.95,0.0268775348817884,0.2627737226277372,0.7372262773722628,274
local_iiia_lda_margin,BCI_IV_2a,1,v1_lda,margin,1.0,1.0,0.0009079185945737,0.2743055555555556,0.7256944444444444,288
local_iiia_lda_margin,BCI_IV_2a,2,v1_lda,margin,0.0520833333333333,0.05,0.3970576225946991,0.1999999999999999,0.8,15
local_iiia_lda_margin,BCI_IV_2a,2,v1_lda,margin,0.1006944444444444,0.1,0.3847249014052176,0.3448275862068966,0.6551724137931034,29
local_iiia_lda_margin,BCI_IV_2a,2,v1_lda,margin,0.1527777777777778,0.15,0.3764519728656688,0.3863636363636363,0.6136363636363636,44
local_iiia_lda_margin,BCI_IV_2a,2,v1_lda,margin,0.2013888888888889,0.2,0.3676357112590234,0.4137931034482759,0.5862068965517241,58
local_iiia_lda_margin,BCI_IV_2a,2,v1_lda,margin,0.25,0.25,0.3641315619392711,0.4444444444444444,0.5555555555555556,72
local_iiia_lda_margin,BCI_IV_2a,2,v1_lda,margin,0.3020833333333333,0.3,0.3576895878556865,0.4712643678160919,0.5287356321839081,87
local_iiia_lda_margin,BCI_IV_2a,2,v1_lda,margin,0.3506944444444444,0.35,0.3526002557178473,0.5148514851485149,0.4851485148514851,101
local_iiia_lda_margin,BCI_IV_2a,2,v1_lda,margin,0.4027777777777778,0.4,0.3427770526315131,0.5258620689655172,0.4741379310344827,116
local_iiia_lda_margin,BCI_IV_2a,2,v1_lda,margin,0.4513888888888889,0.45,0.3364978414184456,0.5615384615384615,0.4384615384615384,130
local_iiia_lda_margin,BCI_IV_2a,2,v1_lda,margin,0.5,0.5,0.3327616376747376,0.5902777777777778,0.4097222222222222,144
local_iiia_lda_margin,BCI_IV_2a,2,v1_lda,margin,0.5520833333333334,0.55,0.327122794526559,0.6037735849056604,0.3962264150943396,159
local_iiia_lda_margin,BCI_IV_2a,2,v1_lda,margin,0.6006944444444444,0.6,0.3198481374170829,0.6184971098265897,0.3815028901734104,173
local_iiia_lda_margin,BCI_IV_2a,2,v1_lda,margin,0.6527777777777778,0.65,0.3133267973240526,0.6382978723404256,0.3617021276595745,188
local_iiia_lda_margin,BCI_IV_2a,2,v1_lda,margin,0.7013888888888888,0.7,0.3041227165201795,0.6633663366336633,0.3366336633663366,202
local_iiia_lda_margin,BCI_IV_2a,2,v1_lda,margin,0.75,0.75,0.2970796192142971,0.6759259259259259,0.324074074074074,216
local_iiia_lda_margin,BCI_IV_2a,2,v1_lda,margin,0.8020833333333334,0.8,0.2825024821378815,0.696969696969697,0.303030303030303,231
local_iiia_lda_margin,BCI_IV_2a,2,v1_lda,margin,0.8506944444444444,0.85,0.2738414218474481,0.7102040816326531,0.2897959183673469,245
local_iiia_lda_margin,BCI_IV_2a,2,v1_lda,margin,0.9027777777777778,0.9,0.2618143333515635,0.7230769230769231,0.2769230769230769,260
local_iiia_lda_margin,BCI_IV_2a,2,v1_lda,margin,0.9513888888888888,0.95,0.248974430001764,0.7372262773722628,0.2627737226277372,274
local_iiia_lda_margin,BCI_IV_2a,2,v1_lda,margin,1.0,1.0,0.1875665815633895,0.75,0.25,288
local_iiia_lda_margin,BCI_IV_2a,3,v1_lda,margin,0.0520833333333333,0.05,0.7189750314333949,0.0,1.0,15
local_iiia_lda_margin,BCI_IV_2a,3,v1_lda,margin,0.1006944444444444,0.1,0.646891084222364,0.0,1.0,29
local_iiia_lda_margin,BCI_IV_2a,3,v1_lda,margin,0.1527777777777778,0.15,0.6069427924526372,0.0227272727272727,0.9772727272727272,44
local_iiia_lda_margin,BCI_IV_2a,3,v1_lda,margin,0.2013888888888889,0.2,0.5675719593992167,0.0344827586206896,0.9655172413793104,58
local_iiia_lda_margin,BCI_IV_2a,3,v1_lda,margin,0.25,0.25,0.5394497693272643,0.0277777777777777,0.9722222222222222,72
local_iiia_lda_margin,BCI_IV_2a,3,v1_lda,margin,0.3020833333333333,0.3,0.4873506999805849,0.0459770114942529,0.9540229885057472,87
local_iiia_lda_margin,BCI_IV_2a,3,v1_lda,margin,0.3506944444444444,0.35,0.4405403809196006,0.0495049504950495,0.9504950495049505,101
local_iiia_lda_margin,BCI_IV_2a,3,v1_lda,margin,0.4027777777777778,0.4,0.3940511145143895,0.0517241379310344,0.9482758620689656,116
local_iiia_lda_margin,BCI_IV_2a,3,v1_lda,margin,0.4513888888888889,0.45,0.3660004253564433,0.0461538461538461,0.953846153846154,130
local_iiia_lda_margin,BCI_IV_2a,3,v1_lda,margin,0.5,0.5,0.3390844998831073,0.0763888888888888,0.9236111111111112,144
local_iiia_lda_margin,BCI_IV_2a,3,v1_lda,margin,0.5520833333333334,0.55,0.3054342003622643,0.10062893081761,0.89937106918239,159
local_iiia_lda_margin,BCI_IV_2a,3,v1_lda,margin,0.6006944444444444,0.6,0.2499492795438699,0.1213872832369942,0.8786127167630058,173
local_iiia_lda_margin,BCI_IV_2a,3,v1_lda,margin,0.6527777777777778,0.65,0.2233706365764024,0.1595744680851063,0.8404255319148937,188
local_iiia_lda_margin,BCI_IV_2a,3,v1_lda,margin,0.7013888888888888,0.7,0.1892848326493867,0.1683168316831683,0.8316831683168316,202
local_iiia_lda_margin,BCI_IV_2a,3,v1_lda,margin,0.75,0.75,0.1695325557699124,0.1666666666666666,0.8333333333333334,216
local_iiia_lda_margin,BCI_IV_2a,3,v1_lda,margin,0.8020833333333334,0.8,0.1356768718709768,0.1818181818181817,0.8181818181818182,231
local_iiia_lda_margin,BCI_IV_2a,3,v1_lda,margin,0.8506944444444444,0.85,0.1007693990993119,0.1959183673469388,0.8040816326530612,245
local_iiia_lda_margin,BCI_IV_2a,3,v1_lda,margin,0.9027777777777778,0.9,0.0639372656166396,0.2192307692307692,0.7807692307692308,260
local_iiia_lda_margin,BCI_IV_2a,3,v1_lda,margin,0.9513888888888888,0.95,0.0234943752461095,0.2335766423357664,0.7664233576642335,274
local_iiia_lda_margin,BCI_IV_2a,3,v1_lda,margin,1.0,1.0,0.0020846458640434,0.2361111111111111,0.7638888888888888,288
local_iiia_lda_margin,BCI_IV_2a,4,v1_lda,margin,0.0520833333333333,0.05,0.1632361474415091,0.4,0.6,15
local_iiia_lda_margin,BCI_IV_2a,4,v1_lda,margin,0.1006944444444444,0.1,0.121468705276977,0.5862068965517242,0.4137931034482758,29
local_iiia_lda_margin,BCI_IV_2a,4,v1_lda,margin,0.1527777777777778,0.15,0.1040891806808627,0.6136363636363636,0.3863636363636363,44
local_iiia_lda_margin,BCI_IV_2a,4,v1_lda,margin,0.2013888888888889,0.2,0.0926023558062793,0.5862068965517242,0.4137931034482758,58
local_iiia_lda_margin,BCI_IV_2a,4,v1_lda,margin,0.25,0.25,0.083535360054099,0.5972222222222222,0.4027777777777778,72
local_iiia_lda_margin,BCI_IV_2a,4,v1_lda,margin,0.3020833333333333,0.3,0.0739719627892194,0.6091954022988506,0.3908045977011494,87
local_iiia_lda_margin,BCI_IV_2a,4,v1_lda,margin,0.3506944444444444,0.35,0.0684026549381635,0.6336633663366337,0.3663366336633663,101
local_iiia_lda_margin,BCI_IV_2a,4,v1_lda,margin,0.4027777777777778,0.4,0.0633420816759676,0.6379310344827587,0.3620689655172414,116
local_iiia_lda_margin,BCI_IV_2a,4,v1_lda,margin,0.4513888888888889,0.45,0.0601623403276104,0.6692307692307693,0.3307692307692307,130
local_iiia_lda_margin,BCI_IV_2a,4,v1_lda,margin,0.5,0.5,0.0561436178202284,0.6736111111111112,0.3263888888888889,144
local_iiia_lda_margin,BCI_IV_2a,4,v1_lda,margin,0.5520833333333334,0.55,0.051537139624544,0.679245283018868,0.320754716981132,159
local_iiia_lda_margin,BCI_IV_2a,4,v1_lda,margin,0.6006944444444444,0.6,0.0472183835632649,0.676300578034682,0.3236994219653179,173
local_iiia_lda_margin,BCI_IV_2a,4,v1_lda,margin,0.6527777777777778,0.65,0.042153888752945,0.6808510638297872,0.3191489361702128,188
local_iiia_lda_margin,BCI_IV_2a,4,v1_lda,margin,0.7013888888888888,0.7,0.037925328874431,0.693069306930693,0.3069306930693069,202
local_iiia_lda_margin,BCI_IV_2a,4,v1_lda,margin,0.75,0.75,0.0347650404297226,0.6990740740740741,0.3009259259259259,216
local_iiia_lda_margin,BCI_IV_2a,4,v1_lda,margin,0.8020833333333334,0.8,0.0321915917486314,0.7012987012987013,0.2987012987012987,231
local_iiia_lda_margin,BCI_IV_2a,4,v1_lda,margin,0.8506944444444444,0.85,0.0269232602468463,0.7102040816326531,0.2897959183673469,245
local_iiia_lda_margin,BCI_IV_2a,4,v1_lda,margin,0.9027777777777778,0.9,0.0233444657727127,0.726923076923077,0.273076923076923,260
local_iiia_lda_margin,BCI_IV_2a,4,v1_lda,margin,0.9513888888888888,0.95,0.0188361083038627,0.7372262773722628,0.2627737226277372,274
local_iiia_lda_margin,BCI_IV_2a,4,v1_lda,margin,1.0,1.0,0.008295484298648,0.75,0.25,288
local_iiia_lda_margin,BCI_IV_2a,5,v1_lda,margin,0.0520833333333333,0.05,0.0855662009224684,0.6666666666666667,0.3333333333333333,15
local_iiia_lda_margin,BCI_IV_2a,5,v1_lda,margin,0.1006944444444444,0.1,0.0692680681641852,0.6896551724137931,0.3103448275862069,29
local_iiia_lda_margin,BCI_IV_2a,5,v1_lda,margin,0.1527777777777778,0.15,0.0601570568018992,0.6363636363636364,0.3636363636363636,44
local_iiia_lda_margin,BCI_IV_2a,5,v1_lda,margin,0.2013888888888889,0.2,0.0538591273844444,0.6379310344827587,0.3620689655172414,58
local_iiia_lda_margin,BCI_IV_2a,5,v1_lda,margin,0.25,0.25,0.0477449990366991,0.6805555555555556,0.3194444444444444,72
local_iiia_lda_margin,BCI_IV_2a,5,v1_lda,margin,0.3020833333333333,0.3,0.0402959447582734,0.7126436781609196,0.2873563218390804,87
local_iiia_lda_margin,BCI_IV_2a,5,v1_lda,margin,0.3506944444444444,0.35,0.0360001508740449,0.7128712871287128,0.2871287128712871,101
local_iiia_lda_margin,BCI_IV_2a,5,v1_lda,margin,0.4027777777777778,0.4,0.0321281034375026,0.7068965517241379,0.293103448275862,116
local_iiia_lda_margin,BCI_IV_2a,5,v1_lda,margin,0.4513888888888889,0.45,0.0301417636645596,0.6923076923076923,0.3076923076923077,130
local_iiia_lda_margin,BCI_IV_2a,5,v1_lda,margin,0.5,0.5,0.0274831469941002,0.6944444444444444,0.3055555555555556,144
local_iiia_lda_margin,BCI_IV_2a,5,v1_lda,margin,0.5520833333333334,0.55,0.0238743091718622,0.6918238993710693,0.3081761006289308,159
local_iiia_lda_margin,BCI_IV_2a,5,v1_lda,margin,0.6006944444444444,0.6,0.0198514666445105,0.7052023121387283,0.2947976878612717,173
local_iiia_lda_margin,BCI_IV_2a,5,v1_lda,margin,0.6527777777777778,0.65,0.0176701999797341,0.6914893617021276,0.3085106382978723,188
local_iiia_lda_margin,BCI_IV_2a,5,v1_lda,margin,0.7013888888888888,0.7,0.0136127599171492,0.6881188118811881,0.3118811881188119,202
local_iiia_lda_margin,BCI_IV_2a,5,v1_lda,margin,0.75,0.75,0.0112951955594654,0.7037037037037037,0.2962962962962963,216
local_iiia_lda_margin,BCI_IV_2a,5,v1_lda,margin,0.8020833333333334,0.8,0.0091096454382971,0.7012987012987013,0.2987012987012987,231
local_iiia_lda_margin,BCI_IV_2a,5,v1_lda,margin,0.8506944444444444,0.85,0.0065323584937966,0.7102040816326531,0.2897959183673469,245
local_iiia_lda_margin,BCI_IV_2a,5,v1_lda,margin,0.9027777777777778,0.9,0.0036996989696401,0.7076923076923076,0.2923076923076923,260
local_iiia_lda_margin,BCI_IV_2a,5,v1_lda,margin,0.9513888888888888,0.95,0.0014197263475432,0.7153284671532847,0.2846715328467153,274
local_iiia_lda_margin,BCI_IV_2a,5,v1_lda,margin,1.0,1.0,6.787629343724122e-05,0.6944444444444444,0.3055555555555556,288
local_iiia_lda_margin,BCI_IV_2a,6,v1_lda,margin,0.0520833333333333,0.05,0.336083804678845,0.4666666666666667,0.5333333333333333,15
local_iiia_lda_margin,BCI_IV_2a,6,v1_lda,margin,0.1006944444444444,0.1,0.3240703961695501,0.4827586206896551,0.5172413793103449,29
local_iiia_lda_margin,BCI_IV_2a,6,v1_lda,margin,0.1527777777777778,0.15,0.3149831036119015,0.5454545454545454,0.4545454545454545,44
local_iiia_lda_margin,BCI_IV_2a,6,v1_lda,margin,0.2013888888888889,0.2,0.3060713905921286,0.5517241379310345,0.4482758620689655,58
local_iiia_lda_margin,BCI_IV_2a,6,v1_lda,margin,0.25,0.25,0.2997440762610521,0.5277777777777778,0.4722222222222222,72
local_iiia_lda_margin,BCI_IV_2a,6,v1_lda,margin,0.3020833333333333,0.3,0.2913049272226147,0.5632183908045977,0.4367816091954023,87
local_iiia_lda_margin,BCI_IV_2a,6,v1_lda,margin,0.3506944444444444,0.35,0.2851636055637181,0.6138613861386139,0.3861386138613861,101
local_iiia_lda_margin,BCI_IV_2a,6,v1_lda,margin,0.4027777777777778,0.4,0.2768764736758645,0.6293103448275862,0.3706896551724138,116
local_iiia_lda_margin,BCI_IV_2a,6,v1_lda,margin,0.4513888888888889,0.45,0.272631624210132,0.6538461538461539,0.3461538461538461,130
local_iiia_lda_margin,BCI_IV_2a,6,v1_lda,margin,0.5,0.5,0.264703252298557,0.6597222222222222,0.3402777777777778,144
local_iiia_lda_margin,BCI_IV_2a,6,v1_lda,margin,0.5520833333333334,0.55,0.2610476002262712,0.6666666666666667,0.3333333333333333,159
local_iiia_lda_margin,BCI_IV_2a,6,v1_lda,margin,0.6006944444444444,0.6,0.2556723442681178,0.6820809248554913,0.3179190751445087,173
local_iiia_lda_margin,BCI_IV_2a,6,v1_lda,margin,0.6527777777777778,0.65,0.2482574274421682,0.7021276595744681,0.2978723404255319,188
local_iiia_lda_margin,BCI_IV_2a,6,v1_lda,margin,0.7013888888888888,0.7,0.2416851338998329,0.7128712871287128,0.2871287128712871,202
local_iiia_lda_margin,BCI_IV_2a,6,v1_lda,margin,0.75,0.75,0.2355498401344341,0.7222222222222222,0.2777777777777778,216
local_iiia_lda_margin,BCI_IV_2a,6,v1_lda,margin,0.8020833333333334,0.8,0.2269510308261318,0.7186147186147186,0.2813852813852814,231
local_iiia_lda_margin,BCI_IV_2a,6,v1_lda,margin,0.8506944444444444,0.85,0.2175152636924441,0.726530612244898,0.273469387755102,245
local_iiia_lda_margin,BCI_IV_2a,6,v1_lda,margin,0.9027777777777778,0.9,0.2082869175667939,0.7307692307692308,0.2692307692307692,260
local_iiia_lda_margin,BCI_IV_2a,6,v1_lda,margin,0.9513888888888888,0.95,0.1922580857788596,0.7408759124087592,0.2591240875912409,274
local_iiia_lda_margin,BCI_IV_2a,6,v1_lda,margin,1.0,1.0,0.1152276588019983,0.75,0.25,288
local_iiia_lda_margin,BCI_IV_2a,7,v1_lda,margin,0.0520833333333333,0.05,0.3097455990260875,0.0,1.0,15
local_iiia_lda_margin,BCI_IV_2a,7,v1_lda,margin,0.1006944444444444,0.1,0.2755201834005606,0.0689655172413793,0.9310344827586208,29
local_iiia_lda_margin,BCI_IV_2a,7,v1_lda,margin,0.1527777777777778,0.15,0.2352014366449663,0.159090909090909,0.8409090909090909,44
local_iiia_lda_margin,BCI_IV_2a,7,v1_lda,margin,0.2013888888888889,0.2,0.1918984110777265,0.2758620689655172,0.7241379310344828,58
local_iiia_lda_margin,BCI_IV_2a,7,v1_lda,margin,0.25,0.25,0.1638425574170617,0.2916666666666666,0.7083333333333334,72
local_iiia_lda_margin,BCI_IV_2a,7,v1_lda,margin,0.3020833333333333,0.3,0.1399316495024837,0.3793103448275862,0.6206896551724138,87
local_iiia_lda_margin,BCI_IV_2a,7,v1_lda,margin,0.3506944444444444,0.35,0.1213040145538122,0.396039603960396,0.6039603960396039,101
local_iiia_lda_margin,BCI_IV_2a,7,v1_lda,margin,0.4027777777777778,0.4,0.0995794738875954,0.4396551724137931,0.5603448275862069,116
local_iiia_lda_margin,BCI_IV_2a,7,v1_lda,margin,0.4513888888888889,0.45,0.0859253355843731,0.4769230769230769,0.5230769230769231,130
local_iiia_lda_margin,BCI_IV_2a,7,v1_lda,margin,0.5,0.5,0.0739879459686605,0.5138888888888888,0.4861111111111111,144
local_iiia_lda_margin,BCI_IV_2a,7,v1_lda,margin,0.5520833333333334,0.55,0.0600485923269236,0.5471698113207547,0.4528301886792453,159
local_iiia_lda_margin,BCI_IV_2a,7,v1_lda,margin,0.6006944444444444,0.6,0.0510965539100804,0.5549132947976878,0.4450867052023121,173
local_iiia_lda_margin,BCI_IV_2a,7,v1_lda,margin,0.6527777777777778,0.65,0.041916730848024,0.5585106382978724,0.4414893617021276,188
local_iiia_lda_margin,BCI_IV_2a,7,v1_lda,margin,0.7013888888888888,0.7,0.0361030356948334,0.5693069306930694,0.4306930693069307,202
local_iiia_lda_margin,BCI_IV_2a,7,v1_lda,margin,0.75,0.75,0.0286506455339213,0.587962962962963,0.412037037037037,216
local_iiia_lda_margin,BCI_IV_2a,7,v1_lda,margin,0.8020833333333334,0.8,0.0235420099698817,0.6017316017316017,0.3982683982683982,231
local_iiia_lda_margin,BCI_IV_2a,7,v1_lda,margin,0.8506944444444444,0.85,0.0182683619774646,0.6122448979591837,0.3877551020408163,245
local_iiia_lda_margin,BCI_IV_2a,7,v1_lda,margin,0.9027777777777778,0.9,0.0123507282435537,0.6153846153846154,0.3846153846153846,260
local_iiia_lda_margin,BCI_IV_2a,7,v1_lda,margin,0.9513888888888888,0.95,0.0058819824810501,0.6204379562043796,0.3795620437956204,274
local_iiia_lda_margin,BCI_IV_2a,7,v1_lda,margin,1.0,1.0,0.0003583367403944,0.6284722222222222,0.3715277777777778,288
local_iiia_lda_margin,BCI_IV_2a,8,v1_lda,margin,0.0520833333333333,0.05,0.4091569843697239,0.1333333333333333,0.8666666666666667,15
local_iiia_lda_margin,BCI_IV_2a,8,v1_lda,margin,0.1006944444444444,0.1,0.3359919305588569,0.1379310344827586,0.8620689655172413,29
local_iiia_lda_margin,BCI_IV_2a,8,v1_lda,margin,0.1527777777777778,0.15,0.2699202909107859,0.1818181818181817,0.8181818181818182,44
local_iiia_lda_margin,BCI_IV_2a,8,v1_lda,margin,0.2013888888888889,0.2,0.2519057418607732,0.1896551724137931,0.8103448275862069,58
local_iiia_lda_margin,BCI_IV_2a,8,v1_lda,margin,0.25,0.25,0.2259385414953112,0.2222222222222222,0.7777777777777778,72
local_iiia_lda_margin,BCI_IV_2a,8,v1_lda,margin,0.3020833333333333,0.3,0.2095827050216634,0.2068965517241379,0.7931034482758621,87
local_iiia_lda_margin,BCI_IV_2a,8,v1_lda,margin,0.3506944444444444,0.35,0.1948923506923744,0.2277227722772277,0.7722772277227723,101
local_iiia_lda_margin,BCI_IV_2a,8,v1_lda,margin,0.4027777777777778,0.4,0.1819604755238987,0.2586206896551724,0.7413793103448276,116
local_iiia_lda_margin,BCI_IV_2a,8,v1_lda,margin,0.4513888888888889,0.45,0.1700124370395087,0.2615384615384615,0.7384615384615385,130
local_iiia_lda_margin,BCI_IV_2a,8,v1_lda,margin,0.5,0.5,0.1564968485575414,0.2569444444444444,0.7430555555555556,144
local_iiia_lda_margin,BCI_IV_2a,8,v1_lda,margin,0.5520833333333334,0.55,0.142711834198683,0.2767295597484277,0.7232704402515723,159
local_iiia_lda_margin,BCI_IV_2a,8,v1_lda,margin,0.6006944444444444,0.6,0.1320000686518848,0.2832369942196532,0.7167630057803468,173
local_iiia_lda_margin,BCI_IV_2a,8,v1_lda,margin,0.6527777777777778,0.65,0.1186495796948296,0.2872340425531915,0.7127659574468085,188
local_iiia_lda_margin,BCI_IV_2a,8,v1_lda,margin,0.7013888888888888,0.7,0.0952630045310974,0.2920792079207921,0.7079207920792079,202
local_iiia_lda_margin,BCI_IV_2a,8,v1_lda,margin,0.75,0.75,0.078391368804202,0.2962962962962963,0.7037037037037037,216
local_iiia_lda_margin,BCI_IV_2a,8,v1_lda,margin,0.8020833333333334,0.8,0.0676752554004697,0.3246753246753247,0.6753246753246753,231
local_iiia_lda_margin,BCI_IV_2a,8,v1_lda,margin,0.8506944444444444,0.85,0.0412110461093395,0.3387755102040816,0.6612244897959184,245
local_iiia_lda_margin,BCI_IV_2a,8,v1_lda,margin,0.9027777777777778,0.9,0.0262372803696243,0.3653846153846154,0.6346153846153846,260
local_iiia_lda_margin,BCI_IV_2a,8,v1_lda,margin,0.9513888888888888,0.95,0.0138747565717886,0.3759124087591241,0.6240875912408759,274
local_iiia_lda_margin,BCI_IV_2a,8,v1_lda,margin,1.0,1.0,0.0004428222693789,0.3854166666666666,0.6145833333333334,288
local_iiia_lda_margin,BCI_IV_2a,9,v1_lda,margin,0.053030303030303,0.05,0.175579120702741,0.2857142857142857,0.7142857142857143,14
local_iiia_lda_margin,BCI_IV_2a,9,v1_lda,margin,0.1022727272727272,0.1,0.147467553270226,0.3333333333333333,0.6666666666666666,27
local_iiia_lda_margin,BCI_IV_2a,9,v1_lda,margin,0.1515151515151515,0.15,0.1382064376841596,0.35,0.65,40
local_iiia_lda_margin,BCI_IV_2a,9,v1_lda,margin,0.2007575757575757,0.2,0.1280423524218626,0.4150943396226415,0.5849056603773585,53
local_iiia_lda_margin,BCI_IV_2a,9,v1_lda,margin,0.25,0.25,0.1210858698954549,0.4848484848484848,0.5151515151515151,66
local_iiia_lda_margin,BCI_IV_2a,9,v1_lda,margin,0.303030303030303,0.3,0.1117536924523553,0.5,0.5,80
local_iiia_lda_margin,BCI_IV_2a,9,v1_lda,margin,0.3522727272727273,0.35,0.0986452455360646,0.5053763440860215,0.4946236559139785,93
local_iiia_lda_margin,BCI_IV_2a,9,v1_lda,margin,0.4015151515151515,0.4,0.0883786298873741,0.490566037735849,0.5094339622641509,106
local_iiia_lda_margin,BCI_IV_2a,9,v1_lda,margin,0.4507575757575757,0.45,0.0800248374781135,0.5210084033613445,0.4789915966386555,119
local_iiia_lda_margin,BCI_IV_2a,9,v1_lda,margin,0.5,0.5,0.0730730476644113,0.5454545454545454,0.4545454545454545,132
local_iiia_lda_margin,BCI_IV_2a,9,v1_lda,margin,0.553030303030303,0.55,0.0640831341580268,0.5616438356164384,0.4383561643835616,146
local_iiia_lda_margin,BCI_IV_2a,9,v1_lda,margin,0.6022727272727273,0.6,0.0553932523476116,0.5660377358490566,0.4339622641509434,159
local_iiia_lda_margin,BCI_IV_2a,9,v1_lda,margin,0.6515151515151515,0.65,0.0476520070410327,0.5755813953488372,0.4244186046511627,172
local_iiia_lda_margin,BCI_IV_2a,9,v1_lda,margin,0.7007575757575758,0.7,0.0409159404855113,0.5729729729729729,0.427027027027027,185
local_iiia_lda_margin,BCI_IV_2a,9,v1_lda,margin,0.75,0.75,0.0319435701963542,0.5858585858585859,0.4141414141414141,198
local_iiia_lda_margin,BCI_IV_2a,9,v1_lda,margin,0.803030303030303,0.8,0.0281285707597281,0.5896226415094339,0.410377358490566,212
local_iiia_lda_margin,BCI_IV_2a,9,v1_lda,margin,0.8522727272727273,0.85,0.0172154599759997,0.6,0.4,225
local_iiia_lda_margin,BCI_IV_2a,9,v1_lda,margin,0.9015151515151516,0.9,0.0095583774596481,0.5966386554621849,0.4033613445378151,238
local_iiia_lda_margin,BCI_IV_2a,9,v1_lda,margin,0.9507575757575758,0.95,0.0058922361085705,0.6095617529880478,0.3904382470119522,251
local_iiia_lda_margin,BCI_IV_2a,9,v1_lda,margin,1.0,1.0,0.0018487237080742,0.6174242424242424,0.3825757575757575,264
local_iiia_lda_margin,BCI_IIIa,k3b,v1_lda,margin,0.0634920634920634,0.05,0.6566580362692915,0.0,1.0,4
local_iiia_lda_margin,BCI_IIIa,k3b,v1_lda,margin,0.1111111111111111,0.1,0.5923035109615606,0.0,1.0,7
local_iiia_lda_margin,BCI_IIIa,k3b,v1_lda,margin,0.1587301587301587,0.15,0.5649760411936308,0.0,1.0,10
local_iiia_lda_margin,BCI_IIIa,k3b,v1_lda,margin,0.2063492063492063,0.2,0.5420710392690897,0.0,1.0,13
local_iiia_lda_margin,BCI_IIIa,k3b,v1_lda,margin,0.2539682539682539,0.25,0.5180695244682927,0.0,1.0,16
local_iiia_lda_margin,BCI_IIIa,k3b,v1_lda,margin,0.3015873015873015,0.3,0.4742230450388306,0.0,1.0,19
local_iiia_lda_margin,BCI_IIIa,k3b,v1_lda,margin,0.365079365079365,0.35,0.4505296749759747,0.0,1.0,23
local_iiia_lda_margin,BCI_IIIa,k3b,v1_lda,margin,0.4126984126984127,0.4,0.3774508759475206,0.0,1.0,26
local_iiia_lda_margin,BCI_IIIa,k3b,v1_lda,margin,0.4603174603174603,0.45,0.3476711148140444,0.0,1.0,29
local_iiia_lda_margin,BCI_IIIa,k3b,v1_lda,margin,0.5079365079365079,0.5,0.3024506306174183,0.0,1.0,32
local_iiia_lda_margin,BCI_IIIa,k3b,v1_lda,margin,0.5555555555555556,0.55,0.2907942221588146,0.0,1.0,35
local_iiia_lda_margin,BCI_IIIa,k3b,v1_lda,margin,0.6031746031746031,0.6,0.2722519785896635,0.0,1.0,38
local_iiia_lda_margin,BCI_IIIa,k3b,v1_lda,margin,0.6507936507936508,0.65,0.2520234683300921,0.0,1.0,41
local_iiia_lda_margin,BCI_IIIa,k3b,v1_lda,margin,0.7142857142857143,0.7,0.2419030852720716,0.0222222222222222,0.9777777777777776,45
local_iiia_lda_margin,BCI_IIIa,k3b,v1_lda,margin,0.7619047619047619,0.75,0.1942620848439095,0.0208333333333333,0.9791666666666666,48
local_iiia_lda_margin,BCI_IIIa,k3b,v1_lda,margin,0.8095238095238095,0.8,0.1449694353269676,0.0392156862745097,0.9607843137254902,51
local_iiia_lda_margin,BCI_IIIa,k3b,v1_lda,margin,0.8571428571428571,0.85,0.1036922159954096,0.037037037037037,0.9629629629629628,54
local_iiia_lda_margin,BCI_IIIa,k3b,v1_lda,margin,0.9047619047619048,0.9,0.0522864608124041,0.0701754385964912,0.9298245614035088,57
local_iiia_lda_margin,BCI_IIIa,k3b,v1_lda,margin,0.9523809523809524,0.95,0.0139060971457677,0.0999999999999999,0.9,60
local_iiia_lda_margin,BCI_IIIa,k3b,v1_lda,margin,1.0,1.0,0.0016540671297794,0.1428571428571429,0.8571428571428571,63
local_iiia_lda_margin,BCI_IIIa,k6b,v1_lda,margin,0.0714285714285714,0.05,0.3648286196385643,0.3333333333333333,0.6666666666666666,3
local_iiia_lda_margin,BCI_IIIa,k6b,v1_lda,margin,0.119047619047619,0.1,0.3549104984472666,0.1999999999999999,0.8,5
local_iiia_lda_margin,BCI_IIIa,k6b,v1_lda,margin,0.1666666666666666,0.15,0.2971900199899064,0.2857142857142857,0.7142857142857143,7
local_iiia_lda_margin,BCI_IIIa,k6b,v1_lda,margin,0.2142857142857142,0.2,0.2816454822954176,0.3333333333333333,0.6666666666666666,9
local_iiia_lda_margin,BCI_IIIa,k6b,v1_lda,margin,0.2619047619047619,0.25,0.2620969537422768,0.2727272727272727,0.7272727272727273,11
local_iiia_lda_margin,BCI_IIIa,k6b,v1_lda,margin,0.3095238095238095,0.3,0.2259249891649221,0.3076923076923077,0.6923076923076923,13
local_iiia_lda_margin,BCI_IIIa,k6b,v1_lda,margin,0.3571428571428571,0.35,0.2208814853985145,0.4,0.6,15
local_iiia_lda_margin,BCI_IIIa,k6b,v1_lda,margin,0.4047619047619047,0.4,0.1885439563687758,0.3529411764705882,0.6470588235294118,17
local_iiia_lda_margin,BCI_IIIa,k6b,v1_lda,margin,0.4523809523809524,0.45,0.1600732941194562,0.3157894736842105,0.6842105263157895,19
local_iiia_lda_margin,BCI_IIIa,k6b,v1_lda,margin,0.5,0.5,0.1483731748501368,0.2857142857142857,0.7142857142857143,21
local_iiia_lda_margin,BCI_IIIa,k6b,v1_lda,margin,0.5714285714285714,0.55,0.1152810961420232,0.2916666666666666,0.7083333333333334,24
local_iiia_lda_margin,BCI_IIIa,k6b,v1_lda,margin,0.6190476190476191,0.6,0.0837007759045913,0.3076923076923077,0.6923076923076923,26
local_iiia_lda_margin,BCI_IIIa,k6b,v1_lda,margin,0.6666666666666666,0.65,0.0641844416139778,0.2857142857142857,0.7142857142857143,28
local_iiia_lda_margin,BCI_IIIa,k6b,v1_lda,margin,0.7142857142857143,0.7,0.0540285514783507,0.2666666666666667,0.7333333333333333,30
local_iiia_lda_margin,BCI_IIIa,k6b,v1_lda,margin,0.7619047619047619,0.75,0.0439653547278224,0.28125,0.71875,32
local_iiia_lda_margin,BCI_IIIa,k6b,v1_lda,margin,0.8095238095238095,0.8,0.0399575238446405,0.2941176470588235,0.7058823529411765,34
local_iiia_lda_margin,BCI_IIIa,k6b,v1_lda,margin,0.8571428571428571,0.85,0.0346622254416797,0.3055555555555556,0.6944444444444444,36
local_iiia_lda_margin,BCI_IIIa,k6b,v1_lda,margin,0.9047619047619048,0.9,0.0270691380192071,0.3421052631578947,0.6578947368421053,38
local_iiia_lda_margin,BCI_IIIa,k6b,v1_lda,margin,0.9523809523809524,0.95,0.0122865655073149,0.375,0.625,40
local_iiia_lda_margin,BCI_IIIa,k6b,v1_lda,margin,1.0,1.0,0.0107639103224623,0.3809523809523809,0.6190476190476191,42
local_iiia_lda_margin,BCI_IIIa,l1b,v1_lda,margin,0.0714285714285714,0.05,0.236334746861536,0.0,1.0,3
local_iiia_lda_margin,BCI_IIIa,l1b,v1_lda,margin,0.119047619047619,0.1,0.1972004372970481,0.1999999999999999,0.8,5
local_iiia_lda_margin,BCI_IIIa,l1b,v1_lda,margin,0.1666666666666666,0.15,0.1676356056029976,0.2857142857142857,0.7142857142857143,7
local_iiia_lda_margin,BCI_IIIa,l1b,v1_lda,margin,0.2142857142857142,0.2,0.1352633007613723,0.3333333333333333,0.6666666666666666,9
local_iiia_lda_margin,BCI_IIIa,l1b,v1_lda,margin,0.2619047619047619,0.25,0.1315538520583307,0.3636363636363636,0.6363636363636364,11
local_iiia_lda_margin,BCI_IIIa,l1b,v1_lda,margin,0.3095238095238095,0.3,0.1291544095654631,0.3076923076923077,0.6923076923076923,13
local_iiia_lda_margin,BCI_IIIa,l1b,v1_lda,margin,0.3571428571428571,0.35,0.1194645995870141,0.2666666666666667,0.7333333333333333,15
local_iiia_lda_margin,BCI_IIIa,l1b,v1_lda,margin,0.4047619047619047,0.4,0.11547649084527,0.2352941176470588,0.7647058823529411,17
local_iiia_lda_margin,BCI_IIIa,l1b,v1_lda,margin,0.4523809523809524,0.45,0.1055976144695952,0.2631578947368421,0.7368421052631579,19
local_iiia_lda_margin,BCI_IIIa,l1b,v1_lda,margin,0.5,0.5,0.0873592135659112,0.3333333333333333,0.6666666666666666,21
local_iiia_lda_margin,BCI_IIIa,l1b,v1_lda,margin,0.5714285714285714,0.55,0.0787074033439936,0.375,0.625,24
local_iiia_lda_margin,BCI_IIIa,l1b,v1_lda,margin,0.6190476190476191,0.6,0.0691483353146647,0.4230769230769231,0.5769230769230769,26
local_iiia_lda_margin,BCI_IIIa,l1b,v1_lda,margin,0.6666666666666666,0.65,0.0607972784758603,0.3928571428571429,0.6071428571428571,28
local_iiia_lda_margin,BCI_IIIa,l1b,v1_lda,margin,0.7142857142857143,0.7,0.0534308512222223,0.4,0.6,30
local_iiia_lda_margin,BCI_IIIa,l1b,v1_lda,margin,0.7619047619047619,0.75,0.0491609351347479,0.4375,0.5625,32
local_iiia_lda_margin,BCI_IIIa,l1b,v1_lda,margin,0.8095238095238095,0.8,0.036368995205972,0.4411764705882353,0.5588235294117647,34
local_iiia_lda_margin,BCI_IIIa,l1b,v1_lda,margin,0.8571428571428571,0.85,0.0258847054862764,0.4444444444444444,0.5555555555555556,36
local_iiia_lda_margin,BCI_IIIa,l1b,v1_lda,margin,0.9047619047619048,0.9,0.0178422819644316,0.4736842105263158,0.5263157894736842,38
local_iiia_lda_margin,BCI_IIIa,l1b,v1_lda,margin,0.9523809523809524,0.95,0.0114409278059208,0.475,0.525,40
local_iiia_lda_margin,BCI_IIIa,l1b,v1_lda,margin,1.0,1.0,0.0060831330934499,0.5,0.5,42
calibration_ablation_post_ensemble_temp_s2_e10,BCI_IV_2a,1,v1_lda,max-prob,0.0520833333333333,0.05,0.8011724597892723,0.0,1.0,15
calibration_ablation_post_ensemble_temp_s2_e10,BCI_IV_2a,1,v1_lda,max-prob,0.1006944444444444,0.1,0.7577859532135622,0.0,1.0,29
calibration_ablation_post_ensemble_temp_s2_e10,BCI_IV_2a,1,v1_lda,max-prob,0.1527777777777778,0.15,0.721874611208103,0.0,1.0,44
calibration_ablation_post_ensemble_temp_s2_e10,BCI_IV_2a,1,v1_lda,max-prob,0.2013888888888889,0.2,0.6871921054216277,0.0172413793103448,0.9827586206896552,58
calibration_ablation_post_ensemble_temp_s2_e10,BCI_IV_2a,1,v1_lda,max-prob,0.25,0.25,0.671511757102034,0.0416666666666666,0.9583333333333334,72
calibration_ablation_post_ensemble_temp_s2_e10,BCI_IV_2a,1,v1_lda,max-prob,0.3020833333333333,0.3,0.6543861507168381,0.0574712643678161,0.942528735632184,87
calibration_ablation_post_ensemble_temp_s2_e10,BCI_IV_2a,1,v1_lda,max-prob,0.3506944444444444,0.35,0.6289424608012316,0.0990099009900989,0.900990099009901,101
calibration_ablation_post_ensemble_temp_s2_e10,BCI_IV_2a,1,v1_lda,max-prob,0.4027777777777778,0.4,0.6115054851370199,0.1379310344827586,0.8620689655172413,116
calibration_ablation_post_ensemble_temp_s2_e10,BCI_IV_2a,1,v1_lda,max-prob,0.4513888888888889,0.45,0.5957536161343504,0.1384615384615384,0.8615384615384616,130
calibration_ablation_post_ensemble_temp_s2_e10,BCI_IV_2a,1,v1_lda,max-prob,0.5,0.5,0.5674643872790243,0.1319444444444444,0.8680555555555556,144
calibration_ablation_post_ensemble_temp_s2_e10,BCI_IV_2a,1,v1_lda,max-prob,0.5520833333333334,0.55,0.5497576949091904,0.150943396226415,0.8490566037735849,159
calibration_ablation_post_ensemble_temp_s2_e10,BCI_IV_2a,1,v1_lda,max-prob,0.6006944444444444,0.6,0.5210926359441823,0.1560693641618497,0.8439306358381503,173
calibration_ablation_post_ensemble_temp_s2_e10,BCI_IV_2a,1,v1_lda,max-prob,0.6527777777777778,0.65,0.503482757348264,0.1595744680851063,0.8404255319148937,188
calibration_ablation_post_ensemble_temp_s2_e10,BCI_IV_2a,1,v1_lda,max-prob,0.7013888888888888,0.7,0.4956762862076762,0.1732673267326733,0.8267326732673267,202
calibration_ablation_post_ensemble_temp_s2_e10,BCI_IV_2a,1,v1_lda,max-prob,0.75,0.75,0.4800086783861479,0.1805555555555555,0.8194444444444444,216
calibration_ablation_post_ensemble_temp_s2_e10,BCI_IV_2a,1,v1_lda,max-prob,0.8020833333333334,0.8,0.4632013800394881,0.1991341991341991,0.8008658008658008,231
calibration_ablation_post_ensemble_temp_s2_e10,BCI_IV_2a,1,v1_lda,max-prob,0.8506944444444444,0.85,0.440340650969616,0.2204081632653061,0.7795918367346939,245
calibration_ablation_post_ensemble_temp_s2_e10,BCI_IV_2a,1,v1_lda,max-prob,0.9027777777777778,0.9,0.4160886315981008,0.2307692307692307,0.7692307692307693,260
calibration_ablation_post_ensemble_temp_s2_e10,BCI_IV_2a,1,v1_lda,max-prob,0.9513888888888888,0.95,0.3721090162249319,0.2445255474452554,0.7554744525547445,274
calibration_ablation_post_ensemble_temp_s2_e10,BCI_IV_2a,1,v1_lda,max-prob,1.0,1.0,0.2828625676731469,0.2743055555555556,0.7256944444444444,288
calibration_ablation_post_ensemble_temp_s2_e10,BCI_IV_2a,1,eegnet_uncalibrated,max-prob,0.0520833333333333,0.05,0.7199247500127398,0.2666666666666667,0.7333333333333333,15
calibration_ablation_post_ensemble_temp_s2_e10,BCI_IV_2a,1,eegnet_uncalibrated,max-prob,0.1006944444444444,0.1,0.6546298223582708,0.3103448275862068,0.6896551724137931,29
calibration_ablation_post_ensemble_temp_s2_e10,BCI_IV_2a,1,eegnet_uncalibrated,max-prob,0.1527777777777778,0.15,0.6089116700998037,0.2954545454545454,0.7045454545454546,44
calibration_ablation_post_ensemble_temp_s2_e10,BCI_IV_2a,1,eegnet_uncalibrated,max-prob,0.2013888888888889,0.2,0.5726679665810263,0.3620689655172413,0.6379310344827587,58
calibration_ablation_post_ensemble_temp_s2_e10,BCI_IV_2a,1,eegnet_uncalibrated,max-prob,0.25,0.25,0.536711252049444,0.4027777777777778,0.5972222222222222,72
calibration_ablation_post_ensemble_temp_s2_e10,BCI_IV_2a,1,eegnet_uncalibrated,max-prob,0.3020833333333333,0.3,0.5071036765826524,0.4252873563218391,0.5747126436781609,87
calibration_ablation_post_ensemble_temp_s2_e10,BCI_IV_2a,1,eegnet_uncalibrated,max-prob,0.3506944444444444,0.35,0.4768137409926933,0.4554455445544554,0.5445544554455446,101
calibration_ablation_post_ensemble_temp_s2_e10,BCI_IV_2a,1,eegnet_uncalibrated,max-prob,0.4027777777777778,0.4,0.4491206591784112,0.4913793103448276,0.5086206896551724,116
calibration_ablation_post_ensemble_temp_s2_e10,BCI_IV_2a,1,eegnet_uncalibrated,max-prob,0.4513888888888889,0.45,0.4341908959109534,0.4923076923076923,0.5076923076923077,130
calibration_ablation_post_ensemble_temp_s2_e10,BCI_IV_2a,1,eegnet_uncalibrated,max-prob,0.5,0.5,0.4212905460103515,0.4930555555555556,0.5069444444444444,144
calibration_ablation_post_ensemble_temp_s2_e10,BCI_IV_2a,1,eegnet_uncalibrated,max-prob,0.5520833333333334,0.55,0.4118886573074226,0.5094339622641509,0.490566037735849,159
calibration_ablation_post_ensemble_temp_s2_e10,BCI_IV_2a,1,eegnet_uncalibrated,max-prob,0.6006944444444444,0.6,0.4036849834805389,0.4971098265895953,0.5028901734104047,173
calibration_ablation_post_ensemble_temp_s2_e10,BCI_IV_2a,1,eegnet_uncalibrated,max-prob,0.6527777777777778,0.65,0.38774478888576,0.4946808510638297,0.5053191489361702,188
calibration_ablation_post_ensemble_temp_s2_e10,BCI_IV_2a,1,eegnet_uncalibrated,max-prob,0.7013888888888888,0.7,0.3811245841776233,0.504950495049505,0.495049504950495,202
calibration_ablation_post_ensemble_temp_s2_e10,BCI_IV_2a,1,eegnet_uncalibrated,max-prob,0.75,0.75,0.3721824985090118,0.5046296296296297,0.4953703703703703,216
calibration_ablation_post_ensemble_temp_s2_e10,BCI_IV_2a,1,eegnet_uncalibrated,max-prob,0.8020833333333334,0.8,0.3548824567747541,0.4891774891774891,0.5108225108225108,231
calibration_ablation_post_ensemble_temp_s2_e10,BCI_IV_2a,1,eegnet_uncalibrated,max-prob,0.8506944444444444,0.85,0.3346351525306852,0.5061224489795919,0.4938775510204081,245
calibration_ablation_post_ensemble_temp_s2_e10,BCI_IV_2a,1,eegnet_uncalibrated,max-prob,0.9027777777777778,0.9,0.3144777229142709,0.5076923076923077,0.4923076923076923,260
calibration_ablation_post_ensemble_temp_s2_e10,BCI_IV_2a,1,eegnet_uncalibrated,max-prob,0.9513888888888888,0.95,0.2923367884102153,0.5145985401459854,0.4854014598540146,274
calibration_ablation_post_ensemble_temp_s2_e10,BCI_IV_2a,1,eegnet_uncalibrated,max-prob,1.0,1.0,0.2627376428371953,0.53125,0.46875,288
calibration_ablation_post_ensemble_temp_s2_e10,BCI_IV_2a,1,eegnet_calibrated,max-prob,0.0520833333333333,0.05,0.8351584573794876,0.2666666666666667,0.7333333333333333,15
calibration_ablation_post_ensemble_temp_s2_e10,BCI_IV_2a,1,eegnet_calibrated,max-prob,0.1006944444444444,0.1,0.777294237992178,0.4137931034482759,0.5862068965517241,29
calibration_ablation_post_ensemble_temp_s2_e10,BCI_IV_2a,1,eegnet_calibrated,max-prob,0.1527777777777778,0.15,0.7225966525245205,0.3181818181818182,0.6818181818181818,44
calibration_ablation_post_ensemble_temp_s2_e10,BCI_IV_2a,1,eegnet_calibrated,max-prob,0.2013888888888889,0.2,0.6898952285063034,0.3448275862068966,0.6551724137931034,58
calibration_ablation_post_ensemble_temp_s2_e10,BCI_IV_2a,1,eegnet_calibrated,max-prob,0.25,0.25,0.6411005552299082,0.3888888888888888,0.6111111111111112,72
calibration_ablation_post_ensemble_temp_s2_e10,BCI_IV_2a,1,eegnet_calibrated,max-prob,0.3020833333333333,0.3,0.6010537489030597,0.4367816091954023,0.5632183908045977,87
calibration_ablation_post_ensemble_temp_s2_e10,BCI_IV_2a,1,eegnet_calibrated,max-prob,0.3506944444444444,0.35,0.5731617102453601,0.4554455445544554,0.5445544554455446,101
calibration_ablation_post_ensemble_temp_s2_e10,BCI_IV_2a,1,eegnet_calibrated,max-prob,0.4027777777777778,0.4,0.5432657015637331,0.4913793103448276,0.5086206896551724,116
calibration_ablation_post_ensemble_temp_s2_e10,BCI_IV_2a,1,eegnet_calibrated,max-prob,0.4513888888888889,0.45,0.5214887777753071,0.4923076923076923,0.5076923076923077,130
calibration_ablation_post_ensemble_temp_s2_e10,BCI_IV_2a,1,eegnet_calibrated,max-prob,0.5,0.5,0.5015524955400251,0.4930555555555556,0.5069444444444444,144
calibration_ablation_post_ensemble_temp_s2_e10,BCI_IV_2a,1,eegnet_calibrated,max-prob,0.5520833333333334,0.55,0.4854736633306593,0.490566037735849,0.5094339622641509,159
calibration_ablation_post_ensemble_temp_s2_e10,BCI_IV_2a,1,eegnet_calibrated,max-prob,0.6006944444444444,0.6,0.4697715675539423,0.5028901734104047,0.4971098265895953,173
calibration_ablation_post_ensemble_temp_s2_e10,BCI_IV_2a,1,eegnet_calibrated,max-prob,0.6527777777777778,0.65,0.4574304825609334,0.4893617021276596,0.5106382978723404,188
calibration_ablation_post_ensemble_temp_s2_e10,BCI_IV_2a,1,eegnet_calibrated,max-prob,0.7013888888888888,0.7,0.445759506979874,0.504950495049505,0.495049504950495,202
calibration_ablation_post_ensemble_temp_s2_e10,BCI_IV_2a,1,eegnet_calibrated,max-prob,0.75,0.75,0.4291902172077698,0.5,0.5,216
calibration_ablation_post_ensemble_temp_s2_e10,BCI_IV_2a,1,eegnet_calibrated,max-prob,0.8020833333333334,0.8,0.4087320673748176,0.4935064935064935,0.5064935064935064,231
calibration_ablation_post_ensemble_temp_s2_e10,BCI_IV_2a,1,eegnet_calibrated,max-prob,0.8506944444444444,0.85,0.3823582693010757,0.5061224489795919,0.4938775510204081,245
calibration_ablation_post_ensemble_temp_s2_e10,BCI_IV_2a,1,eegnet_calibrated,max-prob,0.9027777777777778,0.9,0.3524931983159422,0.5076923076923077,0.4923076923076923,260
calibration_ablation_post_ensemble_temp_s2_e10,BCI_IV_2a,1,eegnet_calibrated,max-prob,0.9513888888888888,0.95,0.3189479684168182,0.5145985401459854,0.4854014598540146,274
calibration_ablation_post_ensemble_temp_s2_e10,BCI_IV_2a,1,eegnet_calibrated,max-prob,1.0,1.0,0.2704140997133723,0.53125,0.46875,288
calibration_ablation_post_ensemble_temp_s2_e10,BCI_IV_2a,1,spatial_uncalibrated,max-prob,0.0520833333333333,0.05,0.9820562344243134,0.1333333333333333,0.8666666666666667,15
calibration_ablation_post_ensemble_temp_s2_e10,BCI_IV_2a,1,spatial_uncalibrated,max-prob,0.1006944444444444,0.1,0.9396636865513808,0.1379310344827586,0.8620689655172413,29
calibration_ablation_post_ensemble_temp_s2_e10,BCI_IV_2a,1,spatial_uncalibrated,max-prob,0.1527777777777778,0.15,0.9060798671397008,0.2727272727272727,0.7272727272727273,44
calibration_ablation_post_ensemble_temp_s2_e10,BCI_IV_2a,1,spatial_uncalibrated,max-prob,0.2013888888888889,0.2,0.8459346080936734,0.2413793103448276,0.7586206896551724,58
calibration_ablation_post_ensemble_temp_s2_e10,BCI_IV_2a,1,spatial_uncalibrated,max-prob,0.25,0.25,0.7886142578599205,0.2638888888888888,0.7361111111111112,72
calibration_ablation_post_ensemble_temp_s2_e10,BCI_IV_2a,1,spatial_uncalibrated,max-prob,0.3020833333333333,0.3,0.7554238627060247,0.264367816091954,0.735632183908046,87
calibration_ablation_post_ensemble_temp_s2_e10,BCI_IV_2a,1,spatial_uncalibrated,max-prob,0.3506944444444444,0.35,0.7092693565630024,0.2772277227722772,0.7227722772277227,101
calibration_ablation_post_ensemble_temp_s2_e10,BCI_IV_2a,1,spatial_uncalibrated,max-prob,0.4027777777777778,0.4,0.6826042484271346,0.2758620689655172,0.7241379310344828,116
calibration_ablation_post_ensemble_temp_s2_e10,BCI_IV_2a,1,spatial_uncalibrated,max-prob,0.4513888888888889,0.45,0.6621310323853937,0.2538461538461538,0.7461538461538462,130
calibration_ablation_post_ensemble_temp_s2_e10,BCI_IV_2a,1,spatial_uncalibrated,max-prob,0.5,0.5,0.641545693790258,0.2638888888888888,0.7361111111111112,144
calibration_ablation_post_ensemble_temp_s2_e10,BCI_IV_2a,1,spatial_uncalibrated,max-prob,0.5520833333333334,0.55,0.6207898329988736,0.2704402515723271,0.7295597484276729,159
calibration_ablation_post_ensemble_temp_s2_e10,BCI_IV_2a,1,spatial_uncalibrated,max-prob,0.6006944444444444,0.6,0.592385024582769,0.2543352601156069,0.7456647398843931,173
calibration_ablation_post_ensemble_temp_s2_e10,BCI_IV_2a,1,spatial_uncalibrated,max-prob,0.6527777777777778,0.65,0.5703576049171994,0.2553191489361702,0.7446808510638298,188
calibration_ablation_post_ensemble_temp_s2_e10,BCI_IV_2a,1,spatial_uncalibrated,max-prob,0.7013888888888888,0.7,0.5602840411600657,0.2574257425742574,0.7425742574257426,202
calibration_ablation_post_ensemble_temp_s2_e10,BCI_IV_2a,1,spatial_uncalibrated,max-prob,0.75,0.75,0.5496166288854795,0.2592592592592593,0.7407407407407407,216
calibration_ablation_post_ensemble_temp_s2_e10,BCI_IV_2a,1,spatial_uncalibrated,max-prob,0.8020833333333334,0.8,0.5374121373969962,0.2727272727272727,0.7272727272727273,231
calibration_ablation_post_ensemble_temp_s2_e10,BCI_IV_2a,1,spatial_uncalibrated,max-prob,0.8506944444444444,0.85,0.5274656674793187,0.273469387755102,0.726530612244898,245
calibration_ablation_post_ensemble_temp_s2_e10,BCI_IV_2a,1,spatial_uncalibrated,max-prob,0.9027777777777778,0.9,0.5019991538137927,0.2769230769230769,0.7230769230769231,260
calibration_ablation_post_ensemble_temp_s2_e10,BCI_IV_2a,1,spatial_uncalibrated,max-prob,0.9513888888888888,0.95,0.4665820994965345,0.2846715328467153,0.7153284671532847,274
calibration_ablation_post_ensemble_temp_s2_e10,BCI_IV_2a,1,spatial_uncalibrated,max-prob,1.0,1.0,0.3383259734911185,0.2951388888888888,0.7048611111111112,288
calibration_ablation_post_ensemble_temp_s2_e10,BCI_IV_2a,1,spatial_calibrated,max-prob,0.0520833333333333,0.05,0.9898819010923008,0.1333333333333333,0.8666666666666667,15
calibration_ablation_post_ensemble_temp_s2_e10,BCI_IV_2a,1,spatial_calibrated,max-prob,0.1006944444444444,0.1,0.9585157258908285,0.1379310344827586,0.8620689655172413,29
calibration_ablation_post_ensemble_temp_s2_e10,BCI_IV_2a,1,spatial_calibrated,max-prob,0.1527777777777778,0.15,0.9319588598292434,0.2727272727272727,0.7272727272727273,44
calibration_ablation_post_ensemble_temp_s2_e10,BCI_IV_2a,1,spatial_calibrated,max-prob,0.2013888888888889,0.2,0.8768806848719208,0.2413793103448276,0.7586206896551724,58
calibration_ablation_post_ensemble_temp_s2_e10,BCI_IV_2a,1,spatial_calibrated,max-prob,0.25,0.25,0.8261476243193129,0.25,0.75,72
calibration_ablation_post_ensemble_temp_s2_e10,BCI_IV_2a,1,spatial_calibrated,max-prob,0.3020833333333333,0.3,0.7976073781041952,0.264367816091954,0.735632183908046,87
calibration_ablation_post_ensemble_temp_s2_e10,BCI_IV_2a,1,spatial_calibrated,max-prob,0.3506944444444444,0.35,0.7431604951451627,0.2772277227722772,0.7227722772277227,101
calibration_ablation_post_ensemble_temp_s2_e10,BCI_IV_2a,1,spatial_calibrated,max-prob,0.4027777777777778,0.4,0.716465346213511,0.2758620689655172,0.7241379310344828,116
calibration_ablation_post_ensemble_temp_s2_e10,BCI_IV_2a,1,spatial_calibrated,max-prob,0.4513888888888889,0.45,0.6943864132445404,0.2538461538461538,0.7461538461538462,130
calibration_ablation_post_ensemble_temp_s2_e10,BCI_IV_2a,1,spatial_calibrated,max-prob,0.5,0.5,0.6749251650126161,0.25,0.75,144
calibration_ablation_post_ensemble_temp_s2_e10,BCI_IV_2a,1,spatial_calibrated,max-prob,0.5520833333333334,0.55,0.6444064777969206,0.2641509433962264,0.7358490566037735,159
calibration_ablation_post_ensemble_temp_s2_e10,BCI_IV_2a,1,spatial_calibrated,max-prob,0.6006944444444444,0.6,0.6193450369455883,0.2601156069364162,0.7398843930635838,173
calibration_ablation_post_ensemble_temp_s2_e10,BCI_IV_2a,1,spatial_calibrated,max-prob,0.6527777777777778,0.65,0.5977976621975247,0.2553191489361702,0.7446808510638298,188
calibration_ablation_post_ensemble_temp_s2_e10,BCI_IV_2a,1,spatial_calibrated,max-prob,0.7013888888888888,0.7,0.5805543869208615,0.2425742574257425,0.7574257425742574,202
calibration_ablation_post_ensemble_temp_s2_e10,BCI_IV_2a,1,spatial_calibrated,max-prob,0.75,0.75,0.5706256848798836,0.2592592592592593,0.7407407407407407,216
calibration_ablation_post_ensemble_temp_s2_e10,BCI_IV_2a,1,spatial_calibrated,max-prob,0.8020833333333334,0.8,0.5598952664242393,0.2597402597402597,0.7402597402597403,231
calibration_ablation_post_ensemble_temp_s2_e10,BCI_IV_2a,1,spatial_calibrated,max-prob,0.8506944444444444,0.85,0.5440624071284055,0.2612244897959184,0.7387755102040816,245
calibration_ablation_post_ensemble_temp_s2_e10,BCI_IV_2a,1,spatial_calibrated,max-prob,0.9027777777777778,0.9,0.513864704142311,0.2807692307692307,0.7192307692307692,260
calibration_ablation_post_ensemble_temp_s2_e10,BCI_IV_2a,1,spatial_calibrated,max-prob,0.9513888888888888,0.95,0.4822344325090585,0.2846715328467153,0.7153284671532847,274
calibration_ablation_post_ensemble_temp_s2_e10,BCI_IV_2a,1,spatial_calibrated,max-prob,1.0,1.0,0.3456918209284207,0.2951388888888888,0.7048611111111112,288
calibration_ablation_post_ensemble_temp_s2_e10,BCI_IV_2a,1,deep_ensemble_validation_weighted,max-prob,0.0520833333333333,0.05,0.9576680874706506,0.1999999999999999,0.8,15
calibration_ablation_post_ensemble_temp_s2_e10,BCI_IV_2a,1,deep_ensemble_validation_weighted,max-prob,0.1006944444444444,0.1,0.9308916482887768,0.2068965517241379,0.7931034482758621,29
calibration_ablation_post_ensemble_temp_s2_e10,BCI_IV_2a,1,deep_ensemble_validation_weighted,max-prob,0.1527777777777778,0.15,0.9063762857108828,0.2727272727272727,0.7272727272727273,44
calibration_ablation_post_ensemble_temp_s2_e10,BCI_IV_2a,1,deep_ensemble_validation_weighted,max-prob,0.2013888888888889,0.2,0.8476245550061062,0.3275862068965517,0.6724137931034483,58
calibration_ablation_post_ensemble_temp_s2_e10,BCI_IV_2a,1,deep_ensemble_validation_weighted,max-prob,0.25,0.25,0.7822918809262625,0.3194444444444444,0.6805555555555556,72
calibration_ablation_post_ensemble_temp_s2_e10,BCI_IV_2a,1,deep_ensemble_validation_weighted,max-prob,0.3020833333333333,0.3,0.7495826688819438,0.2873563218390804,0.7126436781609196,87
calibration_ablation_post_ensemble_temp_s2_e10,BCI_IV_2a,1,deep_ensemble_validation_weighted,max-prob,0.3506944444444444,0.35,0.7154638813136526,0.306930693069307,0.693069306930693,101
calibration_ablation_post_ensemble_temp_s2_e10,BCI_IV_2a,1,deep_ensemble_validation_weighted,max-prob,0.4027777777777778,0.4,0.69301209494638,0.2758620689655172,0.7241379310344828,116
calibration_ablation_post_ensemble_temp_s2_e10,BCI_IV_2a,1,deep_ensemble_validation_weighted,max-prob,0.4513888888888889,0.45,0.6551722548913508,0.3,0.7,130
calibration_ablation_post_ensemble_temp_s2_e10,BCI_IV_2a,1,deep_ensemble_validation_weighted,max-prob,0.5,0.5,0.6370393115162901,0.2916666666666666,0.7083333333333334,144
calibration_ablation_post_ensemble_temp_s2_e10,BCI_IV_2a,1,deep_ensemble_validation_weighted,max-prob,0.5520833333333334,0.55,0.6183205609098723,0.289308176100629,0.710691823899371,159
calibration_ablation_post_ensemble_temp_s2_e10,BCI_IV_2a,1,deep_ensemble_validation_weighted,max-prob,0.6006944444444444,0.6,0.6052803968228199,0.2832369942196532,0.7167630057803468,173
calibration_ablation_post_ensemble_temp_s2_e10,BCI_IV_2a,1,deep_ensemble_validation_weighted,max-prob,0.6527777777777778,0.65,0.5801096567395461,0.2872340425531915,0.7127659574468085,188
calibration_ablation_post_ensemble_temp_s2_e10,BCI_IV_2a,1,deep_ensemble_validation_weighted,max-prob,0.7013888888888888,0.7,0.5623759727448565,0.2821782178217822,0.7178217821782178,202
calibration_ablation_post_ensemble_temp_s2_e10,BCI_IV_2a,1,deep_ensemble_validation_weighted,max-prob,0.75,0.75,0.5472212901112676,0.2824074074074074,0.7175925925925926,216
calibration_ablation_post_ensemble_temp_s2_e10,BCI_IV_2a,1,deep_ensemble_validation_weighted,max-prob,0.8020833333333334,0.8,0.5344986700971024,0.3073593073593074,0.6926406926406926,231
calibration_ablation_post_ensemble_temp_s2_e10,BCI_IV_2a,1,deep_ensemble_validation_weighted,max-prob,0.8506944444444444,0.85,0.5203500428703254,0.3020408163265305,0.6979591836734694,245
calibration_ablation_post_ensemble_temp_s2_e10,BCI_IV_2a,1,deep_ensemble_validation_weighted,max-prob,0.9027777777777778,0.9,0.49602675076997,0.3115384615384615,0.6884615384615385,260
calibration_ablation_post_ensemble_temp_s2_e10,BCI_IV_2a,1,deep_ensemble_validation_weighted,max-prob,0.9513888888888888,0.95,0.4697564424947802,0.3248175182481752,0.6751824817518248,274
calibration_ablation_post_ensemble_temp_s2_e10,BCI_IV_2a,1,deep_ensemble_validation_weighted,max-prob,1.0,1.0,0.3359941842356533,0.3333333333333333,0.6666666666666666,288
calibration_ablation_post_ensemble_temp_s2_e10,BCI_IV_2a,2,v1_lda,max-prob,0.0520833333333333,0.05,0.5980331876372637,0.1333333333333333,0.8666666666666667,15
calibration_ablation_post_ensemble_temp_s2_e10,BCI_IV_2a,2,v1_lda,max-prob,0.1006944444444444,0.1,0.5876272899074868,0.3103448275862068,0.6896551724137931,29
calibration_ablation_post_ensemble_temp_s2_e10,BCI_IV_2a,2,v1_lda,max-prob,0.1527777777777778,0.15,0.5810848606210667,0.4545454545454546,0.5454545454545454,44
calibration_ablation_post_ensemble_temp_s2_e10,BCI_IV_2a,2,v1_lda,max-prob,0.2013888888888889,0.2,0.5760380219569335,0.396551724137931,0.603448275862069,58
calibration_ablation_post_ensemble_temp_s2_e10,BCI_IV_2a,2,v1_lda,max-prob,0.25,0.25,0.5727519507645569,0.4444444444444444,0.5555555555555556,72
calibration_ablation_post_ensemble_temp_s2_e10,BCI_IV_2a,2,v1_lda,max-prob,0.3020833333333333,0.3,0.5659209673269942,0.4712643678160919,0.5287356321839081,87
calibration_ablation_post_ensemble_temp_s2_e10,BCI_IV_2a,2,v1_lda,max-prob,0.3506944444444444,0.35,0.5618577500943905,0.4851485148514851,0.5148514851485149,101
calibration_ablation_post_ensemble_temp_s2_e10,BCI_IV_2a,2,v1_lda,max-prob,0.4027777777777778,0.4,0.5563305953738215,0.5258620689655172,0.4741379310344827,116
calibration_ablation_post_ensemble_temp_s2_e10,BCI_IV_2a,2,v1_lda,max-prob,0.4513888888888889,0.45,0.5537083731977239,0.5692307692307692,0.4307692307692308,130
calibration_ablation_post_ensemble_temp_s2_e10,BCI_IV_2a,2,v1_lda,max-prob,0.5,0.5,0.5495862589746021,0.5972222222222222,0.4027777777777778,144
calibration_ablation_post_ensemble_temp_s2_e10,BCI_IV_2a,2,v1_lda,max-prob,0.5520833333333334,0.55,0.5437045517741088,0.6352201257861636,0.3647798742138364,159
calibration_ablation_post_ensemble_temp_s2_e10,BCI_IV_2a,2,v1_lda,max-prob,0.6006944444444444,0.6,0.5384421341504679,0.653179190751445,0.3468208092485549,173
calibration_ablation_post_ensemble_temp_s2_e10,BCI_IV_2a,2,v1_lda,max-prob,0.6527777777777778,0.65,0.5335056699725763,0.6542553191489362,0.3457446808510638,188
calibration_ablation_post_ensemble_temp_s2_e10,BCI_IV_2a,2,v1_lda,max-prob,0.7013888888888888,0.7,0.5288197433699675,0.6633663366336633,0.3366336633663366,202
calibration_ablation_post_ensemble_temp_s2_e10,BCI_IV_2a,2,v1_lda,max-prob,0.75,0.75,0.5220891082151187,0.6805555555555556,0.3194444444444444,216
calibration_ablation_post_ensemble_temp_s2_e10,BCI_IV_2a,2,v1_lda,max-prob,0.8020833333333334,0.8,0.5136545545131977,0.6926406926406927,0.3073593073593073,231
calibration_ablation_post_ensemble_temp_s2_e10,BCI_IV_2a,2,v1_lda,max-prob,0.8506944444444444,0.85,0.5063995959180524,0.7102040816326531,0.2897959183673469,245
calibration_ablation_post_ensemble_temp_s2_e10,BCI_IV_2a,2,v1_lda,max-prob,0.9027777777777778,0.9,0.4945668868791406,0.7230769230769231,0.2769230769230769,260
calibration_ablation_post_ensemble_temp_s2_e10,BCI_IV_2a,2,v1_lda,max-prob,0.9513888888888888,0.95,0.4817394508599792,0.7372262773722628,0.2627737226277372,274
calibration_ablation_post_ensemble_temp_s2_e10,BCI_IV_2a,2,v1_lda,max-prob,1.0,1.0,0.4466662721267816,0.75,0.25,288
calibration_ablation_post_ensemble_temp_s2_e10,BCI_IV_2a,2,eegnet_uncalibrated,max-prob,0.0520833333333333,0.05,0.3277894417159313,0.2666666666666667,0.7333333333333333,15
calibration_ablation_post_ensemble_temp_s2_e10,BCI_IV_2a,2,eegnet_uncalibrated,max-prob,0.1006944444444444,0.1,0.3059055166948736,0.4482758620689655,0.5517241379310345,29
calibration_ablation_post_ensemble_temp_s2_e10,BCI_IV_2a,2,eegnet_uncalibrated,max-prob,0.1527777777777778,0.15,0.2976308774901914,0.4318181818181817,0.5681818181818182,44
calibration_ablation_post_ensemble_temp_s2_e10,BCI_IV_2a,2,eegnet_uncalibrated,max-prob,0.2013888888888889,0.2,0.2952385449915148,0.4482758620689655,0.5517241379310345,58
calibration_ablation_post_ensemble_temp_s2_e10,BCI_IV_2a,2,eegnet_uncalibrated,max-prob,0.25,0.25,0.290655550687702,0.4305555555555556,0.5694444444444444,72
calibration_ablation_post_ensemble_temp_s2_e10,BCI_IV_2a,2,eegnet_uncalibrated,max-prob,0.3020833333333333,0.3,0.2885819107944581,0.4597701149425287,0.5402298850574713,87
calibration_ablation_post_ensemble_temp_s2_e10,BCI_IV_2a,2,eegnet_uncalibrated,max-prob,0.3506944444444444,0.35,0.2864313050908295,0.4752475247524752,0.5247524752475248,101
calibration_ablation_post_ensemble_temp_s2_e10,BCI_IV_2a,2,eegnet_uncalibrated,max-prob,0.4027777777777778,0.4,0.2841862731583606,0.5258620689655172,0.4741379310344827,116
calibration_ablation_post_ensemble_temp_s2_e10,BCI_IV_2a,2,eegnet_uncalibrated,max-prob,0.4513888888888889,0.45,0.2823535839178654,0.5384615384615384,0.4615384615384615,130
calibration_ablation_post_ensemble_temp_s2_e10,BCI_IV_2a,2,eegnet_uncalibrated,max-prob,0.5,0.5,0.2802465817664117,0.5069444444444444,0.4930555555555556,144
calibration_ablation_post_ensemble_temp_s2_e10,BCI_IV_2a,2,eegnet_uncalibrated,max-prob,0.5520833333333334,0.55,0.278360030577823,0.5094339622641509,0.490566037735849,159
calibration_ablation_post_ensemble_temp_s2_e10,BCI_IV_2a,2,eegnet_uncalibrated,max-prob,0.6006944444444444,0.6,0.2769212413406928,0.5202312138728324,0.4797687861271676,173
calibration_ablation_post_ensemble_temp_s2_e10,BCI_IV_2a,2,eegnet_uncalibrated,max-prob,0.6527777777777778,0.65,0.2748615242426395,0.5265957446808511,0.4734042553191489,188
calibration_ablation_post_ensemble_temp_s2_e10,BCI_IV_2a,2,eegnet_uncalibrated,max-prob,0.7013888888888888,0.7,0.2730949786325422,0.5396039603960396,0.4603960396039604,202
calibration_ablation_post_ensemble_temp_s2_e10,BCI_IV_2a,2,eegnet_uncalibrated,max-prob,0.75,0.75,0.2712591597131521,0.5509259259259259,0.449074074074074,216
calibration_ablation_post_ensemble_temp_s2_e10,BCI_IV_2a,2,eegnet_uncalibrated,max-prob,0.8020833333333334,0.8,0.2697755492084184,0.5584415584415585,0.4415584415584415,231
calibration_ablation_post_ensemble_temp_s2_e10,BCI_IV_2a,2,eegnet_uncalibrated,max-prob,0.8506944444444444,0.85,0.2668079306839687,0.5755102040816327,0.4244897959183673,245
calibration_ablation_post_ensemble_temp_s2_e10,BCI_IV_2a,2,eegnet_uncalibrated,max-prob,0.9027777777777778,0.9,0.2639617176871463,0.5923076923076923,0.4076923076923077,260
calibration_ablation_post_ensemble_temp_s2_e10,BCI_IV_2a,2,eegnet_uncalibrated,max-prob,0.9513888888888888,0.95,0.2595124221397756,0.6021897810218978,0.3978102189781022,274
calibration_ablation_post_ensemble_temp_s2_e10,BCI_IV_2a,2,eegnet_uncalibrated,max-prob,1.0,1.0,0.25432728778801,0.6076388888888888,0.3923611111111111,288
calibration_ablation_post_ensemble_temp_s2_e10,BCI_IV_2a,2,eegnet_calibrated,max-prob,0.0520833333333333,0.05,0.3597668564988019,0.2666666666666667,0.7333333333333333,15
calibration_ablation_post_ensemble_temp_s2_e10,BCI_IV_2a,2,eegnet_calibrated,max-prob,0.1006944444444444,0.1,0.3288472421216681,0.4482758620689655,0.5517241379310345,29
calibration_ablation_post_ensemble_temp_s2_e10,BCI_IV_2a,2,eegnet_calibrated,max-prob,0.1527777777777778,0.15,0.3176829061556233,0.4318181818181817,0.5681818181818182,44
calibration_ablation_post_ensemble_temp_s2_e10,BCI_IV_2a,2,eegnet_calibrated,max-prob,0.2013888888888889,0.2,0.3136294242706286,0.4482758620689655,0.5517241379310345,58
calibration_ablation_post_ensemble_temp_s2_e10,BCI_IV_2a,2,eegnet_calibrated,max-prob,0.25,0.25,0.3071119413204308,0.4583333333333333,0.5416666666666666,72
calibration_ablation_post_ensemble_temp_s2_e10,BCI_IV_2a,2,eegnet_calibrated,max-prob,0.3020833333333333,0.3,0.3042451195962262,0.4597701149425287,0.5402298850574713,87
calibration_ablation_post_ensemble_temp_s2_e10,BCI_IV_2a,2,eegnet_calibrated,max-prob,0.3506944444444444,0.35,0.3010727064787372,0.4851485148514851,0.5148514851485149,101
calibration_ablation_post_ensemble_temp_s2_e10,BCI_IV_2a,2,eegnet_calibrated,max-prob,0.4027777777777778,0.4,0.2979120014681708,0.5344827586206897,0.4655172413793103,116
calibration_ablation_post_ensemble_temp_s2_e10,BCI_IV_2a,2,eegnet_calibrated,max-prob,0.4513888888888889,0.45,0.2953992099665798,0.5384615384615384,0.4615384615384615,130
calibration_ablation_post_ensemble_temp_s2_e10,BCI_IV_2a,2,eegnet_calibrated,max-prob,0.5,0.5,0.2917978687038409,0.5069444444444444,0.4930555555555556,144
calibration_ablation_post_ensemble_temp_s2_e10,BCI_IV_2a,2,eegnet_calibrated,max-prob,0.5520833333333334,0.55,0.2896246500220766,0.5094339622641509,0.490566037735849,159
calibration_ablation_post_ensemble_temp_s2_e10,BCI_IV_2a,2,eegnet_calibrated,max-prob,0.6006944444444444,0.6,0.2879311809475833,0.5144508670520231,0.4855491329479768,173
calibration_ablation_post_ensemble_temp_s2_e10,BCI_IV_2a,2,eegnet_calibrated,max-prob,0.6527777777777778,0.65,0.2847070203702968,0.5265957446808511,0.4734042553191489,188
calibration_ablation_post_ensemble_temp_s2_e10,BCI_IV_2a,2,eegnet_calibrated,max-prob,0.7013888888888888,0.7,0.2818395726743943,0.5396039603960396,0.4603960396039604,202
calibration_ablation_post_ensemble_temp_s2_e10,BCI_IV_2a,2,eegnet_calibrated,max-prob,0.75,0.75,0.2796472980006745,0.5509259259259259,0.449074074074074,216
calibration_ablation_post_ensemble_temp_s2_e10,BCI_IV_2a,2,eegnet_calibrated,max-prob,0.8020833333333334,0.8,0.2777415251352045,0.5584415584415585,0.4415584415584415,231
calibration_ablation_post_ensemble_temp_s2_e10,BCI_IV_2a,2,eegnet_calibrated,max-prob,0.8506944444444444,0.85,0.2735660319684416,0.5755102040816327,0.4244897959183673,245
calibration_ablation_post_ensemble_temp_s2_e10,BCI_IV_2a,2,eegnet_calibrated,max-prob,0.9027777777777778,0.9,0.2692394043957732,0.5923076923076923,0.4076923076923077,260
calibration_ablation_post_ensemble_temp_s2_e10,BCI_IV_2a,2,eegnet_calibrated,max-prob,0.9513888888888888,0.95,0.2633367759364828,0.6021897810218978,0.3978102189781022,274
calibration_ablation_post_ensemble_temp_s2_e10,BCI_IV_2a,2,eegnet_calibrated,max-prob,1.0,1.0,0.2560371550100144,0.6076388888888888,0.3923611111111111,288
calibration_ablation_post_ensemble_temp_s2_e10,BCI_IV_2a,2,spatial_uncalibrated,max-prob,0.0520833333333333,0.05,0.995414336150606,0.0666666666666666,0.9333333333333332,15
calibration_ablation_post_ensemble_temp_s2_e10,BCI_IV_2a,2,spatial_uncalibrated,max-prob,0.1006944444444444,0.1,0.9813068009400748,0.0344827586206896,0.9655172413793104,29
calibration_ablation_post_ensemble_temp_s2_e10,BCI_IV_2a,2,spatial_uncalibrated,max-prob,0.1527777777777778,0.15,0.9585271818366085,0.0909090909090909,0.9090909090909092,44
calibration_ablation_post_ensemble_temp_s2_e10,BCI_IV_2a,2,spatial_uncalibrated,max-prob,0.2013888888888889,0.2,0.85302967764804,0.1379310344827586,0.8620689655172413,58
calibration_ablation_post_ensemble_temp_s2_e10,BCI_IV_2a,2,spatial_uncalibrated,max-prob,0.25,0.25,0.6782778090628674,0.1527777777777778,0.8472222222222222,72
calibration_ablation_post_ensemble_temp_s2_e10,BCI_IV_2a,2,spatial_uncalibrated,max-prob,0.3020833333333333,0.3,0.6259422361246093,0.2068965517241379,0.7931034482758621,87
calibration_ablation_post_ensemble_temp_s2_e10,BCI_IV_2a,2,spatial_uncalibrated,max-prob,0.3506944444444444,0.35,0.574480275744344,0.2574257425742574,0.7425742574257426,101
calibration_ablation_post_ensemble_temp_s2_e10,BCI_IV_2a,2,spatial_uncalibrated,max-prob,0.4027777777777778,0.4,0.5369267044376659,0.2672413793103448,0.7327586206896551,116
calibration_ablation_post_ensemble_temp_s2_e10,BCI_IV_2a,2,spatial_uncalibrated,max-prob,0.4513888888888889,0.45,0.5140990461672976,0.3076923076923077,0.6923076923076923,130
calibration_ablation_post_ensemble_temp_s2_e10,BCI_IV_2a,2,spatial_uncalibrated,max-prob,0.5,0.5,0.4891788736780907,0.3333333333333333,0.6666666666666666,144
calibration_ablation_post_ensemble_temp_s2_e10,BCI_IV_2a,2,spatial_uncalibrated,max-prob,0.5520833333333334,0.55,0.4725622019231691,0.3647798742138365,0.6352201257861635,159
calibration_ablation_post_ensemble_temp_s2_e10,BCI_IV_2a,2,spatial_uncalibrated,max-prob,0.6006944444444444,0.6,0.4618189738378006,0.3641618497109826,0.6358381502890174,173
calibration_ablation_post_ensemble_temp_s2_e10,BCI_IV_2a,2,spatial_uncalibrated,max-prob,0.6527777777777778,0.65,0.4473127218017048,0.3723404255319149,0.6276595744680851,188
calibration_ablation_post_ensemble_temp_s2_e10,BCI_IV_2a,2,spatial_uncalibrated,max-prob,0.7013888888888888,0.7,0.4331313716876735,0.3861386138613861,0.6138613861386139,202
calibration_ablation_post_ensemble_temp_s2_e10,BCI_IV_2a,2,spatial_uncalibrated,max-prob,0.75,0.75,0.419045258513972,0.3842592592592593,0.6157407407407407,216
calibration_ablation_post_ensemble_temp_s2_e10,BCI_IV_2a,2,spatial_uncalibrated,max-prob,0.8020833333333334,0.8,0.4068285281952788,0.4025974025974026,0.5974025974025974,231
calibration_ablation_post_ensemble_temp_s2_e10,BCI_IV_2a,2,spatial_uncalibrated,max-prob,0.8506944444444444,0.85,0.3942079712957334,0.4122448979591836,0.5877551020408164,245
calibration_ablation_post_ensemble_temp_s2_e10,BCI_IV_2a,2,spatial_uncalibrated,max-prob,0.9027777777777778,0.9,0.3827745471361243,0.4192307692307692,0.5807692307692308,260
calibration_ablation_post_ensemble_temp_s2_e10,BCI_IV_2a,2,spatial_uncalibrated,max-prob,0.9513888888888888,0.95,0.3634060870356668,0.4197080291970803,0.5802919708029197,274
calibration_ablation_post_ensemble_temp_s2_e10,BCI_IV_2a,2,spatial_uncalibrated,max-prob,1.0,1.0,0.2638861091868201,0.4409722222222222,0.5590277777777778,288
calibration_ablation_post_ensemble_temp_s2_e10,BCI_IV_2a,2,spatial_calibrated,max-prob,0.0520833333333333,0.05,0.9785509346415538,0.0666666666666666,0.9333333333333332,15
calibration_ablation_post_ensemble_temp_s2_e10,BCI_IV_2a,2,spatial_calibrated,max-prob,0.1006944444444444,0.1,0.93934963854995,0.0689655172413793,0.9310344827586208,29
calibration_ablation_post_ensemble_temp_s2_e10,BCI_IV_2a,2,spatial_calibrated,max-prob,0.1527777777777778,0.15,0.89269474854208,0.0909090909090909,0.9090909090909092,44
calibration_ablation_post_ensemble_temp_s2_e10,BCI_IV_2a,2,spatial_calibrated,max-prob,0.2013888888888889,0.2,0.7623628963139552,0.1379310344827586,0.8620689655172413,58
calibration_ablation_post_ensemble_temp_s2_e10,BCI_IV_2a,2,spatial_calibrated,max-prob,0.25,0.25,0.5789437853813211,0.1666666666666666,0.8333333333333334,72
calibration_ablation_post_ensemble_temp_s2_e10,BCI_IV_2a,2,spatial_calibrated,max-prob,0.3020833333333333,0.3,0.5379801636799704,0.2183908045977011,0.7816091954022989,87
calibration_ablation_post_ensemble_temp_s2_e10,BCI_IV_2a,2,spatial_calibrated,max-prob,0.3506944444444444,0.35,0.5012657213278813,0.2574257425742574,0.7425742574257426,101
calibration_ablation_post_ensemble_temp_s2_e10,BCI_IV_2a,2,spatial_calibrated,max-prob,0.4027777777777778,0.4,0.475161361944489,0.2672413793103448,0.7327586206896551,116
calibration_ablation_post_ensemble_temp_s2_e10,BCI_IV_2a,2,spatial_calibrated,max-prob,0.4513888888888889,0.45,0.4548248026265331,0.3,0.7,130
calibration_ablation_post_ensemble_temp_s2_e10,BCI_IV_2a,2,spatial_calibrated,max-prob,0.5,0.5,0.4397359699158195,0.3402777777777778,0.6597222222222222,144
calibration_ablation_post_ensemble_temp_s2_e10,BCI_IV_2a,2,spatial_calibrated,max-prob,0.5520833333333334,0.55,0.4266798671617862,0.3522012578616352,0.6477987421383647,159
calibration_ablation_post_ensemble_temp_s2_e10,BCI_IV_2a,2,spatial_calibrated,max-prob,0.6006944444444444,0.6,0.4169113040272102,0.3583815028901734,0.6416184971098265,173
calibration_ablation_post_ensemble_temp_s2_e10,BCI_IV_2a,2,spatial_calibrated,max-prob,0.6527777777777778,0.65,0.4042703215447766,0.377659574468085,0.6223404255319149,188
calibration_ablation_post_ensemble_temp_s2_e10,BCI_IV_2a,2,spatial_calibrated,max-prob,0.7013888888888888,0.7,0.3946481064483301,0.3910891089108911,0.6089108910891089,202
calibration_ablation_post_ensemble_temp_s2_e10,BCI_IV_2a,2,spatial_calibrated,max-prob,0.75,0.75,0.3886520527730425,0.3842592592592593,0.6157407407407407,216
calibration_ablation_post_ensemble_temp_s2_e10,BCI_IV_2a,2,spatial_calibrated,max-prob,0.8020833333333334,0.8,0.3784403130994789,0.3896103896103896,0.6103896103896104,231
calibration_ablation_post_ensemble_temp_s2_e10,BCI_IV_2a,2,spatial_calibrated,max-prob,0.8506944444444444,0.85,0.3664274572341513,0.4081632653061224,0.5918367346938775,245
calibration_ablation_post_ensemble_temp_s2_e10,BCI_IV_2a,2,spatial_calibrated,max-prob,0.9027777777777778,0.9,0.3556737532200409,0.4230769230769231,0.5769230769230769,260
calibration_ablation_post_ensemble_temp_s2_e10,BCI_IV_2a,2,spatial_calibrated,max-prob,0.9513888888888888,0.95,0.3373504831834392,0.4233576642335767,0.5766423357664233,274
calibration_ablation_post_ensemble_temp_s2_e10,BCI_IV_2a,2,spatial_calibrated,max-prob,1.0,1.0,0.2604291928759313,0.4409722222222222,0.5590277777777778,288
calibration_ablation_post_ensemble_temp_s2_e10,BCI_IV_2a,2,deep_ensemble_validation_weighted,max-prob,0.0520833333333333,0.05,0.929767244653949,0.1333333333333333,0.8666666666666667,15
calibration_ablation_post_ensemble_temp_s2_e10,BCI_IV_2a,2,deep_ensemble_validation_weighted,max-prob,0.1006944444444444,0.1,0.9095528303203942,0.0689655172413793,0.9310344827586208,29
calibration_ablation_post_ensemble_temp_s2_e10,BCI_IV_2a,2,deep_ensemble_validation_weighted,max-prob,0.1527777777777778,0.15,0.876757442122679,0.0909090909090909,0.9090909090909092,44
calibration_ablation_post_ensemble_temp_s2_e10,BCI_IV_2a,2,deep_ensemble_validation_weighted,max-prob,0.2013888888888889,0.2,0.794970332511239,0.1206896551724138,0.8793103448275862,58
calibration_ablation_post_ensemble_temp_s2_e10,BCI_IV_2a,2,deep_ensemble_validation_weighted,max-prob,0.25,0.25,0.6375067422106945,0.1944444444444444,0.8055555555555556,72
calibration_ablation_post_ensemble_temp_s2_e10,BCI_IV_2a,2,deep_ensemble_validation_weighted,max-prob,0.3020833333333333,0.3,0.5720529160793588,0.2068965517241379,0.7931034482758621,87
calibration_ablation_post_ensemble_temp_s2_e10,BCI_IV_2a,2,deep_ensemble_validation_weighted,max-prob,0.3506944444444444,0.35,0.5403186155693217,0.2574257425742574,0.7425742574257426,101
calibration_ablation_post_ensemble_temp_s2_e10,BCI_IV_2a,2,deep_ensemble_validation_weighted,max-prob,0.4027777777777778,0.4,0.506594761190412,0.2931034482758621,0.7068965517241379,116
calibration_ablation_post_ensemble_temp_s2_e10,BCI_IV_2a,2,deep_ensemble_validation_weighted,max-prob,0.4513888888888889,0.45,0.4907259805552463,0.3,0.7,130
calibration_ablation_post_ensemble_temp_s2_e10,BCI_IV_2a,2,deep_ensemble_validation_weighted,max-prob,0.5,0.5,0.4664606515541391,0.3125,0.6875,144
calibration_ablation_post_ensemble_temp_s2_e10,BCI_IV_2a,2,deep_ensemble_validation_weighted,max-prob,0.5520833333333334,0.55,0.451667475363281,0.3333333333333333,0.6666666666666666,159
calibration_ablation_post_ensemble_temp_s2_e10,BCI_IV_2a,2,deep_ensemble_validation_weighted,max-prob,0.6006944444444444,0.6,0.439991945262473,0.3641618497109826,0.6358381502890174,173
calibration_ablation_post_ensemble_temp_s2_e10,BCI_IV_2a,2,deep_ensemble_validation_weighted,max-prob,0.6527777777777778,0.65,0.4279197505185009,0.3563829787234043,0.6436170212765957,188
calibration_ablation_post_ensemble_temp_s2_e10,BCI_IV_2a,2,deep_ensemble_validation_weighted,max-prob,0.7013888888888888,0.7,0.4168330295621053,0.3712871287128713,0.6287128712871287,202
calibration_ablation_post_ensemble_temp_s2_e10,BCI_IV_2a,2,deep_ensemble_validation_weighted,max-prob,0.75,0.75,0.4035129753719917,0.3935185185185185,0.6064814814814815,216
calibration_ablation_post_ensemble_temp_s2_e10,BCI_IV_2a,2,deep_ensemble_validation_weighted,max-prob,0.8020833333333334,0.8,0.390978140620597,0.4199134199134199,0.5800865800865801,231
calibration_ablation_post_ensemble_temp_s2_e10,BCI_IV_2a,2,deep_ensemble_validation_weighted,max-prob,0.8506944444444444,0.85,0.3805058468486864,0.4285714285714286,0.5714285714285714,245
calibration_ablation_post_ensemble_temp_s2_e10,BCI_IV_2a,2,deep_ensemble_validation_weighted,max-prob,0.9027777777777778,0.9,0.3690150394630982,0.4384615384615384,0.5615384615384615,260
calibration_ablation_post_ensemble_temp_s2_e10,BCI_IV_2a,2,deep_ensemble_validation_weighted,max-prob,0.9513888888888888,0.95,0.3495893367191697,0.437956204379562,0.5620437956204379,274
calibration_ablation_post_ensemble_temp_s2_e10,BCI_IV_2a,2,deep_ensemble_validation_weighted,max-prob,1.0,1.0,0.2912182067311731,0.4479166666666666,0.5520833333333334,288
local_iiia_lda_entropy,BCI_IV_2a,1,v1_lda,entropy,0.0520833333333333,0.05,-0.6691035488488525,0.0,1.0,15
local_iiia_lda_entropy,BCI_IV_2a,1,v1_lda,entropy,0.1006944444444444,0.1,-0.7424733904963153,0.0344827586206896,0.9655172413793104,29
local_iiia_lda_entropy,BCI_IV_2a,1,v1_lda,entropy,0.1527777777777778,0.15,-0.7901323190751964,0.0454545454545454,0.9545454545454546,44
local_iiia_lda_entropy,BCI_IV_2a,1,v1_lda,entropy,0.2013888888888889,0.2,-0.8273778332735434,0.0344827586206896,0.9655172413793104,58
local_iiia_lda_entropy,BCI_IV_2a,1,v1_lda,entropy,0.25,0.25,-0.856006234837938,0.0694444444444444,0.9305555555555556,72
local_iiia_lda_entropy,BCI_IV_2a,1,v1_lda,entropy,0.3020833333333333,0.3,-0.8793603124037525,0.0804597701149425,0.9195402298850576,87
local_iiia_lda_entropy,BCI_IV_2a,1,v1_lda,entropy,0.3506944444444444,0.35,-0.9056385482148814,0.0990099009900989,0.900990099009901,101
local_iiia_lda_entropy,BCI_IV_2a,1,v1_lda,entropy,0.4027777777777778,0.4,-0.9308331811796712,0.1293103448275862,0.8706896551724138,116
local_iiia_lda_entropy,BCI_IV_2a,1,v1_lda,entropy,0.4513888888888889,0.45,-0.964319631417369,0.1384615384615384,0.8615384615384616,130
local_iiia_lda_entropy,BCI_IV_2a,1,v1_lda,entropy,0.5,0.5,-0.9839286864669216,0.1527777777777778,0.8472222222222222,144
local_iiia_lda_entropy,BCI_IV_2a,1,v1_lda,entropy,0.5520833333333334,0.55,-1.0192971765121333,0.1698113207547169,0.8301886792452831,159
local_iiia_lda_entropy,BCI_IV_2a,1,v1_lda,entropy,0.6006944444444444,0.6,-1.047029945452232,0.1849710982658959,0.815028901734104,173
local_iiia_lda_entropy,BCI_IV_2a,1,v1_lda,entropy,0.6527777777777778,0.65,-1.0757474188505465,0.1861702127659574,0.8138297872340425,188
local_iiia_lda_entropy,BCI_IV_2a,1,v1_lda,entropy,0.7013888888888888,0.7,-1.105970189137322,0.1980198019801979,0.801980198019802,202
local_iiia_lda_entropy,BCI_IV_2a,1,v1_lda,entropy,0.75,0.75,-1.1244348229270116,0.1944444444444444,0.8055555555555556,216
local_iiia_lda_entropy,BCI_IV_2a,1,v1_lda,entropy,0.8020833333333334,0.8,-1.161073081562813,0.2164502164502164,0.7835497835497836,231
local_iiia_lda_entropy,BCI_IV_2a,1,v1_lda,entropy,0.8506944444444444,0.85,-1.2052864467002435,0.2163265306122449,0.7836734693877551,245
local_iiia_lda_entropy,BCI_IV_2a,1,v1_lda,entropy,0.9027777777777778,0.9,-1.2586191070926571,0.223076923076923,0.7769230769230769,260
local_iiia_lda_entropy,BCI_IV_2a,1,v1_lda,entropy,0.9513888888888888,0.95,-1.2920956818329912,0.2518248175182481,0.7481751824817519,274
local_iiia_lda_entropy,BCI_IV_2a,1,v1_lda,entropy,1.0,1.0,-1.38154085683684,0.2743055555555556,0.7256944444444444,288
local_iiia_lda_entropy,BCI_IV_2a,2,v1_lda,entropy,0.0520833333333333,0.05,-1.0039417319320472,0.2666666666666667,0.7333333333333333,15
local_iiia_lda_entropy,BCI_IV_2a,2,v1_lda,entropy,0.1006944444444444,0.1,-1.021623812076481,0.3448275862068966,0.6551724137931034,29
local_iiia_lda_entropy,BCI_IV_2a,2,v1_lda,entropy,0.1527777777777778,0.15,-1.0373441792122629,0.4772727272727273,0.5227272727272727,44
local_iiia_lda_entropy,BCI_IV_2a,2,v1_lda,entropy,0.2013888888888889,0.2,-1.0549351202747403,0.5689655172413793,0.4310344827586206,58
local_iiia_lda_entropy,BCI_IV_2a,2,v1_lda,entropy,0.25,0.25,-1.068655268103568,0.5555555555555556,0.4444444444444444,72
local_iiia_lda_entropy,BCI_IV_2a,2,v1_lda,entropy,0.3020833333333333,0.3,-1.0831188389844564,0.5517241379310345,0.4482758620689655,87
local_iiia_lda_entropy,BCI_IV_2a,2,v1_lda,entropy,0.3506944444444444,0.35,-1.0906658508429885,0.5841584158415842,0.4158415841584158,101
local_iiia_lda_entropy,BCI_IV_2a,2,v1_lda,entropy,0.4027777777777778,0.4,-1.1008848162784508,0.603448275862069,0.396551724137931,116
local_iiia_lda_entropy,BCI_IV_2a,2,v1_lda,entropy,0.4513888888888889,0.45,-1.1138251119435822,0.6153846153846154,0.3846153846153846,130
local_iiia_lda_entropy,BCI_IV_2a,2,v1_lda,entropy,0.5,0.5,-1.1258979799376758,0.625,0.375,144
local_iiia_lda_entropy,BCI_IV_2a,2,v1_lda,entropy,0.5520833333333334,0.55,-1.1368029939714084,0.6540880503144655,0.3459119496855345,159
local_iiia_lda_entropy,BCI_IV_2a,2,v1_lda,entropy,0.6006944444444444,0.6,-1.145875988814992,0.6589595375722543,0.3410404624277456,173
local_iiia_lda_entropy,BCI_IV_2a,2,v1_lda,entropy,0.6527777777777778,0.65,-1.157966568952574,0.675531914893617,0.324468085106383,188
local_iiia_lda_entropy,BCI_IV_2a,2,v1_lda,entropy,0.7013888888888888,0.7,-1.169929311086804,0.6881188118811881,0.3118811881188119,202
local_iiia_lda_entropy,BCI_IV_2a,2,v1_lda,entropy,0.75,0.75,-1.1778547356359377,0.6944444444444444,0.3055555555555556,216
local_iiia_lda_entropy,BCI_IV_2a,2,v1_lda,entropy,0.8020833333333334,0.8,-1.1952471382128906,0.7012987012987013,0.2987012987012987,231
local_iiia_lda_entropy,BCI_IV_2a,2,v1_lda,entropy,0.8506944444444444,0.85,-1.2050457412893856,0.7142857142857143,0.2857142857142857,245
local_iiia_lda_entropy,BCI_IV_2a,2,v1_lda,entropy,0.9027777777777778,0.9,-1.224406033240967,0.7230769230769231,0.2769230769230769,260
local_iiia_lda_entropy,BCI_IV_2a,2,v1_lda,entropy,0.9513888888888888,0.95,-1.2433311212282856,0.7372262773722628,0.2627737226277372,274
local_iiia_lda_entropy,BCI_IV_2a,2,v1_lda,entropy,1.0,1.0,-1.2859712236543748,0.75,0.25,288
local_iiia_lda_entropy,BCI_IV_2a,3,v1_lda,entropy,0.0520833333333333,0.05,-0.5992131851694034,0.0,1.0,15
local_iiia_lda_entropy,BCI_IV_2a,3,v1_lda,entropy,0.1006944444444444,0.1,-0.6599777666792714,0.0,1.0,29
local_iiia_lda_entropy,BCI_IV_2a,3,v1_lda,entropy,0.1527777777777778,0.15,-0.7131039662085812,0.0,1.0,44
local_iiia_lda_entropy,BCI_IV_2a,3,v1_lda,entropy,0.2013888888888889,0.2,-0.7352287307902208,0.0517241379310344,0.9482758620689656,58
local_iiia_lda_entropy,BCI_IV_2a,3,v1_lda,entropy,0.25,0.25,-0.7736744386654063,0.0416666666666666,0.9583333333333334,72
local_iiia_lda_entropy,BCI_IV_2a,3,v1_lda,entropy,0.3020833333333333,0.3,-0.791681769036475,0.0574712643678161,0.942528735632184,87
local_iiia_lda_entropy,BCI_IV_2a,3,v1_lda,entropy,0.3506944444444444,0.35,-0.828424102771353,0.0693069306930692,0.9306930693069309,101
local_iiia_lda_entropy,BCI_IV_2a,3,v1_lda,entropy,0.4027777777777778,0.4,-0.8498980340637716,0.0948275862068965,0.9051724137931034,116
local_iiia_lda_entropy,BCI_IV_2a,3,v1_lda,entropy,0.4513888888888889,0.45,-0.881749369579053,0.1153846153846154,0.8846153846153846,130
local_iiia_lda_entropy,BCI_IV_2a,3,v1_lda,entropy,0.5,0.5,-0.9073072138889038,0.1180555555555555,0.8819444444444444,144
local_iiia_lda_entropy,BCI_IV_2a,3,v1_lda,entropy,0.5520833333333334,0.55,-0.9501923089191672,0.1320754716981131,0.8679245283018868,159
local_iiia_lda_entropy,BCI_IV_2a,3,v1_lda,entropy,0.6006944444444444,0.6,-0.9884376673871887,0.1213872832369942,0.8786127167630058,173
local_iiia_lda_entropy,BCI_IV_2a,3,v1_lda,entropy,0.6527777777777778,0.65,-1.0089672327990566,0.1436170212765957,0.8563829787234043,188
local_iiia_lda_entropy,BCI_IV_2a,3,v1_lda,entropy,0.7013888888888888,0.7,-1.0446512222063564,0.1485148514851485,0.8514851485148515,202
local_iiia_lda_entropy,BCI_IV_2a,3,v1_lda,entropy,0.75,0.75,-1.077802274837067,0.1712962962962962,0.8287037037037037,216
local_iiia_lda_entropy,BCI_IV_2a,3,v1_lda,entropy,0.8020833333333334,0.8,-1.125832402446924,0.1904761904761904,0.8095238095238095,231
local_iiia_lda_entropy,BCI_IV_2a,3,v1_lda,entropy,0.8506944444444444,0.85,-1.1545595856209498,0.1999999999999999,0.8,245
local_iiia_lda_entropy,BCI_IV_2a,3,v1_lda,entropy,0.9027777777777778,0.9,-1.1904170217273395,0.2153846153846154,0.7846153846153846,260
local_iiia_lda_entropy,BCI_IV_2a,3,v1_lda,entropy,0.9513888888888888,0.95,-1.257971227451633,0.2262773722627736,0.7737226277372263,274
local_iiia_lda_entropy,BCI_IV_2a,3,v1_lda,entropy,1.0,1.0,-1.3616392633852896,0.2361111111111111,0.7638888888888888,288
local_iiia_lda_entropy,BCI_IV_2a,4,v1_lda,entropy,0.0520833333333333,0.05,-1.322965857629616,0.5333333333333333,0.4666666666666667,15
local_iiia_lda_entropy,BCI_IV_2a,4,v1_lda,entropy,0.1006944444444444,0.1,-1.3296485663198148,0.6206896551724138,0.3793103448275862,29
local_iiia_lda_entropy,BCI_IV_2a,4,v1_lda,entropy,0.1527777777777778,0.15,-1.332594636653822,0.5909090909090908,0.4090909090909091,44
local_iiia_lda_entropy,BCI_IV_2a,4,v1_lda,entropy,0.2013888888888889,0.2,-1.3343604699329243,0.6551724137931034,0.3448275862068966,58
local_iiia_lda_entropy,BCI_IV_2a,4,v1_lda,entropy,0.25,0.25,-1.335867344733906,0.6944444444444444,0.3055555555555556,72
local_iiia_lda_entropy,BCI_IV_2a,4,v1_lda,entropy,0.3020833333333333,0.3,-1.336976781551548,0.7126436781609196,0.2873563218390804,87
local_iiia_lda_entropy,BCI_IV_2a,4,v1_lda,entropy,0.3506944444444444,0.35,-1.337947314289806,0.7524752475247525,0.2475247524752475,101
local_iiia_lda_entropy,BCI_IV_2a,4,v1_lda,entropy,0.4027777777777778,0.4,-1.3384545260435643,0.7413793103448276,0.2586206896551724,116
local_iiia_lda_entropy,BCI_IV_2a,4,v1_lda,entropy,0.4513888888888889,0.45,-1.3389451286287046,0.7384615384615385,0.2615384615384615,130
local_iiia_lda_entropy,BCI_IV_2a,4,v1_lda,entropy,0.5,0.5,-1.3394360051653904,0.75,0.25,144
local_iiia_lda_entropy,BCI_IV_2a,4,v1_lda,entropy,0.5520833333333334,0.55,-1.340058525638683,0.7547169811320755,0.2452830188679245,159
local_iiia_lda_entropy,BCI_IV_2a,4,v1_lda,entropy,0.6006944444444444,0.6,-1.3413201417860907,0.7572254335260116,0.2427745664739884,173
local_iiia_lda_entropy,BCI_IV_2a,4,v1_lda,entropy,0.6527777777777778,0.65,-1.3422427339486505,0.75,0.25,188
local_iiia_lda_entropy,BCI_IV_2a,4,v1_lda,entropy,0.7013888888888888,0.7,-1.343113253570737,0.7524752475247525,0.2475247524752475,202
local_iiia_lda_entropy,BCI_IV_2a,4,v1_lda,entropy,0.75,0.75,-1.343687460001015,0.75,0.25,216
local_iiia_lda_entropy,BCI_IV_2a,4,v1_lda,entropy,0.8020833333333334,0.8,-1.3451753131886068,0.7445887445887446,0.2554112554112554,231
local_iiia_lda_entropy,BCI_IV_2a,4,v1_lda,entropy,0.8506944444444444,0.85,-1.3462623249312375,0.7428571428571429,0.2571428571428571,245
local_iiia_lda_entropy,BCI_IV_2a,4,v1_lda,entropy,0.9027777777777778,0.9,-1.3488370512971353,0.7384615384615385,0.2615384615384615,260
local_iiia_lda_entropy,BCI_IV_2a,4,v1_lda,entropy,0.9513888888888888,0.95,-1.3512408714263926,0.7445255474452555,0.2554744525547445,274
local_iiia_lda_entropy,BCI_IV_2a,4,v1_lda,entropy,1.0,1.0,-1.3564015980370523,0.75,0.25,288
local_iiia_lda_entropy,BCI_IV_2a,5,v1_lda,entropy,0.0520833333333333,0.05,-0.9914755356554495,0.7333333333333334,0.2666666666666666,15
local_iiia_lda_entropy,BCI_IV_2a,5,v1_lda,entropy,0.1006944444444444,0.1,-0.9979468623268192,0.6896551724137931,0.3103448275862069,29
local_iiia_lda_entropy,BCI_IV_2a,5,v1_lda,entropy,0.1527777777777778,0.15,-1.00176307593842,0.7045454545454546,0.2954545454545454,44
local_iiia_lda_entropy,BCI_IV_2a,5,v1_lda,entropy,0.2013888888888889,0.2,-1.0048261904588922,0.6551724137931034,0.3448275862068966,58
local_iiia_lda_entropy,BCI_IV_2a,5,v1_lda,entropy,0.25,0.25,-1.0073447178982435,0.6805555555555556,0.3194444444444444,72
local_iiia_lda_entropy,BCI_IV_2a,5,v1_lda,entropy,0.3020833333333333,0.3,-1.010750522461934,0.7011494252873562,0.2988505747126437,87
local_iiia_lda_entropy,BCI_IV_2a,5,v1_lda,entropy,0.3506944444444444,0.35,-1.0127276120924218,0.693069306930693,0.3069306930693069,101
local_iiia_lda_entropy,BCI_IV_2a,5,v1_lda,entropy,0.4027777777777778,0.4,-1.0150900170074035,0.6810344827586207,0.3189655172413793,116
local_iiia_lda_entropy,BCI_IV_2a,5,v1_lda,entropy,0.4513888888888889,0.45,-1.0167713256054045,0.6846153846153846,0.3153846153846154,130
local_iiia_lda_entropy,BCI_IV_2a,5,v1_lda,entropy,0.5,0.5,-1.0189687606841704,0.6736111111111112,0.3263888888888889,144
local_iiia_lda_entropy,BCI_IV_2a,5,v1_lda,entropy,0.5520833333333334,0.55,-1.0204053058291696,0.6603773584905661,0.3396226415094339,159
local_iiia_lda_entropy,BCI_IV_2a,5,v1_lda,entropy,0.6006944444444444,0.6,-1.0215774782397726,0.676300578034682,0.3236994219653179,173
local_iiia_lda_entropy,BCI_IV_2a,5,v1_lda,entropy,0.6527777777777778,0.65,-1.024039503041789,0.6702127659574468,0.3297872340425531,188
local_iiia_lda_entropy,BCI_IV_2a,5,v1_lda,entropy,0.7013888888888888,0.7,-1.0260760699925413,0.6683168316831682,0.3316831683168317,202
local_iiia_lda_entropy,BCI_IV_2a,5,v1_lda,entropy,0.75,0.75,-1.02734783664347,0.6666666666666667,0.3333333333333333,216
local_iiia_lda_entropy,BCI_IV_2a,5,v1_lda,entropy,0.8020833333333334,0.8,-1.0293798162933714,0.6883116883116883,0.3116883116883117,231
local_iiia_lda_entropy,BCI_IV_2a,5,v1_lda,entropy,0.8506944444444444,0.85,-1.0334479343115357,0.689795918367347,0.310204081632653,245
local_iiia_lda_entropy,BCI_IV_2a,5,v1_lda,entropy,0.9027777777777778,0.9,-1.037556824135245,0.6846153846153846,0.3153846153846154,260
local_iiia_lda_entropy,BCI_IV_2a,5,v1_lda,entropy,0.9513888888888888,0.95,-1.0433484194701026,0.6861313868613139,0.3138686131386861,274
local_iiia_lda_entropy,BCI_IV_2a,5,v1_lda,entropy,1.0,1.0,-1.064950064478459,0.6944444444444444,0.3055555555555556,288
local_iiia_lda_entropy,BCI_IV_2a,6,v1_lda,entropy,0.0520833333333333,0.05,-0.9725000816334594,0.5333333333333333,0.4666666666666667,15
local_iiia_lda_entropy,BCI_IV_2a,6,v1_lda,entropy,0.1006944444444444,0.1,-1.0085609489483989,0.5862068965517242,0.4137931034482758,29
local_iiia_lda_entropy,BCI_IV_2a,6,v1_lda,entropy,0.1527777777777778,0.15,-1.028520129554373,0.6136363636363636,0.3863636363636363,44
local_iiia_lda_entropy,BCI_IV_2a,6,v1_lda,entropy,0.2013888888888889,0.2,-1.0427138320379148,0.6379310344827587,0.3620689655172414,58
local_iiia_lda_entropy,BCI_IV_2a,6,v1_lda,entropy,0.25,0.25,-1.055803519325909,0.6527777777777778,0.3472222222222222,72
local_iiia_lda_entropy,BCI_IV_2a,6,v1_lda,entropy,0.3020833333333333,0.3,-1.0683785315752077,0.6206896551724138,0.3793103448275862,87
local_iiia_lda_entropy,BCI_IV_2a,6,v1_lda,entropy,0.3506944444444444,0.35,-1.076635270392503,0.6237623762376238,0.3762376237623762,101
local_iiia_lda_entropy,BCI_IV_2a,6,v1_lda,entropy,0.4027777777777778,0.4,-1.0921884328107936,0.6551724137931034,0.3448275862068966,116
local_iiia_lda_entropy,BCI_IV_2a,6,v1_lda,entropy,0.4513888888888889,0.45,-1.1027317501466296,0.676923076923077,0.3230769230769231,130
local_iiia_lda_entropy,BCI_IV_2a,6,v1_lda,entropy,0.5,0.5,-1.1130175556468012,0.6736111111111112,0.3263888888888889,144
local_iiia_lda_entropy,BCI_IV_2a,6,v1_lda,entropy,0.5520833333333334,0.55,-1.122320457926366,0.6981132075471699,0.3018867924528302,159
local_iiia_lda_entropy,BCI_IV_2a,6,v1_lda,entropy,0.6006944444444444,0.6,-1.1322842320658986,0.699421965317919,0.3005780346820809,173
local_iiia_lda_entropy,BCI_IV_2a,6,v1_lda,entropy,0.6527777777777778,0.65,-1.140781805274628,0.6968085106382979,0.3031914893617021,188
local_iiia_lda_entropy,BCI_IV_2a,6,v1_lda,entropy,0.7013888888888888,0.7,-1.1547140012903518,0.7029702970297029,0.297029702970297,202
local_iiia_lda_entropy,BCI_IV_2a,6,v1_lda,entropy,0.75,0.75,-1.1650212805930171,0.7037037037037037,0.2962962962962963,216
local_iiia_lda_entropy,BCI_IV_2a,6,v1_lda,entropy,0.8020833333333334,0.8,-1.1718501940819137,0.7099567099567099,0.29004329004329,231
local_iiia_lda_entropy,BCI_IV_2a,6,v1_lda,entropy,0.8506944444444444,0.85,-1.184038056374019,0.7224489795918367,0.2775510204081632,245
local_iiia_lda_entropy,BCI_IV_2a,6,v1_lda,entropy,0.9027777777777778,0.9,-1.199676313626596,0.7307692307692308,0.2692307692307692,260
local_iiia_lda_entropy,BCI_IV_2a,6,v1_lda,entropy,0.9513888888888888,0.95,-1.215085510899855,0.7372262773722628,0.2627737226277372,274
local_iiia_lda_entropy,BCI_IV_2a,6,v1_lda,entropy,1.0,1.0,-1.290443814240078,0.75,0.25,288
local_iiia_lda_entropy,BCI_IV_2a,7,v1_lda,entropy,0.0520833333333333,0.05,-1.1022775187605949,0.3333333333333333,0.6666666666666666,15
local_iiia_lda_entropy,BCI_IV_2a,7,v1_lda,entropy,0.1006944444444444,0.1,-1.1079555861918928,0.5172413793103448,0.4827586206896552,29
local_iiia_lda_entropy,BCI_IV_2a,7,v1_lda,entropy,0.1527777777777778,0.15,-1.1130877076412553,0.5681818181818181,0.4318181818181818,44
local_iiia_lda_entropy,BCI_IV_2a,7,v1_lda,entropy,0.2013888888888889,0.2,-1.117896821672114,0.5689655172413793,0.4310344827586206,58
local_iiia_lda_entropy,BCI_IV_2a,7,v1_lda,entropy,0.25,0.25,-1.1215657289067666,0.6111111111111112,0.3888888888888889,72
local_iiia_lda_entropy,BCI_IV_2a,7,v1_lda,entropy,0.3020833333333333,0.3,-1.1295086929907314,0.6436781609195402,0.3563218390804598,87
local_iiia_lda_entropy,BCI_IV_2a,7,v1_lda,entropy,0.3506944444444444,0.35,-1.1379845163153222,0.6534653465346535,0.3465346534653465,101
local_iiia_lda_entropy,BCI_IV_2a,7,v1_lda,entropy,0.4027777777777778,0.4,-1.1465268620061888,0.6724137931034483,0.3275862068965517,116
local_iiia_lda_entropy,BCI_IV_2a,7,v1_lda,entropy,0.4513888888888889,0.45,-1.155621809952033,0.6615384615384615,0.3384615384615385,130
local_iiia_lda_entropy,BCI_IV_2a,7,v1_lda,entropy,0.5,0.5,-1.165753639636257,0.6597222222222222,0.3402777777777778,144
local_iiia_lda_entropy,BCI_IV_2a,7,v1_lda,entropy,0.5520833333333334,0.55,-1.1826935531760814,0.628930817610063,0.3710691823899371,159
local_iiia_lda_entropy,BCI_IV_2a,7,v1_lda,entropy,0.6006944444444444,0.6,-1.2042274504491242,0.6011560693641618,0.3988439306358382,173
local_iiia_lda_entropy,BCI_IV_2a,7,v1_lda,entropy,0.6527777777777778,0.65,-1.2205280543238848,0.601063829787234,0.3989361702127659,188
local_iiia_lda_entropy,BCI_IV_2a,7,v1_lda,entropy,0.7013888888888888,0.7,-1.2357768962673632,0.5891089108910892,0.4108910891089108,202
local_iiia_lda_entropy,BCI_IV_2a,7,v1_lda,entropy,0.75,0.75,-1.2478635707780206,0.5833333333333333,0.4166666666666667,216
local_iiia_lda_entropy,BCI_IV_2a,7,v1_lda,entropy,0.8020833333333334,0.8,-1.2607239310018297,0.5714285714285714,0.4285714285714285,231
local_iiia_lda_entropy,BCI_IV_2a,7,v1_lda,entropy,0.8506944444444444,0.85,-1.272276369936716,0.5836734693877551,0.4163265306122449,245
local_iiia_lda_entropy,BCI_IV_2a,7,v1_lda,entropy,0.9027777777777778,0.9,-1.2880412805676649,0.6,0.4,260
local_iiia_lda_entropy,BCI_IV_2a,7,v1_lda,entropy,0.9513888888888888,0.95,-1.315087587252453,0.6094890510948905,0.3905109489051095,274
local_iiia_lda_entropy,BCI_IV_2a,7,v1_lda,entropy,1.0,1.0,-1.343063914962058,0.6284722222222222,0.3715277777777778,288
local_iiia_lda_entropy,BCI_IV_2a,8,v1_lda,entropy,0.0520833333333333,0.05,-1.0914777453818665,0.3333333333333333,0.6666666666666666,15
local_iiia_lda_entropy,BCI_IV_2a,8,v1_lda,entropy,0.1006944444444444,0.1,-1.1611013628027609,0.3103448275862068,0.6896551724137931,29
local_iiia_lda_entropy,BCI_IV_2a,8,v1_lda,entropy,0.1527777777777778,0.15,-1.2061670434696992,0.25,0.75,44
local_iiia_lda_entropy,BCI_IV_2a,8,v1_lda,entropy,0.2013888888888889,0.2,-1.246709367421975,0.2931034482758621,0.7068965517241379,58
local_iiia_lda_entropy,BCI_IV_2a,8,v1_lda,entropy,0.25,0.25,-1.264620303173955,0.2916666666666666,0.7083333333333334,72
local_iiia_lda_entropy,BCI_IV_2a,8,v1_lda,entropy,0.3020833333333333,0.3,-1.277767602245318,0.2758620689655172,0.7241379310344828,87
local_iiia_lda_entropy,BCI_IV_2a,8,v1_lda,entropy,0.3506944444444444,0.35,-1.28758394168464,0.2871287128712871,0.7128712871287128,101
local_iiia_lda_entropy,BCI_IV_2a,8,v1_lda,entropy,0.4027777777777778,0.4,-1.2948957027368868,0.2931034482758621,0.7068965517241379,116
local_iiia_lda_entropy,BCI_IV_2a,8,v1_lda,entropy,0.4513888888888889,0.45,-1.302917267995274,0.2769230769230769,0.7230769230769231,130
local_iiia_lda_entropy,BCI_IV_2a,8,v1_lda,entropy,0.5,0.5,-1.308814472615017,0.2986111111111111,0.7013888888888888,144
local_iiia_lda_entropy,BCI_IV_2a,8,v1_lda,entropy,0.5520833333333334,0.55,-1.3145773091401285,0.2955974842767296,0.7044025157232704,159
local_iiia_lda_entropy,BCI_IV_2a,8,v1_lda,entropy,0.6006944444444444,0.6,-1.3204167950198171,0.3179190751445087,0.6820809248554913,173
local_iiia_lda_entropy,BCI_IV_2a,8,v1_lda,entropy,0.6527777777777778,0.65,-1.325301251797955,0.3138297872340425,0.6861702127659575,188
local_iiia_lda_entropy,BCI_IV_2a,8,v1_lda,entropy,0.7013888888888888,0.7,-1.3282365120144393,0.3217821782178217,0.6782178217821783,202
local_iiia_lda_entropy,BCI_IV_2a,8,v1_lda,entropy,0.75,0.75,-1.334082209053497,0.3287037037037037,0.6712962962962963,216
local_iiia_lda_entropy,BCI_IV_2a,8,v1_lda,entropy,0.8020833333333334,0.8,-1.3389345427580928,0.3463203463203463,0.6536796536796536,231
local_iiia_lda_entropy,BCI_IV_2a,8,v1_lda,entropy,0.8506944444444444,0.85,-1.3468848586726674,0.3551020408163265,0.6448979591836734,245
local_iiia_lda_entropy,BCI_IV_2a,8,v1_lda,entropy,0.9027777777777778,0.9,-1.3563707128119096,0.3576923076923076,0.6423076923076924,260
local_iiia_lda_entropy,BCI_IV_2a,8,v1_lda,entropy,0.9513888888888888,0.95,-1.3658812346769842,0.3686131386861314,0.6313868613138686,274
local_iiia_lda_entropy,BCI_IV_2a,8,v1_lda,entropy,1.0,1.0,-1.3799042258174998,0.3854166666666666,0.6145833333333334,288
local_iiia_lda_entropy,BCI_IV_2a,9,v1_lda,entropy,0.053030303030303,0.05,-1.2537886152819755,0.7142857142857143,0.2857142857142857,14
local_iiia_lda_entropy,BCI_IV_2a,9,v1_lda,entropy,0.1022727272727272,0.1,-1.2721088022130949,0.5555555555555556,0.4444444444444444,27
local_iiia_lda_entropy,BCI_IV_2a,9,v1_lda,entropy,0.1515151515151515,0.15,-1.2792577971961092,0.575,0.425,40
local_iiia_lda_entropy,BCI_IV_2a,9,v1_lda,entropy,0.2007575757575757,0.2,-1.287583538681064,0.5660377358490566,0.4339622641509434,53
local_iiia_lda_entropy,BCI_IV_2a,9,v1_lda,entropy,0.25,0.25,-1.290635948154108,0.5454545454545454,0.4545454545454545,66
local_iiia_lda_entropy,BCI_IV_2a,9,v1_lda,entropy,0.303030303030303,0.3,-1.293621198597823,0.5,0.5,80
local_iiia_lda_entropy,BCI_IV_2a,9,v1_lda,entropy,0.3522727272727273,0.35,-1.2964822696345937,0.5376344086021505,0.4623655913978494,93
local_iiia_lda_entropy,BCI_IV_2a,9,v1_lda,entropy,0.4015151515151515,0.4,-1.3001720857260262,0.5471698113207547,0.4528301886792453,106
local_iiia_lda_entropy,BCI_IV_2a,9,v1_lda,entropy,0.4507575757575757,0.45,-1.3020762738910894,0.5546218487394958,0.4453781512605042,119
local_iiia_lda_entropy,BCI_IV_2a,9,v1_lda,entropy,0.5,0.5,-1.3044191434723929,0.5681818181818181,0.4318181818181818,132
local_iiia_lda_entropy,BCI_IV_2a,9,v1_lda,entropy,0.553030303030303,0.55,-1.3070969546428954,0.5684931506849316,0.4315068493150685,146
local_iiia_lda_entropy,BCI_IV_2a,9,v1_lda,entropy,0.6022727272727273,0.6,-1.3097073973996292,0.5534591194968553,0.4465408805031446,159
local_iiia_lda_entropy,BCI_IV_2a,9,v1_lda,entropy,0.6515151515151515,0.65,-1.312955876405762,0.5406976744186047,0.4593023255813953,172
local_iiia_lda_entropy,BCI_IV_2a,9,v1_lda,entropy,0.7007575757575758,0.7,-1.3144656351075743,0.5567567567567567,0.4432432432432432,185
local_iiia_lda_entropy,BCI_IV_2a,9,v1_lda,entropy,0.75,0.75,-1.3159453843872289,0.5656565656565656,0.4343434343434343,198
local_iiia_lda_entropy,BCI_IV_2a,9,v1_lda,entropy,0.803030303030303,0.8,-1.31886406707851,0.570754716981132,0.4292452830188679,212
local_iiia_lda_entropy,BCI_IV_2a,9,v1_lda,entropy,0.8522727272727273,0.85,-1.3226915191800053,0.5777777777777777,0.4222222222222222,225
local_iiia_lda_entropy,BCI_IV_2a,9,v1_lda,entropy,0.9015151515151516,0.9,-1.3247018274450444,0.5966386554621849,0.4033613445378151,238
local_iiia_lda_entropy,BCI_IV_2a,9,v1_lda,entropy,0.9507575757575758,0.95,-1.3281591184330974,0.601593625498008,0.398406374501992,251
local_iiia_lda_entropy,BCI_IV_2a,9,v1_lda,entropy,1.0,1.0,-1.3377988078577363,0.6174242424242424,0.3825757575757575,264
local_iiia_lda_entropy,BCI_IIIa,k3b,v1_lda,entropy,0.0634920634920634,0.05,-0.6647183282658524,0.0,1.0,4
local_iiia_lda_entropy,BCI_IIIa,k3b,v1_lda,entropy,0.1111111111111111,0.1,-0.6902279083591962,0.0,1.0,7
local_iiia_lda_entropy,BCI_IIIa,k3b,v1_lda,entropy,0.1587301587301587,0.15,-0.7295117270449429,0.0,1.0,10
local_iiia_lda_entropy,BCI_IIIa,k3b,v1_lda,entropy,0.2063492063492063,0.2,-0.7375364630040264,0.0,1.0,13
local_iiia_lda_entropy,BCI_IIIa,k3b,v1_lda,entropy,0.2539682539682539,0.25,-0.7490733968968923,0.0,1.0,16
local_iiia_lda_entropy,BCI_IIIa,k3b,v1_lda,entropy,0.3015873015873015,0.3,-0.7677890276681042,0.0,1.0,19
local_iiia_lda_entropy,BCI_IIIa,k3b,v1_lda,entropy,0.365079365079365,0.35,-0.7811377436260397,0.0,1.0,23
local_iiia_lda_entropy,BCI_IIIa,k3b,v1_lda,entropy,0.4126984126984127,0.4,-0.7887944114370272,0.0,1.0,26
local_iiia_lda_entropy,BCI_IIIa,k3b,v1_lda,entropy,0.4603174603174603,0.45,-0.8107293568886216,0.0,1.0,29
local_iiia_lda_entropy,BCI_IIIa,k3b,v1_lda,entropy,0.5079365079365079,0.5,-0.8260995107721133,0.0,1.0,32
local_iiia_lda_entropy,BCI_IIIa,k3b,v1_lda,entropy,0.5555555555555556,0.55,-0.8494017146668962,0.0285714285714285,0.9714285714285714,35
local_iiia_lda_entropy,BCI_IIIa,k3b,v1_lda,entropy,0.6031746031746031,0.6,-0.8668223510330604,0.0263157894736841,0.9736842105263158,38
local_iiia_lda_entropy,BCI_IIIa,k3b,v1_lda,entropy,0.6507936507936508,0.65,-0.8820269590508192,0.048780487804878,0.951219512195122,41
local_iiia_lda_entropy,BCI_IIIa,k3b,v1_lda,entropy,0.7142857142857143,0.7,-0.9366472350130616,0.0666666666666666,0.9333333333333332,45
local_iiia_lda_entropy,BCI_IIIa,k3b,v1_lda,entropy,0.7619047619047619,0.75,-0.9610294446673552,0.0625,0.9375,48
local_iiia_lda_entropy,BCI_IIIa,k3b,v1_lda,entropy,0.8095238095238095,0.8,-1.0107527850217817,0.0784313725490196,0.9215686274509804,51
local_iiia_lda_entropy,BCI_IIIa,k3b,v1_lda,entropy,0.8571428571428571,0.85,-1.032567285077651,0.0925925925925925,0.9074074074074074,54
local_iiia_lda_entropy,BCI_IIIa,k3b,v1_lda,entropy,0.9047619047619048,0.9,-1.155501965576513,0.087719298245614,0.912280701754386,57
local_iiia_lda_entropy,BCI_IIIa,k3b,v1_lda,entropy,0.9523809523809524,0.95,-1.2330753522588611,0.0999999999999999,0.9,60
local_iiia_lda_entropy,BCI_IIIa,k3b,v1_lda,entropy,1.0,1.0,-1.3680549166566451,0.1428571428571429,0.8571428571428571,63
local_iiia_lda_entropy,BCI_IIIa,k6b,v1_lda,entropy,0.0714285714285714,0.05,-1.0708469953103086,0.3333333333333333,0.6666666666666666,3
local_iiia_lda_entropy,BCI_IIIa,k6b,v1_lda,entropy,0.119047619047619,0.1,-1.1114871796338537,0.1999999999999999,0.8,5
local_iiia_lda_entropy,BCI_IIIa,k6b,v1_lda,entropy,0.1666666666666666,0.15,-1.1430520655997731,0.1428571428571429,0.8571428571428571,7
local_iiia_lda_entropy,BCI_IIIa,k6b,v1_lda,entropy,0.2142857142857142,0.2,-1.1711079887341505,0.1111111111111111,0.8888888888888888,9
local_iiia_lda_entropy,BCI_IIIa,k6b,v1_lda,entropy,0.2619047619047619,0.25,-1.1734146728030703,0.2727272727272727,0.7272727272727273,11
local_iiia_lda_entropy,BCI_IIIa,k6b,v1_lda,entropy,0.3095238095238095,0.3,-1.1759449142925984,0.3076923076923077,0.6923076923076923,13
local_iiia_lda_entropy,BCI_IIIa,k6b,v1_lda,entropy,0.3571428571428571,0.35,-1.1822993208497767,0.3333333333333333,0.6666666666666666,15
local_iiia_lda_entropy,BCI_IIIa,k6b,v1_lda,entropy,0.4047619047619047,0.4,-1.1895001177206206,0.4117647058823529,0.5882352941176471,17
local_iiia_lda_entropy,BCI_IIIa,k6b,v1_lda,entropy,0.4523809523809524,0.45,-1.203834671292668,0.4210526315789473,0.5789473684210527,19
local_iiia_lda_entropy,BCI_IIIa,k6b,v1_lda,entropy,0.5,0.5,-1.2233685805272327,0.4285714285714286,0.5714285714285714,21
local_iiia_lda_entropy,BCI_IIIa,k6b,v1_lda,entropy,0.5714285714285714,0.55,-1.2475372505469478,0.375,0.625,24
local_iiia_lda_entropy,BCI_IIIa,k6b,v1_lda,entropy,0.6190476190476191,0.6,-1.2484778589272305,0.4230769230769231,0.5769230769230769,26
local_iiia_lda_entropy,BCI_IIIa,k6b,v1_lda,entropy,0.6666666666666666,0.65,-1.2522602758985637,0.3928571428571429,0.6071428571428571,28
local_iiia_lda_entropy,BCI_IIIa,k6b,v1_lda,entropy,0.7142857142857143,0.7,-1.2803558550404608,0.3666666666666667,0.6333333333333333,30
local_iiia_lda_entropy,BCI_IIIa,k6b,v1_lda,entropy,0.7619047619047619,0.75,-1.2843010185740162,0.40625,0.59375,32
local_iiia_lda_entropy,BCI_IIIa,k6b,v1_lda,entropy,0.8095238095238095,0.8,-1.3058305603562546,0.3823529411764705,0.6176470588235294,34
local_iiia_lda_entropy,BCI_IIIa,k6b,v1_lda,entropy,0.8571428571428571,0.85,-1.3119211613757724,0.3611111111111111,0.6388888888888888,36
local_iiia_lda_entropy,BCI_IIIa,k6b,v1_lda,entropy,0.9047619047619048,0.9,-1.3215223069872015,0.368421052631579,0.631578947368421,38
local_iiia_lda_entropy,BCI_IIIa,k6b,v1_lda,entropy,0.9523809523809524,0.95,-1.3483627001359555,0.35,0.65,40
local_iiia_lda_entropy,BCI_IIIa,k6b,v1_lda,entropy,1.0,1.0,-1.3806258416911197,0.3809523809523809,0.6190476190476191,42
local_iiia_lda_entropy,BCI_IIIa,l1b,v1_lda,entropy,0.0714285714285714,0.05,-1.1473637753320194,0.0,1.0,3
local_iiia_lda_entropy,BCI_IIIa,l1b,v1_lda,entropy,0.119047619047619,0.1,-1.2038109948845117,0.0,1.0,5
local_iiia_lda_entropy,BCI_IIIa,l1b,v1_lda,entropy,0.1666666666666666,0.15,-1.227608745704892,0.2857142857142857,0.7142857142857143,7
local_iiia_lda_entropy,BCI_IIIa,l1b,v1_lda,entropy,0.2142857142857142,0.2,-1.2349321938017823,0.4444444444444444,0.5555555555555556,9
local_iiia_lda_entropy,BCI_IIIa,l1b,v1_lda,entropy,0.2619047619047619,0.25,-1.2665023564098183,0.3636363636363636,0.6363636363636364,11
local_iiia_lda_entropy,BCI_IIIa,l1b,v1_lda,entropy,0.3095238095238095,0.3,-1.2708723338982064,0.3846153846153846,0.6153846153846154,13
local_iiia_lda_entropy,BCI_IIIa,l1b,v1_lda,entropy,0.3571428571428571,0.35,-1.2740324070614235,0.4,0.6,15
local_iiia_lda_entropy,BCI_IIIa,l1b,v1_lda,entropy,0.4047619047619047,0.4,-1.2825881298255817,0.3529411764705882,0.6470588235294118,17
local_iiia_lda_entropy,BCI_IIIa,l1b,v1_lda,entropy,0.4523809523809524,0.45,-1.2921680839420002,0.368421052631579,0.631578947368421,19
local_iiia_lda_entropy,BCI_IIIa,l1b,v1_lda,entropy,0.5,0.5,-1.3023610851150824,0.3809523809523809,0.6190476190476191,21
local_iiia_lda_entropy,BCI_IIIa,l1b,v1_lda,entropy,0.5714285714285714,0.55,-1.305655423554026,0.3333333333333333,0.6666666666666666,24
local_iiia_lda_entropy,BCI_IIIa,l1b,v1_lda,entropy,0.6190476190476191,0.6,-1.3118864497434504,0.3461538461538461,0.6538461538461539,26
local_iiia_lda_entropy,BCI_IIIa,l1b,v1_lda,entropy,0.6666666666666666,0.65,-1.312328936485584,0.3214285714285714,0.6785714285714286,28
local_iiia_lda_entropy,BCI_IIIa,l1b,v1_lda,entropy,0.7142857142857143,0.7,-1.3409879353061878,0.3666666666666667,0.6333333333333333,30
local_iiia_lda_entropy,BCI_IIIa,l1b,v1_lda,entropy,0.7619047619047619,0.75,-1.3480957038505008,0.40625,0.59375,32
local_iiia_lda_entropy,BCI_IIIa,l1b,v1_lda,entropy,0.8095238095238095,0.8,-1.351965927340717,0.4411764705882353,0.5588235294117647,34
local_iiia_lda_entropy,BCI_IIIa,l1b,v1_lda,entropy,0.8571428571428571,0.85,-1.3593939652984366,0.4444444444444444,0.5555555555555556,36
local_iiia_lda_entropy,BCI_IIIa,l1b,v1_lda,entropy,0.9047619047619048,0.9,-1.37223124749207,0.4736842105263158,0.5263157894736842,38
local_iiia_lda_entropy,BCI_IIIa,l1b,v1_lda,entropy,0.9523809523809524,0.95,-1.3745259628399276,0.5,0.5,40
local_iiia_lda_entropy,BCI_IIIa,l1b,v1_lda,entropy,1.0,1.0,-1.3836205976592373,0.5,0.5,42
